Employee_ID,Department,Job_Level,Years_of_Experience,Training_Hours,Monthly_Working_Hours,Projects_Completed,Average_Task_Completion_Time,Absence_Days,Engagement_Score,Monthly_Productivity_Score
EMP00001,Operations,Junior,0.0,58.3,191.8,2,12.19,6,38.7,32.85
EMP00002,HR,Senior,9.8,43.1,179.9,6,6.85,4,56.0,67.29
EMP00003,Operations,Senior,5.0,35.2,173.7,6,10.83,5,67.5,67.08
EMP00004,Finance,Junior,2.9,42.6,199.3,4,9.33,1,57.5,52.98
EMP00005,Sales,Junior,2.9,35.0,175.2,6,7.21,2,69.0,57.33
EMP00006,Customer_Support,Mid,6.3,41.1,188.2,7,9.88,6,44.1,61.31
EMP00007,Operations,Senior,12.5,59.5,202.4,5,8.86,3,70.3,63.22
EMP00008,Operations,Senior,8.4,46.7,186.7,5,8.98,3,39.7,54.56
EMP00009,Sales,Senior,15.0,57.4,161.0,2,6.88,3,77.8,69.67
EMP00010,HR,Mid,3.1,54.7,157.7,8,8.05,3,60.3,54.42
EMP00011,Engineering,Junior,0.9,41.8,170.8,1,9.28,3,88.4,51.04
EMP00012,Customer_Support,Mid,3.4,22.3,184.9,3,9.56,7,47.9,39.73
EMP00013,Finance,Junior,2.1,37.1,181.2,2,9.47,3,86.1,57.41
EMP00014,Operations,Senior,13.4,32.9,205.9,10,6.11,3,48.5,68.39
EMP00015,HR,Junior,1.2,39.8,181.1,1,9.62,4,44.5,38.16
EMP00016,Engineering,Junior,1.8,65.7,170.4,2,8.73,7,70.5,57.29
EMP00017,Marketing,Mid,4.3,61.6,159.1,5,8.26,1,78.8,68.1
EMP00018,Sales,Mid,7.4,80.2,191.5,5,9.78,4,71.5,54.02
EMP00019,Operations,Senior,7.5,31.5,174.9,7,6.74,7,74.0,66.73
EMP00020,Marketing,Mid,7.9,71.0,153.9,8,9.15,1,73.7,72.86
EMP00021,Finance,Lead,8.0,62.9,175.3,10,7.22,1,53.2,76.3
EMP00022,Engineering,Lead,8.0,35.5,161.1,10,8.36,5,79.2,82.07
EMP00023,Customer_Support,Lead,14.0,46.1,169.0,11,5.84,5,59.1,80.69
EMP00024,Operations,Senior,11.2,61.6,175.1,5,7.57,6,51.5,62.11
EMP00025,Operations,Senior,7.2,42.1,162.3,9,7.24,2,62.2,67.73
EMP00026,Engineering,Senior,9.0,41.0,168.2,5,8.6,4,69.3,68.54
EMP00027,HR,Mid,6.1,37.6,164.6,5,6.39,4,83.0,54.4
EMP00028,Sales,Mid,5.2,11.6,165.0,4,8.93,4,55.8,55.09
EMP00029,Sales,Mid,7.2,48.1,160.9,3,6.94,3,55.3,60.27
EMP00030,Finance,Junior,0.1,40.4,168.2,3,9.21,4,54.6,51.81
EMP00031,Finance,Junior,2.2,34.9,162.5,4,9.36,2,85.8,59.02
EMP00032,Customer_Support,Lead,16.0,45.3,183.2,5,7.85,5,50.3,66.93
EMP00033,Engineering,Junior,0.0,29.2,177.8,3,7.77,0,85.6,61.1
EMP00034,Engineering,Mid,4.0,59.1,191.7,3,6.6,1,57.6,63.0
EMP00035,HR,Senior,11.0,50.3,201.4,6,9.46,2,72.1,75.52
EMP00036,Engineering,Junior,0.0,45.0,184.5,7,9.65,2,73.2,53.86
EMP00037,Sales,Lead,13.7,38.1,181.3,9,4.72,4,76.8,83.62
EMP00038,HR,Junior,1.4,33.1,185.4,2,9.35,2,79.1,47.79
EMP00039,Engineering,Lead,16.8,50.3,181.5,13,6.06,4,71.0,87.08
EMP00040,Finance,Senior,12.3,45.8,175.7,7,6.9,2,56.6,69.79
EMP00041,HR,Junior,1.2,54.9,174.6,4,10.28,2,85.5,51.64
EMP00042,Operations,Junior,1.8,58.5,160.7,3,7.5,4,52.4,41.19
EMP00043,Finance,Mid,3.7,37.4,186.7,3,9.32,6,35.8,37.25
EMP00044,Engineering,Mid,4.2,24.2,174.6,8,8.53,4,47.7,56.57
EMP00045,Operations,Junior,0.7,65.4,195.3,6,9.93,3,40.6,49.84
EMP00046,Operations,Manager,15.3,45.3,187.8,5,7.82,2,67.1,77.1
EMP00047,Engineering,Junior,3.8,43.0,166.2,3,11.0,4,96.6,69.92
EMP00048,Engineering,Lead,12.9,45.1,192.5,6,9.48,7,45.5,63.96
EMP00049,Finance,Junior,1.7,69.9,139.1,6,7.2,1,53.6,60.79
EMP00050,Sales,Manager,20.4,52.1,202.0,6,6.36,4,63.1,79.65
EMP00051,Engineering,Junior,1.8,42.5,156.3,4,10.94,2,88.5,60.49
EMP00052,Sales,Mid,2.5,24.7,181.9,4,8.59,3,52.5,50.85
EMP00053,Operations,Mid,4.1,27.2,181.0,6,9.14,1,67.1,61.45
EMP00054,Finance,Junior,1.7,46.3,190.7,5,11.73,6,60.0,51.64
EMP00055,Finance,Lead,11.2,60.9,170.4,6,7.2,2,94.3,81.65
EMP00056,Operations,Junior,2.7,40.1,145.0,4,11.54,2,61.7,48.54
EMP00057,HR,Mid,2.3,38.1,170.4,2,9.36,5,70.3,47.8
EMP00058,Marketing,Mid,6.6,37.7,171.9,5,9.47,1,65.0,61.95
EMP00059,Sales,Senior,11.7,35.0,146.3,3,9.06,4,57.0,56.04
EMP00060,Sales,Junior,2.2,50.8,175.6,2,8.26,2,73.4,43.94
EMP00061,Finance,Junior,2.0,31.8,159.9,2,10.42,3,49.1,41.37
EMP00062,HR,Junior,2.4,67.3,184.1,5,9.09,4,42.0,52.51
EMP00063,Marketing,Mid,5.6,44.8,171.6,6,10.67,2,62.2,57.78
EMP00064,Operations,Junior,0.0,88.2,202.5,5,9.68,1,69.8,59.19
EMP00065,Marketing,Manager,10.0,17.4,171.4,5,6.86,3,57.0,64.35
EMP00066,Marketing,Mid,7.4,70.8,181.0,1,7.56,1,66.2,58.25
EMP00067,Marketing,Senior,9.2,63.9,172.0,9,8.06,5,49.4,71.7
EMP00068,Engineering,Mid,2.0,40.8,152.3,2,10.26,2,82.8,56.49
EMP00069,Sales,Junior,0.0,45.1,172.1,8,10.23,1,69.8,52.15
EMP00070,HR,Mid,8.0,33.2,185.5,3,11.76,2,66.2,43.45
EMP00071,Engineering,Junior,1.4,37.4,183.4,3,9.32,1,72.0,52.52
EMP00072,HR,Mid,2.0,47.0,170.9,6,8.29,2,49.3,49.36
EMP00073,Operations,Mid,2.1,47.3,154.6,3,9.32,2,43.8,38.47
EMP00074,Engineering,Mid,3.3,23.0,184.0,8,9.82,4,68.5,58.49
EMP00075,Sales,Manager,18.5,69.4,180.9,8,4.37,2,68.2,82.25
EMP00076,Engineering,Junior,1.3,47.1,186.8,0,11.8,1,76.8,46.15
EMP00077,Engineering,Mid,7.1,48.0,171.2,3,8.45,1,65.6,67.91
EMP00078,Finance,Junior,2.2,41.6,151.4,2,12.22,3,71.9,40.18
EMP00079,Marketing,Mid,5.0,43.0,182.5,2,10.97,2,81.0,59.78
EMP00080,Operations,Senior,16.0,37.6,174.9,4,8.14,4,58.9,64.38
EMP00081,Finance,Junior,1.5,51.0,194.5,3,9.91,1,66.7,56.33
EMP00082,HR,Mid,4.0,46.8,175.4,8,7.82,3,63.5,62.78
EMP00083,Operations,Mid,2.9,59.1,174.4,3,8.51,4,58.5,57.46
EMP00084,Sales,Junior,2.2,54.4,180.8,5,8.34,4,64.0,53.71
EMP00085,Sales,Manager,24.7,45.6,166.6,10,3.73,4,82.4,93.28
EMP00086,Sales,Mid,2.0,46.9,166.0,4,9.92,3,73.0,60.42
EMP00087,Finance,Senior,7.9,46.5,173.6,4,8.8,5,72.9,63.5
EMP00088,HR,Mid,6.8,43.4,162.1,2,6.67,3,60.6,47.3
EMP00089,Sales,Manager,14.8,50.0,171.8,8,5.99,9,51.2,73.89
EMP00090,Marketing,Junior,0.0,55.8,202.2,3,9.02,9,68.7,54.59
EMP00091,Sales,Mid,6.1,44.6,189.6,4,10.99,1,76.9,60.55
EMP00092,Finance,Senior,5.0,40.2,179.3,6,5.81,2,83.7,72.03
EMP00093,HR,Mid,7.2,45.4,196.7,3,11.48,7,36.6,44.35
EMP00094,Engineering,Mid,5.3,47.5,163.5,3,9.87,0,99.4,72.54
EMP00095,Engineering,Manager,12.0,34.2,209.9,5,3.48,3,75.0,78.29
EMP00096,Marketing,Mid,2.0,38.6,168.6,2,8.62,3,74.9,45.56
EMP00097,Engineering,Senior,5.0,54.5,203.1,4,9.37,1,49.1,60.48
EMP00098,Sales,Senior,13.4,55.4,203.0,4,6.62,6,59.2,69.28
EMP00099,Sales,Lead,11.8,65.8,150.5,4,7.07,5,71.9,64.42
EMP00100,Customer_Support,Lead,13.2,29.9,195.5,7,10.44,4,43.9,54.99
EMP00101,Customer_Support,Mid,2.0,57.0,171.0,5,8.93,5,23.3,42.97
EMP00102,Finance,Junior,1.5,22.4,167.0,4,8.43,5,67.0,49.68
EMP00103,Engineering,Junior,0.0,63.4,182.3,3,11.43,2,69.4,50.96
EMP00104,Customer_Support,Senior,8.8,21.2,160.9,7,6.25,2,75.3,73.45
EMP00105,Operations,Lead,17.4,24.2,182.0,5,7.65,3,58.1,64.11
EMP00106,Finance,Mid,5.4,52.0,161.8,5,9.86,5,62.0,58.76
EMP00107,HR,Junior,2.0,41.7,177.5,0,12.43,2,74.4,48.2
EMP00108,Engineering,Junior,0.0,39.6,193.7,7,10.73,2,82.4,62.29
EMP00109,Sales,Mid,3.8,39.7,180.4,2,8.94,5,53.5,50.73
EMP00110,Customer_Support,Lead,12.1,49.9,170.0,10,7.37,1,69.3,81.58
EMP00111,HR,Junior,1.9,37.0,182.6,2,12.88,3,59.7,42.67
EMP00112,Engineering,Senior,9.5,42.2,155.3,5,8.21,1,70.2,67.95
EMP00113,Engineering,Senior,7.4,37.3,163.3,8,8.11,6,78.0,79.25
EMP00114,Marketing,Manager,18.3,47.3,169.0,10,6.1,0,74.1,93.66
EMP00115,Sales,Junior,0.0,63.7,186.0,3,10.82,6,65.8,50.47
EMP00116,Operations,Manager,17.3,7.5,180.7,6,5.8,7,47.0,65.72
EMP00117,Finance,Senior,7.6,58.7,182.5,1,6.94,3,40.6,51.92
EMP00118,Finance,Senior,6.6,33.8,174.6,7,7.59,2,60.7,57.75
EMP00119,HR,Junior,1.0,54.5,164.0,1,8.77,1,77.7,54.13
EMP00120,Marketing,Mid,3.4,32.9,195.8,6,9.11,5,69.4,57.64
EMP00121,Marketing,Senior,10.4,48.6,165.2,6,7.13,4,66.9,69.31
EMP00122,Finance,Mid,2.3,85.3,180.9,7,9.23,3,62.9,75.9
EMP00123,Sales,Mid,6.4,48.9,173.4,4,8.69,4,65.7,62.32
EMP00124,HR,Mid,5.4,40.1,182.9,3,9.41,1,54.1,53.94
EMP00125,Sales,Mid,5.5,43.5,166.5,3,7.68,5,71.4,55.6
EMP00126,HR,Junior,2.6,29.0,189.7,3,12.17,2,76.2,53.1
EMP00127,Engineering,Mid,3.2,68.7,194.3,3,11.1,1,65.7,63.73
EMP00128,Sales,Junior,1.8,55.7,188.9,1,10.65,1,67.2,45.87
EMP00129,Sales,Lead,12.8,23.3,177.2,9,8.34,4,41.4,63.73
EMP00130,Marketing,Manager,16.0,19.8,168.9,12,4.92,4,66.2,86.54
EMP00131,Sales,Junior,0.0,51.2,214.5,4,9.33,2,60.4,47.45
EMP00132,Customer_Support,Junior,0.7,65.0,161.1,6,9.39,2,73.1,53.34
EMP00133,Marketing,Junior,0.0,33.7,187.3,6,8.16,8,61.6,45.99
EMP00134,Engineering,Mid,4.9,63.7,179.7,5,8.58,6,80.4,74.97
EMP00135,Marketing,Lead,16.3,37.6,174.1,11,10.0,2,59.3,71.41
EMP00136,Sales,Mid,2.0,33.0,177.6,4,9.67,3,34.6,37.09
EMP00137,Customer_Support,Junior,0.0,44.0,167.9,2,12.29,7,55.3,26.27
EMP00138,HR,Junior,1.6,77.2,181.0,4,11.98,0,68.4,56.87
EMP00139,Operations,Junior,2.2,30.2,179.4,3,8.52,6,61.8,41.31
EMP00140,Sales,Lead,13.2,28.0,212.5,8,7.3,0,64.0,78.94
EMP00141,HR,Senior,8.7,57.3,190.0,6,7.68,1,59.9,66.97
EMP00142,HR,Mid,4.2,50.2,182.2,3,10.52,1,62.1,59.15
EMP00143,Customer_Support,Mid,2.0,35.1,183.1,9,10.18,1,44.5,50.11
EMP00144,Marketing,Manager,13.1,49.5,200.8,11,9.25,3,40.0,74.73
EMP00145,HR,Mid,2.0,62.2,161.4,4,9.81,3,64.7,59.65
EMP00146,Engineering,Lead,18.5,44.0,172.4,9,7.67,5,61.1,85.98
EMP00147,Engineering,Lead,10.3,29.8,148.3,9,6.76,4,83.0,86.63
EMP00148,Marketing,Mid,3.9,40.1,182.8,5,7.2,2,37.8,54.78
EMP00149,HR,Lead,9.5,43.3,186.9,14,8.71,4,69.5,81.88
EMP00150,Sales,Junior,2.0,31.3,161.1,5,10.08,2,87.5,59.36
EMP00151,Operations,Senior,10.3,62.9,195.1,7,8.78,3,57.8,60.6
EMP00152,Operations,Junior,2.2,76.5,164.9,1,11.82,6,60.0,40.56
EMP00153,Sales,Mid,8.0,43.5,170.2,5,9.15,3,67.1,65.32
EMP00154,Marketing,Junior,1.5,56.3,176.7,3,11.1,4,70.1,54.59
EMP00155,Sales,Junior,1.2,68.8,197.3,3,11.41,5,57.1,40.57
EMP00156,Finance,Junior,0.2,80.3,163.0,4,9.92,4,50.9,51.3
EMP00157,Engineering,Mid,2.0,70.4,179.1,4,8.68,3,77.8,61.29
EMP00158,Finance,Mid,2.0,21.0,185.8,6,12.29,1,40.1,46.41
EMP00159,Finance,Mid,4.9,42.3,183.0,10,9.65,3,73.0,76.05
EMP00160,Operations,Mid,8.0,54.5,183.5,7,9.08,3,55.3,51.65
EMP00161,Sales,Manager,21.6,27.6,185.7,10,4.35,2,62.0,80.03
EMP00162,Customer_Support,Manager,22.0,61.7,167.2,14,6.02,1,51.7,90.38
EMP00163,Engineering,Junior,1.0,75.4,198.6,8,10.46,2,87.2,73.0
EMP00164,Sales,Mid,4.9,34.8,173.4,3,7.8,2,65.0,53.38
EMP00165,Marketing,Senior,10.0,40.6,171.6,6,9.08,2,60.1,69.68
EMP00166,Engineering,Senior,7.7,31.8,193.9,5,8.01,4,65.8,65.37
EMP00167,Operations,Mid,5.9,44.1,166.2,5,5.88,3,58.2,59.37
EMP00168,Operations,Senior,5.0,39.6,179.5,5,8.02,0,88.8,69.47
EMP00169,Engineering,Junior,0.0,65.3,164.9,5,11.51,1,54.2,51.53
EMP00170,Customer_Support,Mid,3.8,33.7,210.3,4,8.01,3,71.0,60.47
EMP00171,Engineering,Senior,5.0,4.0,207.3,7,12.14,2,76.8,62.09
EMP00172,Marketing,Senior,16.0,18.9,173.5,7,7.88,0,82.5,82.23
EMP00173,Engineering,Lead,15.2,23.6,182.3,8,10.1,0,77.5,84.8
EMP00174,Customer_Support,Junior,0.5,41.2,175.1,4,8.54,0,58.0,53.22
EMP00175,Sales,Junior,1.6,53.8,170.1,6,8.23,1,74.2,69.59
EMP00176,Sales,Junior,1.4,34.8,176.7,3,9.62,3,64.8,49.22
EMP00177,HR,Junior,4.0,32.8,174.4,4,7.81,3,75.1,56.2
EMP00178,Customer_Support,Junior,0.0,37.1,153.7,1,9.51,0,75.1,48.63
EMP00179,Operations,Mid,3.5,30.3,178.7,3,11.53,3,61.1,45.55
EMP00180,Finance,Mid,4.7,38.7,174.4,0,8.71,2,57.9,49.24
EMP00181,Operations,Senior,13.4,34.0,179.4,5,5.35,3,52.3,59.86
EMP00182,Operations,Mid,3.2,57.3,173.9,0,9.77,4,65.4,53.74
EMP00183,Marketing,Junior,1.3,36.2,170.0,0,11.82,5,53.5,32.41
EMP00184,Engineering,Senior,13.0,37.6,187.2,7,5.01,5,65.8,71.9
EMP00185,Operations,Junior,0.0,42.8,182.5,1,8.26,6,48.4,37.86
EMP00186,Finance,Lead,15.6,51.1,194.5,4,6.99,4,69.1,69.25
EMP00187,Engineering,Junior,1.0,48.7,181.9,2,8.33,0,61.0,50.6
EMP00188,Sales,Mid,5.9,62.8,172.2,10,8.74,1,46.6,61.63
EMP00189,Finance,Lead,10.5,21.7,183.6,9,9.65,1,49.7,72.51
EMP00190,Engineering,Mid,2.0,46.3,147.3,3,8.99,6,63.1,47.15
EMP00191,Customer_Support,Senior,7.0,34.4,204.5,1,9.11,7,52.2,45.51
EMP00192,Engineering,Senior,9.0,24.6,178.8,5,8.93,2,73.0,69.39
EMP00193,Sales,Junior,1.1,50.0,205.6,2,8.89,5,60.1,48.78
EMP00194,Operations,Senior,6.6,69.0,162.8,9,7.05,3,64.4,82.53
EMP00195,Sales,Lead,19.4,26.2,159.4,8,7.78,3,67.4,82.06
EMP00196,Sales,Manager,13.7,33.1,180.1,10,6.9,1,70.9,89.61
EMP00197,Marketing,Mid,6.3,27.3,180.1,7,9.21,5,41.1,45.64
EMP00198,Operations,Mid,4.6,25.1,179.7,4,9.11,3,46.5,48.91
EMP00199,Engineering,Senior,5.1,31.2,177.6,6,8.56,4,76.7,71.35
EMP00200,Engineering,Mid,4.1,40.3,166.2,3,9.5,3,72.5,53.38
EMP00201,Operations,Junior,2.5,44.9,154.2,6,8.24,3,71.7,54.87
EMP00202,Customer_Support,Junior,1.0,47.6,179.0,1,10.56,6,39.5,37.66
EMP00203,Marketing,Junior,1.3,26.3,157.0,7,8.57,5,58.3,55.55
EMP00204,Sales,Mid,2.0,37.6,155.7,1,12.78,6,58.4,45.59
EMP00205,Sales,Junior,1.0,58.5,169.7,4,10.87,5,64.0,48.68
EMP00206,Engineering,Junior,0.0,30.6,181.0,4,10.55,2,70.4,51.18
EMP00207,Sales,Junior,0.7,45.7,202.8,3,8.56,2,67.6,54.36
EMP00208,Finance,Manager,14.4,39.4,188.7,7,8.28,1,61.6,77.84
EMP00209,Sales,Junior,1.0,39.3,195.1,4,9.35,1,78.5,57.51
EMP00210,Marketing,Junior,1.6,56.1,184.2,3,10.77,4,84.3,47.03
EMP00211,Finance,Mid,2.5,24.2,180.1,3,8.51,5,49.6,48.1
EMP00212,Marketing,Junior,2.2,64.3,210.1,3,7.16,3,64.5,58.09
EMP00213,Engineering,Manager,19.7,40.5,156.5,4,8.15,1,79.6,81.44
EMP00214,Operations,Lead,21.7,39.8,169.2,3,6.87,5,67.0,69.19
EMP00215,Finance,Mid,6.9,63.9,170.3,2,8.29,8,58.1,53.02
EMP00216,Finance,Mid,4.1,42.1,187.5,3,11.98,2,66.1,49.88
EMP00217,Sales,Mid,5.1,37.7,161.3,2,9.06,5,43.0,47.29
EMP00218,Sales,Junior,1.2,71.6,185.7,2,11.68,1,61.8,46.27
EMP00219,Customer_Support,Junior,1.2,78.6,183.1,2,7.7,6,40.5,31.13
EMP00220,Engineering,Junior,0.0,40.6,186.4,0,9.69,4,76.1,47.24
EMP00221,Engineering,Junior,2.1,49.3,186.1,6,9.45,1,56.6,54.23
EMP00222,HR,Mid,2.7,62.7,196.5,4,8.04,0,68.0,59.61
EMP00223,Finance,Junior,0.7,49.8,174.3,4,8.81,5,66.8,49.92
EMP00224,Customer_Support,Junior,2.4,59.9,182.4,6,10.02,2,58.9,52.26
EMP00225,Engineering,Mid,4.4,58.7,164.7,9,8.94,3,62.4,68.9
EMP00226,Customer_Support,Mid,2.0,38.6,161.5,7,9.25,6,55.5,48.23
EMP00227,Sales,Junior,3.1,57.3,199.7,3,9.0,3,76.2,55.77
EMP00228,Marketing,Junior,1.3,50.9,163.6,4,11.4,7,58.9,48.52
EMP00229,Marketing,Junior,0.3,32.7,184.0,2,8.37,3,64.3,46.32
EMP00230,Sales,Junior,1.5,36.2,182.4,3,10.02,4,55.3,46.88
EMP00231,Sales,Lead,11.5,29.2,191.4,7,6.86,2,74.2,80.67
EMP00232,HR,Lead,19.9,52.9,151.8,9,5.57,2,66.9,78.81
EMP00233,Customer_Support,Mid,4.7,61.4,187.5,2,6.09,4,48.8,52.5
EMP00234,Marketing,Mid,5.2,58.2,174.2,5,9.02,2,64.1,69.52
EMP00235,Customer_Support,Senior,7.2,49.6,166.6,7,7.58,4,55.1,62.86
EMP00236,Operations,Senior,13.0,49.2,171.5,4,8.02,4,76.7,63.1
EMP00237,HR,Junior,1.9,55.2,189.5,2,14.19,5,65.5,45.34
EMP00238,Operations,Junior,1.1,57.1,185.2,0,10.24,2,43.4,37.12
EMP00239,Sales,Mid,5.1,54.1,173.2,5,9.74,3,68.0,52.48
EMP00240,Sales,Mid,2.7,25.9,159.1,4,8.33,3,83.4,57.28
EMP00241,Operations,Junior,0.8,39.1,160.0,4,10.28,1,74.4,45.96
EMP00242,Operations,Junior,2.2,35.6,185.5,2,9.68,4,46.8,32.69
EMP00243,Engineering,Mid,3.8,63.6,157.1,8,8.11,8,66.8,69.66
EMP00244,Marketing,Junior,2.1,75.8,173.3,5,8.58,2,63.6,47.18
EMP00245,Marketing,Mid,5.6,14.5,212.5,4,9.68,4,63.8,60.51
EMP00246,Operations,Senior,11.5,66.5,181.4,10,6.9,5,64.6,77.33
EMP00247,Marketing,Mid,4.1,48.3,185.4,1,7.91,1,59.9,60.05
EMP00248,HR,Junior,1.1,66.2,160.1,4,11.84,4,55.0,53.3
EMP00249,Engineering,Junior,0.0,58.6,157.8,3,12.29,3,81.4,59.78
EMP00250,HR,Lead,8.0,60.6,186.1,4,6.68,9,52.5,59.33
EMP00251,Finance,Mid,3.9,50.1,171.0,4,10.73,4,53.4,49.12
EMP00252,Operations,Junior,2.0,30.5,191.4,4,7.57,5,46.4,45.06
EMP00253,HR,Junior,0.6,49.4,177.0,3,8.73,5,73.3,55.76
EMP00254,Engineering,Lead,18.3,46.7,215.0,9,4.84,2,71.3,98.72
EMP00255,Engineering,Senior,6.1,39.8,168.4,10,7.89,1,80.6,75.0
EMP00256,Finance,Lead,10.6,48.9,180.4,7,7.61,5,53.6,73.25
EMP00257,Operations,Senior,8.1,42.0,163.9,8,6.56,6,45.0,60.68
EMP00258,Sales,Mid,8.0,38.1,190.8,3,8.07,3,56.7,54.32
EMP00259,Sales,Mid,2.6,30.7,182.6,4,8.11,2,59.8,56.05
EMP00260,Marketing,Junior,1.8,45.1,162.9,3,10.22,3,66.5,37.79
EMP00261,Sales,Senior,11.2,46.1,172.0,7,8.04,4,41.8,60.47
EMP00262,Operations,Mid,6.7,17.6,195.6,9,10.8,1,65.7,55.88
EMP00263,Engineering,Junior,1.7,39.3,193.9,6,7.46,2,59.3,62.51
EMP00264,Sales,Lead,17.9,9.0,156.6,7,8.18,7,54.2,66.03
EMP00265,Customer_Support,Mid,2.2,37.7,169.9,5,11.08,2,72.1,61.74
EMP00266,Sales,Junior,0.0,69.0,201.9,0,9.39,5,35.8,43.36
EMP00267,Engineering,Mid,5.8,29.2,174.1,5,8.47,1,73.9,62.17
EMP00268,Sales,Lead,10.2,49.5,179.0,5,8.13,3,65.8,69.11
EMP00269,Sales,Lead,13.7,81.7,190.8,5,8.59,2,52.2,76.71
EMP00270,Sales,Mid,5.9,68.8,157.7,5,6.1,1,56.6,63.31
EMP00271,Sales,Manager,14.2,37.0,163.2,11,6.11,2,76.7,89.09
EMP00272,Sales,Lead,10.8,51.9,171.9,6,8.19,1,85.6,84.17
EMP00273,Sales,Lead,13.1,18.5,193.3,14,7.36,2,74.8,92.16
EMP00274,Marketing,Lead,21.3,15.4,190.7,12,6.15,3,86.6,93.15
EMP00275,Finance,Mid,3.5,47.4,186.5,6,7.02,2,54.7,65.79
EMP00276,Engineering,Senior,7.3,49.0,174.5,5,7.73,5,51.0,66.67
EMP00277,Engineering,Mid,2.1,63.4,192.2,6,8.96,2,69.4,73.94
EMP00278,Marketing,Senior,9.2,34.5,174.3,3,6.91,2,73.7,65.85
EMP00279,Operations,Junior,1.6,53.9,184.5,3,11.48,2,37.7,45.44
EMP00280,Operations,Senior,10.2,45.4,189.2,6,7.5,5,48.9,58.91
EMP00281,Sales,Manager,19.9,33.0,200.2,9,4.76,2,52.2,83.35
EMP00282,Engineering,Mid,2.0,45.9,175.6,5,12.26,3,74.3,63.68
EMP00283,Engineering,Manager,26.3,22.2,171.3,7,5.69,0,72.7,93.2
EMP00284,Engineering,Mid,3.3,51.2,194.5,5,9.56,5,60.7,60.88
EMP00285,Marketing,Junior,2.1,53.9,195.6,5,9.67,2,66.2,56.19
EMP00286,HR,Junior,2.3,44.4,168.8,3,8.88,1,52.3,50.67
EMP00287,Sales,Senior,10.2,53.0,160.9,2,6.85,3,56.9,61.09
EMP00288,Engineering,Mid,5.6,62.4,193.5,5,7.37,4,54.8,63.51
EMP00289,Marketing,Mid,2.3,57.2,153.4,5,9.01,1,62.2,61.19
EMP00290,Sales,Senior,9.8,27.4,152.7,8,5.96,6,52.4,56.48
EMP00291,Operations,Mid,4.7,48.5,172.6,7,10.4,2,68.3,62.21
EMP00292,Sales,Mid,2.0,33.3,176.4,5,8.58,2,61.7,47.08
EMP00293,Customer_Support,Lead,13.6,40.4,160.2,12,8.39,1,55.3,72.26
EMP00294,Sales,Senior,7.0,29.4,178.1,3,7.3,0,83.2,67.42
EMP00295,Operations,Senior,7.3,62.2,178.7,6,8.97,0,64.6,66.04
EMP00296,Customer_Support,Mid,4.0,58.7,168.3,6,7.27,2,53.6,50.04
EMP00297,Customer_Support,Manager,18.7,52.3,203.5,10,5.24,2,51.0,73.85
EMP00298,Operations,Junior,1.6,66.8,181.0,4,9.2,6,45.8,43.71
EMP00299,Operations,Junior,0.0,46.9,190.8,4,10.5,2,59.2,39.36
EMP00300,Finance,Junior,3.0,44.6,154.6,5,7.97,4,66.7,49.84
EMP00301,Operations,Mid,2.2,73.1,154.5,6,11.52,2,37.0,45.61
EMP00302,Sales,Senior,5.6,40.5,181.4,7,8.63,8,45.6,59.42
EMP00303,Marketing,Senior,5.0,22.7,201.0,4,8.66,4,57.8,51.4
EMP00304,Marketing,Mid,4.3,62.1,160.9,0,7.16,3,50.8,39.58
EMP00305,Operations,Junior,2.0,53.2,177.0,4,10.3,1,60.5,55.75
EMP00306,HR,Senior,8.7,65.6,157.7,1,9.76,3,68.2,61.69
EMP00307,Engineering,Manager,12.9,38.6,164.9,7,5.64,2,68.5,83.14
EMP00308,Marketing,Junior,0.1,50.7,177.7,5,9.29,2,70.6,55.44
EMP00309,Engineering,Junior,0.6,73.9,168.1,0,9.7,0,63.0,60.59
EMP00310,Sales,Junior,1.8,27.9,156.7,0,9.45,4,61.4,41.32
EMP00311,HR,Mid,3.5,38.2,156.4,4,7.97,5,54.0,50.97
EMP00312,HR,Junior,2.3,37.7,148.6,4,10.38,1,69.4,49.93
EMP00313,Engineering,Mid,2.1,14.1,181.7,4,11.15,3,70.9,57.05
EMP00314,Engineering,Senior,11.4,56.1,183.4,7,7.75,1,55.6,69.23
EMP00315,Engineering,Mid,3.2,38.6,183.3,4,8.08,5,68.1,64.66
EMP00316,Engineering,Mid,2.6,60.6,162.3,4,7.87,5,69.5,67.19
EMP00317,Engineering,Junior,0.9,56.8,189.1,3,13.41,4,73.4,57.84
EMP00318,Finance,Lead,22.4,48.1,184.9,7,5.35,2,66.8,84.07
EMP00319,Engineering,Mid,2.0,40.2,175.1,5,10.22,6,61.3,57.17
EMP00320,Customer_Support,Mid,6.7,35.5,172.8,4,6.53,5,67.2,50.81
EMP00321,Customer_Support,Junior,2.5,52.3,165.9,5,8.74,2,64.3,47.18
EMP00322,HR,Senior,5.0,56.8,177.7,4,10.26,0,57.3,61.81
EMP00323,Engineering,Lead,12.5,38.2,197.6,7,6.11,4,56.3,79.39
EMP00324,Marketing,Junior,0.0,40.5,190.9,4,8.99,9,56.2,37.76
EMP00325,Operations,Junior,0.2,33.0,171.4,2,10.62,2,42.3,31.1
EMP00326,Finance,Junior,0.0,54.1,182.5,0,9.22,3,65.5,42.88
EMP00327,Operations,Senior,9.8,34.7,159.6,3,8.84,2,74.2,62.54
EMP00328,Marketing,Manager,21.0,33.9,185.2,5,4.88,2,81.1,82.77
EMP00329,Marketing,Mid,3.8,43.4,163.4,0,9.12,4,50.9,39.27
EMP00330,Engineering,Mid,2.0,40.3,184.7,7,10.43,0,79.4,66.15
EMP00331,Finance,Senior,11.4,47.4,215.0,4,7.21,7,64.0,64.44
EMP00332,Engineering,Senior,5.0,51.3,167.0,2,6.99,2,41.2,59.92
EMP00333,Finance,Junior,0.4,80.5,215.0,4,9.48,3,59.0,54.19
EMP00334,Operations,Junior,3.3,62.4,181.9,4,8.29,0,54.7,59.1
EMP00335,Sales,Mid,3.3,70.9,164.5,7,8.64,3,76.5,56.28
EMP00336,Marketing,Senior,8.2,30.7,163.9,7,8.31,1,53.5,65.25
EMP00337,Sales,Senior,13.9,19.0,208.1,4,7.51,7,68.8,72.25
EMP00338,Finance,Senior,10.7,42.8,181.9,8,9.22,3,61.7,68.85
EMP00339,Sales,Lead,20.0,51.9,167.1,9,5.2,4,44.7,74.51
EMP00340,Customer_Support,Junior,4.0,61.5,172.2,4,9.56,5,51.4,43.81
EMP00341,Sales,Mid,6.3,65.2,181.0,3,10.83,3,80.4,53.03
EMP00342,Customer_Support,Junior,1.8,13.0,174.9,2,10.35,1,55.9,45.08
EMP00343,Operations,Lead,8.0,57.8,179.8,7,9.3,3,70.9,66.91
EMP00344,Marketing,Mid,3.0,52.0,199.8,5,9.3,3,74.2,65.8
EMP00345,Operations,Junior,0.7,27.8,159.2,7,11.18,4,54.6,47.88
EMP00346,Operations,Junior,1.2,61.9,184.0,1,9.72,3,44.6,43.31
EMP00347,Customer_Support,Senior,5.0,45.5,174.0,3,6.78,5,44.2,46.86
EMP00348,Engineering,Senior,11.0,48.7,168.0,7,8.81,3,87.4,79.76
EMP00349,Marketing,Senior,6.8,58.0,190.0,5,9.01,6,65.8,63.19
EMP00350,Sales,Junior,2.1,57.5,154.5,2,9.91,3,41.2,40.95
EMP00351,Marketing,Lead,12.9,16.9,141.9,7,5.97,0,74.0,64.48
EMP00352,Sales,Senior,11.1,40.9,178.1,8,10.07,5,40.6,60.84
EMP00353,Marketing,Senior,6.9,18.7,173.1,8,9.6,4,54.1,70.41
EMP00354,Marketing,Senior,8.8,52.7,156.1,10,7.33,3,65.0,67.9
EMP00355,HR,Lead,11.9,60.0,151.1,7,9.42,4,96.2,83.85
EMP00356,Marketing,Manager,18.1,16.4,202.0,10,8.13,5,73.8,81.56
EMP00357,Operations,Mid,7.5,36.9,181.5,3,8.47,5,54.2,45.9
EMP00358,Operations,Mid,2.8,33.8,175.3,10,8.21,2,60.3,59.23
EMP00359,HR,Mid,5.5,40.2,205.7,3,9.69,1,77.0,66.03
EMP00360,Marketing,Lead,20.2,45.2,189.3,9,6.0,4,81.1,88.93
EMP00361,Customer_Support,Senior,7.4,36.4,199.8,9,12.18,4,55.0,59.44
EMP00362,Sales,Junior,0.0,60.8,158.5,2,8.71,2,59.4,39.68
EMP00363,Sales,Junior,0.8,67.0,158.0,5,12.23,4,52.0,47.88
EMP00364,Sales,Lead,14.7,55.5,183.6,7,6.47,1,70.0,83.37
EMP00365,Finance,Lead,8.0,22.2,180.8,7,7.65,2,75.3,74.99
EMP00366,HR,Manager,18.2,55.8,192.5,6,5.02,3,42.7,68.89
EMP00367,Operations,Mid,6.6,69.0,152.2,2,9.04,6,55.2,52.0
EMP00368,Finance,Senior,9.0,66.3,184.9,9,6.97,5,48.4,78.35
EMP00369,Engineering,Lead,8.8,36.6,188.8,10,7.54,1,71.8,81.53
EMP00370,Operations,Mid,5.4,35.7,188.1,6,7.28,7,45.1,56.5
EMP00371,Operations,Junior,3.2,36.2,169.3,0,6.91,3,44.2,38.66
EMP00372,Engineering,Manager,21.4,18.5,182.3,11,5.43,2,83.5,95.18
EMP00373,Engineering,Junior,0.2,51.2,164.1,4,11.95,4,68.0,52.67
EMP00374,Engineering,Mid,2.0,59.7,170.9,4,9.86,5,69.3,57.38
EMP00375,Sales,Senior,7.3,62.6,160.4,5,8.18,4,67.2,61.6
EMP00376,Sales,Senior,8.3,35.7,164.4,2,11.94,4,73.6,54.74
EMP00377,Customer_Support,Junior,0.6,50.4,171.6,2,6.81,2,53.0,50.09
EMP00378,HR,Senior,5.5,41.4,168.1,4,9.07,2,61.2,58.45
EMP00379,Engineering,Junior,1.5,41.5,164.4,2,8.7,8,65.3,48.71
EMP00380,Finance,Lead,9.9,50.0,156.8,8,7.76,2,76.0,79.07
EMP00381,Marketing,Junior,1.8,56.4,202.5,2,8.79,1,63.2,59.31
EMP00382,Customer_Support,Senior,10.5,45.1,168.0,2,7.03,4,54.5,51.19
EMP00383,Operations,Senior,9.5,48.4,179.6,5,8.49,4,64.7,65.64
EMP00384,HR,Junior,0.7,60.2,150.4,4,9.78,5,88.0,60.0
EMP00385,Engineering,Junior,1.6,60.1,194.0,5,8.89,1,70.9,61.35
EMP00386,Customer_Support,Senior,5.0,30.4,177.3,4,6.86,5,54.8,59.96
EMP00387,Finance,Junior,2.2,64.4,168.8,5,10.9,0,86.3,67.03
EMP00388,Customer_Support,Junior,3.9,54.8,168.9,6,9.26,1,74.0,62.21
EMP00389,Sales,Mid,2.6,40.5,187.2,3,7.7,3,76.2,51.79
EMP00390,Operations,Manager,22.5,38.5,133.7,6,3.21,3,54.0,74.28
EMP00391,Marketing,Mid,6.8,52.2,163.5,7,9.22,4,56.8,56.9
EMP00392,Sales,Mid,2.9,63.2,173.3,4,8.94,4,40.0,51.47
EMP00393,Marketing,Manager,19.2,19.3,173.2,11,6.28,1,75.6,92.8
EMP00394,Finance,Mid,6.5,66.9,210.1,1,12.42,4,63.9,51.94
EMP00395,Sales,Mid,3.6,47.3,170.3,1,10.41,5,40.4,38.92
EMP00396,HR,Mid,4.8,39.4,188.9,3,9.06,2,80.4,69.49
EMP00397,Operations,Mid,2.0,38.9,200.4,2,7.15,3,56.0,50.9
EMP00398,Engineering,Mid,3.3,32.0,184.4,2,11.6,1,67.4,56.07
EMP00399,HR,Senior,12.0,16.9,165.6,5,7.86,2,47.8,56.96
EMP00400,HR,Junior,1.3,61.2,157.0,1,13.38,2,71.9,50.97
EMP00401,Engineering,Senior,8.5,72.7,185.4,4,7.11,3,76.0,75.45
EMP00402,Customer_Support,Junior,1.5,26.7,198.0,0,8.12,2,57.4,42.43
EMP00403,Operations,Mid,2.7,32.7,182.6,3,11.42,2,55.0,47.21
EMP00404,Sales,Junior,3.3,62.3,192.3,8,10.03,2,93.5,66.6
EMP00405,Customer_Support,Mid,5.0,46.3,211.3,11,10.84,9,43.6,51.4
EMP00406,Operations,Senior,9.5,55.5,186.7,3,6.4,3,51.3,59.28
EMP00407,Engineering,Mid,4.7,45.5,159.6,4,7.41,1,78.5,73.27
EMP00408,Operations,Junior,0.8,42.3,175.7,2,8.6,2,47.8,40.89
EMP00409,Sales,Junior,0.0,47.6,194.2,5,6.26,6,48.9,53.77
EMP00410,Customer_Support,Lead,17.7,4.0,171.5,6,5.89,4,71.6,69.64
EMP00411,Finance,Junior,1.8,33.8,196.1,3,7.28,5,70.3,45.41
EMP00412,Finance,Senior,11.3,57.2,174.1,2,7.97,2,68.8,63.02
EMP00413,Sales,Mid,5.4,64.9,179.7,4,8.91,2,64.2,51.11
EMP00414,Operations,Junior,2.8,72.1,170.1,1,8.5,5,51.7,47.44
EMP00415,Sales,Senior,10.0,49.6,177.2,4,8.76,4,59.0,51.57
EMP00416,Engineering,Mid,3.5,13.2,178.0,3,9.53,2,69.1,56.19
EMP00417,Sales,Junior,1.9,41.5,152.5,4,11.74,3,72.2,45.42
EMP00418,Operations,Manager,18.7,54.9,168.8,11,8.72,3,65.1,80.12
EMP00419,Engineering,Junior,1.4,75.3,157.7,4,10.14,6,58.9,56.63
EMP00420,Customer_Support,Mid,2.6,67.4,169.3,1,10.04,4,67.5,49.02
EMP00421,Finance,Mid,4.9,43.5,163.9,5,9.93,1,42.9,52.37
EMP00422,Sales,Mid,2.4,27.4,189.2,3,12.16,6,58.2,43.8
EMP00423,Sales,Senior,12.5,42.4,189.3,8,5.73,2,48.3,66.8
EMP00424,Sales,Junior,0.0,51.2,182.8,4,9.35,2,51.7,43.38
EMP00425,Marketing,Manager,29.3,58.5,157.3,7,2.72,4,87.1,89.4
EMP00426,Operations,Senior,8.1,46.4,173.6,4,7.43,5,42.4,55.46
EMP00427,Engineering,Manager,25.0,35.3,156.1,9,4.71,5,60.2,88.91
EMP00428,Operations,Lead,17.2,40.1,172.9,7,5.46,3,66.1,81.41
EMP00429,Sales,Manager,23.2,41.0,184.1,13,6.09,1,56.4,91.51
EMP00430,Operations,Senior,12.1,52.4,188.9,12,8.46,1,61.9,74.85
EMP00431,Customer_Support,Mid,6.7,36.1,181.6,3,8.85,4,75.2,55.27
EMP00432,Operations,Mid,4.3,31.1,192.6,5,9.65,0,67.9,60.02
EMP00433,Finance,Senior,9.4,63.6,178.6,4,10.62,2,57.4,66.97
EMP00434,Operations,Mid,3.8,22.4,171.7,8,9.77,0,58.4,55.47
EMP00435,Sales,Senior,10.5,67.6,187.2,5,6.11,3,68.4,75.16
EMP00436,Engineering,Junior,1.4,22.3,187.7,2,8.84,2,77.6,54.33
EMP00437,Sales,Lead,12.8,30.2,167.7,13,6.09,4,62.2,77.36
EMP00438,Marketing,Junior,3.0,65.6,180.3,4,11.71,4,68.3,49.86
EMP00439,Finance,Manager,19.7,35.0,170.9,10,5.29,4,67.3,85.57
EMP00440,Marketing,Junior,0.0,31.3,146.9,4,8.71,1,62.9,49.6
EMP00441,Operations,Junior,1.2,57.4,181.2,3,8.38,1,52.7,53.17
EMP00442,Sales,Lead,11.8,40.0,156.9,8,6.64,8,70.9,80.64
EMP00443,Finance,Lead,16.9,35.8,179.6,3,5.87,5,66.5,70.15
EMP00444,Engineering,Senior,10.2,33.6,153.5,7,6.95,1,45.0,59.9
EMP00445,Engineering,Manager,14.0,34.5,164.9,12,8.01,3,60.1,81.36
EMP00446,Finance,Junior,1.0,42.3,168.9,2,9.6,1,57.2,45.94
EMP00447,Customer_Support,Lead,9.5,75.5,191.8,6,7.66,1,55.6,71.01
EMP00448,Marketing,Mid,5.4,43.4,167.5,3,10.09,0,78.4,51.66
EMP00449,Sales,Mid,4.3,41.4,160.0,0,10.35,1,100.0,62.73
EMP00450,Marketing,Mid,2.0,38.9,180.1,4,8.66,2,34.5,42.78
EMP00451,Sales,Junior,0.7,77.7,172.0,2,11.74,0,65.7,50.42
EMP00452,Operations,Mid,2.4,22.4,186.1,3,9.43,3,60.8,47.98
EMP00453,Finance,Senior,12.7,48.4,160.8,5,6.85,6,60.8,63.16
EMP00454,Sales,Junior,1.8,47.4,178.0,3,11.17,3,68.5,54.31
EMP00455,Sales,Manager,24.6,13.6,209.6,14,5.86,3,63.8,89.7
EMP00456,Engineering,Mid,6.6,34.7,171.7,2,9.29,2,65.7,52.77
EMP00457,Customer_Support,Junior,2.0,55.8,177.6,1,9.36,2,58.4,46.91
EMP00458,HR,Senior,11.2,30.0,151.7,7,7.88,2,72.7,72.94
EMP00459,Operations,Junior,2.0,54.9,163.1,5,8.85,3,65.5,52.0
EMP00460,Marketing,Junior,0.3,76.9,181.4,3,9.81,5,66.3,52.59
EMP00461,Marketing,Senior,7.7,45.6,170.4,2,7.78,2,57.0,62.09
EMP00462,Sales,Junior,0.0,29.2,183.6,3,10.49,1,95.8,54.78
EMP00463,Customer_Support,Junior,1.8,38.3,180.9,4,12.05,2,62.3,44.69
EMP00464,Engineering,Senior,7.1,38.7,156.5,2,8.21,6,79.1,66.68
EMP00465,Marketing,Junior,0.9,45.7,189.2,3,11.12,3,57.9,45.76
EMP00466,Finance,Lead,15.8,41.3,157.6,5,7.07,6,65.3,67.67
EMP00467,Finance,Senior,8.9,47.7,164.3,6,9.81,1,65.2,66.55
EMP00468,Customer_Support,Junior,3.7,77.0,178.2,0,12.02,2,35.1,31.75
EMP00469,Sales,Mid,4.7,46.9,196.9,1,8.43,3,53.4,48.55
EMP00470,Marketing,Junior,3.8,33.7,160.9,1,7.23,0,55.2,51.97
EMP00471,HR,Senior,6.7,60.3,177.1,8,6.77,3,58.8,63.17
EMP00472,HR,Junior,3.9,69.9,177.2,3,10.98,3,53.2,47.56
EMP00473,Sales,Manager,19.7,38.5,184.2,12,6.44,4,62.5,88.41
EMP00474,Sales,Junior,0.4,47.3,191.6,1,8.73,0,78.8,51.99
EMP00475,Engineering,Senior,5.8,52.3,169.3,8,10.88,4,71.6,76.08
EMP00476,Engineering,Junior,2.2,47.8,189.2,8,9.4,2,55.8,60.42
EMP00477,HR,Junior,2.5,20.2,193.6,3,9.3,5,53.6,45.31
EMP00478,Marketing,Mid,2.0,55.5,200.0,4,9.11,5,59.5,60.87
EMP00479,Marketing,Mid,5.2,60.4,182.0,2,10.84,5,47.0,49.64
EMP00480,HR,Manager,16.1,56.6,177.2,9,5.42,5,69.7,83.64
EMP00481,HR,Junior,2.4,40.0,168.4,2,11.61,2,82.2,48.62
EMP00482,Engineering,Junior,1.1,54.4,154.6,1,10.78,1,63.1,48.18
EMP00483,Marketing,Mid,3.4,50.7,171.1,6,11.24,3,64.9,58.9
EMP00484,Engineering,Mid,2.8,48.3,176.6,9,10.48,1,64.9,63.26
EMP00485,Sales,Lead,15.5,40.7,173.5,9,7.42,3,54.4,79.38
EMP00486,HR,Lead,12.9,39.6,183.4,7,8.27,2,68.3,83.76
EMP00487,HR,Lead,15.6,42.2,154.6,5,7.05,3,58.0,68.54
EMP00488,Engineering,Junior,3.0,62.1,172.5,2,8.74,1,60.3,46.7
EMP00489,Marketing,Mid,2.2,65.3,202.9,3,10.42,1,44.6,54.03
EMP00490,Marketing,Senior,5.0,31.7,188.9,4,8.65,1,64.8,61.25
EMP00491,Finance,Mid,6.5,44.4,183.6,3,10.66,2,75.8,62.59
EMP00492,Finance,Senior,5.0,36.7,180.5,6,10.47,5,71.5,62.79
EMP00493,Finance,Junior,1.5,42.5,169.9,0,10.76,4,80.9,52.9
EMP00494,Engineering,Mid,2.0,22.8,150.4,5,10.91,3,61.9,50.6
EMP00495,Operations,Lead,14.4,39.4,181.4,10,7.77,1,70.2,81.48
EMP00496,Marketing,Junior,1.7,58.2,140.7,1,10.62,7,50.8,40.65
EMP00497,HR,Manager,17.8,32.7,170.4,5,5.37,1,74.5,81.1
EMP00498,Marketing,Mid,2.8,46.9,174.9,6,9.76,0,83.7,69.25
EMP00499,Engineering,Junior,0.0,57.3,168.7,3,10.77,3,76.0,59.25
EMP00500,Marketing,Junior,2.3,72.2,205.4,3,10.34,3,83.9,54.07
EMP00501,Finance,Junior,1.2,44.7,200.5,6,10.36,2,55.8,57.1
EMP00502,Operations,Mid,4.7,29.4,189.5,5,9.44,3,58.4,53.94
EMP00503,Customer_Support,Junior,2.1,49.6,162.0,2,12.77,8,47.0,33.59
EMP00504,Marketing,Senior,15.0,71.3,201.9,5,7.54,4,64.4,73.07
EMP00505,Marketing,Lead,16.0,21.6,183.7,11,7.9,4,67.2,80.77
EMP00506,Operations,Mid,7.7,56.8,161.8,3,8.77,9,60.3,51.63
EMP00507,Engineering,Junior,1.8,68.4,175.5,3,10.38,1,64.3,47.56
EMP00508,Operations,Mid,5.6,11.5,188.4,5,7.84,1,54.1,53.96
EMP00509,HR,Senior,7.0,49.2,166.6,6,7.67,2,70.1,66.14
EMP00510,Sales,Mid,2.8,56.1,177.0,5,8.75,2,60.1,58.1
EMP00511,Sales,Junior,1.7,47.0,179.4,8,7.98,6,48.2,51.76
EMP00512,Operations,Mid,7.6,37.3,159.6,3,8.93,4,37.2,54.31
EMP00513,Sales,Mid,2.0,38.1,171.2,3,8.3,5,54.9,47.26
EMP00514,Engineering,Mid,5.0,42.1,160.6,2,7.62,3,53.4,47.21
EMP00515,Engineering,Junior,1.4,46.5,187.2,2,13.0,3,60.0,46.22
EMP00516,Sales,Manager,14.2,27.6,162.3,5,8.41,2,56.9,64.78
EMP00517,Engineering,Junior,2.4,45.8,179.1,2,12.73,1,68.2,51.61
EMP00518,Finance,Junior,1.3,68.9,155.5,4,9.92,4,55.0,48.09
EMP00519,Sales,Junior,0.0,32.8,159.1,4,9.78,3,88.3,56.98
EMP00520,Operations,Mid,5.5,20.8,158.5,4,9.65,2,44.9,46.04
EMP00521,Operations,Mid,2.7,65.1,170.9,5,10.03,2,74.5,61.14
EMP00522,Engineering,Junior,2.2,48.1,177.5,3,9.44,4,68.0,60.86
EMP00523,Sales,Mid,5.9,41.2,180.1,7,7.99,2,54.1,59.41
EMP00524,Marketing,Senior,14.7,41.3,150.2,3,8.31,0,71.1,60.71
EMP00525,Sales,Junior,0.5,54.1,172.6,4,7.95,6,56.6,45.77
EMP00526,Engineering,Lead,8.7,31.1,164.5,4,8.78,4,60.3,58.41
EMP00527,Customer_Support,Mid,3.5,54.6,182.5,1,8.98,3,79.5,51.95
EMP00528,Customer_Support,Junior,0.0,36.6,171.3,2,11.32,6,31.7,14.66
EMP00529,Operations,Manager,24.3,30.5,173.9,7,6.94,2,57.1,81.24
EMP00530,Engineering,Lead,16.5,5.8,164.6,5,7.68,3,72.3,66.65
EMP00531,Finance,Mid,5.9,64.6,199.1,6,7.42,1,79.9,75.27
EMP00532,Finance,Lead,18.1,36.4,157.0,5,4.54,3,58.2,71.3
EMP00533,Engineering,Mid,2.0,57.1,169.4,4,7.39,5,100.0,69.39
EMP00534,Finance,Mid,5.2,54.1,176.5,6,8.45,2,72.1,72.98
EMP00535,Sales,Lead,15.3,47.2,171.5,7,4.95,5,33.6,64.67
EMP00536,Engineering,Senior,10.2,42.9,164.3,4,8.0,3,52.6,58.33
EMP00537,Marketing,Junior,0.3,56.8,149.6,1,8.89,3,66.8,45.29
EMP00538,Sales,Senior,8.9,28.6,165.3,2,7.44,5,48.3,45.52
EMP00539,Sales,Mid,3.7,29.4,161.6,4,9.3,0,68.6,59.01
EMP00540,Operations,Junior,1.8,49.5,198.5,2,10.47,5,54.6,45.17
EMP00541,Customer_Support,Manager,22.4,24.8,206.7,5,4.52,6,43.6,68.52
EMP00542,Marketing,Mid,6.8,68.4,174.3,9,8.27,3,52.4,68.88
EMP00543,Operations,Mid,4.4,52.6,155.3,3,9.69,2,70.2,57.18
EMP00544,Customer_Support,Mid,7.0,36.3,185.3,5,8.66,2,33.7,47.13
EMP00545,Sales,Mid,5.5,42.9,161.3,5,8.83,3,74.5,60.85
EMP00546,HR,Junior,1.4,53.0,167.3,4,10.92,3,78.9,52.6
EMP00547,Engineering,Manager,19.9,34.0,166.2,5,4.72,3,66.0,78.48
EMP00548,Sales,Senior,5.0,47.1,168.0,2,9.92,7,45.1,34.65
EMP00549,Finance,Senior,9.0,44.0,170.0,6,11.4,2,69.7,64.22
EMP00550,HR,Mid,4.2,26.1,156.6,2,9.61,4,60.2,47.1
EMP00551,HR,Junior,0.0,18.7,165.2,4,9.53,3,47.8,35.27
EMP00552,Sales,Junior,1.0,45.4,189.3,0,7.99,2,84.9,55.98
EMP00553,Engineering,Mid,6.1,55.4,174.5,0,8.26,7,59.4,51.19
EMP00554,Customer_Support,Junior,2.9,45.6,176.8,6,10.26,4,40.3,46.26
EMP00555,Sales,Senior,14.7,61.5,143.7,3,7.23,4,65.4,65.41
EMP00556,Engineering,Lead,16.4,38.3,188.3,9,6.73,1,69.2,84.52
EMP00557,Engineering,Mid,6.1,67.4,165.4,3,8.8,3,87.8,65.35
EMP00558,HR,Mid,5.4,64.3,190.7,7,8.35,4,61.4,59.46
EMP00559,Marketing,Senior,13.7,58.8,177.2,5,7.45,7,59.6,58.11
EMP00560,HR,Junior,1.0,32.9,167.1,5,8.88,3,70.0,59.09
EMP00561,Sales,Manager,18.8,35.3,151.5,9,6.26,5,64.4,80.38
EMP00562,Engineering,Mid,2.0,65.3,205.4,8,9.74,2,72.8,65.7
EMP00563,Operations,Junior,1.3,55.1,186.2,4,11.93,5,63.3,49.12
EMP00564,Marketing,Junior,2.8,59.3,187.1,3,8.68,2,66.0,49.07
EMP00565,Finance,Manager,15.6,14.2,200.5,10,7.59,8,58.0,78.77
EMP00566,Finance,Junior,2.5,79.8,178.1,3,10.99,5,73.0,56.67
EMP00567,Operations,Senior,9.8,31.1,193.9,5,7.73,3,55.7,57.28
EMP00568,Sales,Junior,2.7,21.1,168.3,2,8.84,3,71.7,40.42
EMP00569,Engineering,Junior,0.0,45.7,185.3,1,12.02,4,86.7,50.3
EMP00570,Marketing,Lead,13.6,4.0,166.2,6,5.38,4,55.9,67.62
EMP00571,Engineering,Junior,3.6,34.7,167.9,3,8.51,2,98.9,57.5
EMP00572,Operations,Junior,2.3,89.4,176.4,4,8.33,3,51.4,48.52
EMP00573,HR,Mid,2.5,41.3,157.3,3,8.5,2,57.5,56.64
EMP00574,Operations,Lead,17.6,17.6,179.6,6,6.31,1,66.5,72.73
EMP00575,Operations,Mid,7.3,47.4,170.6,5,10.85,2,65.3,68.41
EMP00576,Marketing,Junior,4.0,37.5,147.2,1,9.0,3,64.9,48.7
EMP00577,Customer_Support,Manager,10.0,48.0,168.6,13,10.29,4,67.8,77.67
EMP00578,Marketing,Senior,5.6,29.7,170.2,4,9.93,6,67.0,52.46
EMP00579,Operations,Lead,14.3,43.1,186.9,7,6.39,4,84.8,74.29
EMP00580,Engineering,Senior,6.1,25.8,179.0,8,7.91,2,69.4,71.97
EMP00581,HR,Senior,6.4,82.0,195.3,6,8.83,3,55.7,62.69
EMP00582,Marketing,Mid,2.0,54.6,182.3,2,9.63,4,57.4,48.41
EMP00583,Sales,Mid,6.3,44.8,167.2,2,7.29,4,67.7,55.65
EMP00584,Engineering,Senior,12.8,38.6,174.2,4,6.64,4,75.8,68.82
EMP00585,Customer_Support,Senior,13.9,34.7,170.1,8,5.34,3,60.5,74.11
EMP00586,Marketing,Manager,11.9,23.6,181.8,14,9.55,5,53.8,79.1
EMP00587,Sales,Mid,5.9,35.2,175.8,2,9.17,1,75.3,53.19
EMP00588,Engineering,Junior,0.6,76.2,166.2,2,9.63,5,93.2,61.86
EMP00589,Engineering,Mid,3.0,38.7,175.1,4,8.44,3,70.4,50.22
EMP00590,Sales,Senior,9.6,11.1,181.5,2,7.33,2,83.7,64.46
EMP00591,Customer_Support,Mid,2.0,29.5,160.9,6,7.47,1,68.4,59.43
EMP00592,HR,Senior,8.1,56.9,179.4,4,8.54,1,92.6,62.73
EMP00593,Engineering,Mid,3.4,43.2,152.9,10,10.41,3,75.7,61.0
EMP00594,Marketing,Junior,0.0,49.0,190.5,6,12.34,2,65.6,51.16
EMP00595,Sales,Mid,8.0,64.5,182.4,5,9.79,3,72.1,59.44
EMP00596,Engineering,Senior,13.6,31.3,197.8,4,8.59,1,64.8,68.56
EMP00597,Finance,Lead,9.4,48.5,159.4,13,9.42,2,67.9,81.8
EMP00598,Marketing,Mid,2.8,37.0,190.9,6,9.19,8,80.0,67.31
EMP00599,Customer_Support,Mid,2.9,55.6,188.1,5,7.52,8,67.8,54.69
EMP00600,Marketing,Mid,2.5,41.1,172.4,5,10.54,2,63.6,57.96
EMP00601,HR,Mid,6.9,43.4,169.7,5,7.83,6,68.4,56.87
EMP00602,Operations,Junior,1.5,63.3,159.8,4,9.81,5,69.1,52.34
EMP00603,Customer_Support,Lead,17.3,50.2,156.2,6,5.26,2,66.7,73.6
EMP00604,Finance,Lead,8.0,36.5,164.5,8,9.59,5,72.0,65.26
EMP00605,Customer_Support,Mid,4.0,39.9,157.4,5,10.43,4,62.1,48.63
EMP00606,Operations,Mid,3.2,71.0,197.3,6,7.39,3,50.1,59.77
EMP00607,Operations,Junior,1.2,59.8,154.0,4,10.12,3,52.0,40.25
EMP00608,Sales,Mid,7.3,41.1,177.1,4,10.24,1,67.5,57.35
EMP00609,Finance,Mid,5.7,37.2,181.1,4,8.82,4,73.0,61.39
EMP00610,HR,Senior,6.1,58.4,180.0,9,8.58,0,74.4,75.65
EMP00611,Marketing,Junior,2.3,52.7,181.2,4,11.18,4,55.9,51.24
EMP00612,Finance,Senior,9.2,40.5,188.2,11,7.79,0,61.2,85.63
EMP00613,Customer_Support,Junior,2.8,52.7,168.8,1,9.64,1,43.9,34.4
EMP00614,Customer_Support,Senior,10.4,48.1,176.2,6,9.09,3,41.3,55.16
EMP00615,Engineering,Senior,6.4,42.1,170.9,9,7.14,5,71.0,73.85
EMP00616,Finance,Junior,1.4,69.1,193.2,2,9.0,3,79.3,55.03
EMP00617,Finance,Mid,2.7,65.9,204.4,5,7.03,2,64.2,69.39
EMP00618,Engineering,Lead,15.1,47.0,158.3,10,9.8,0,92.9,95.48
EMP00619,Sales,Senior,7.1,63.6,146.6,5,8.62,2,60.0,71.57
EMP00620,Sales,Junior,1.2,51.1,183.0,1,11.45,3,62.4,42.48
EMP00621,Operations,Mid,2.1,57.4,190.0,6,7.84,3,48.1,49.53
EMP00622,HR,Mid,6.8,62.1,202.4,6,10.58,4,61.8,58.77
EMP00623,Customer_Support,Senior,6.9,58.3,185.3,7,8.07,6,43.7,53.78
EMP00624,HR,Senior,13.3,56.7,194.5,8,9.52,8,47.5,67.14
EMP00625,Customer_Support,Junior,2.1,60.5,198.2,6,9.57,4,43.9,51.53
EMP00626,HR,Senior,14.7,72.4,195.5,6,5.87,3,67.0,78.67
EMP00627,Operations,Senior,9.3,34.9,187.3,5,9.67,2,51.2,66.59
EMP00628,Sales,Senior,8.2,40.7,157.0,3,8.39,3,56.0,55.62
EMP00629,Marketing,Junior,1.2,47.8,174.9,3,8.34,3,68.9,49.66
EMP00630,Operations,Mid,4.5,41.5,179.2,3,6.87,2,41.4,48.63
EMP00631,Customer_Support,Mid,2.0,17.2,173.6,4,10.1,4,59.0,42.16
EMP00632,Operations,Junior,1.1,71.6,174.5,4,9.96,3,70.2,49.97
EMP00633,Sales,Mid,2.0,31.6,196.9,1,9.81,2,73.2,50.84
EMP00634,Engineering,Junior,2.7,53.5,164.4,2,10.1,2,76.2,57.96
EMP00635,Sales,Junior,3.0,29.7,186.2,3,9.53,1,61.4,44.48
EMP00636,Sales,Senior,7.2,52.3,179.4,5,8.97,7,54.5,51.07
EMP00637,Finance,Junior,2.8,39.2,163.0,6,10.77,2,62.0,56.92
EMP00638,Finance,Senior,9.0,26.0,159.9,8,7.98,2,82.8,70.24
EMP00639,Operations,Junior,1.3,53.9,151.2,2,10.69,5,63.3,43.98
EMP00640,Operations,Mid,2.3,36.5,181.8,3,10.28,1,58.7,54.36
EMP00641,Finance,Mid,2.0,38.4,174.1,5,11.02,1,69.8,61.29
EMP00642,Operations,Senior,7.3,45.6,163.4,9,5.3,4,60.6,71.81
EMP00643,Sales,Senior,8.7,55.0,148.7,4,7.63,2,64.7,67.43
EMP00644,Engineering,Mid,2.0,34.7,181.1,4,10.29,1,67.0,59.0
EMP00645,Marketing,Senior,10.2,28.1,172.6,5,10.96,1,59.0,54.92
EMP00646,Operations,Junior,0.0,51.4,165.0,6,11.8,2,72.0,63.41
EMP00647,Sales,Mid,2.3,55.1,161.5,5,11.16,6,38.6,46.21
EMP00648,Marketing,Junior,1.3,72.9,171.7,4,13.69,3,69.7,53.09
EMP00649,Finance,Mid,2.7,30.9,181.6,3,9.3,2,57.3,52.77
EMP00650,Sales,Junior,0.6,46.2,170.4,2,12.97,4,39.1,26.55
EMP00651,HR,Lead,12.5,56.6,158.4,3,8.31,4,54.3,58.18
EMP00652,Operations,Mid,3.6,76.6,174.2,3,7.92,3,59.6,62.79
EMP00653,Finance,Mid,7.9,32.1,189.6,5,6.3,4,64.2,54.09
EMP00654,Engineering,Mid,4.0,35.9,175.6,4,8.92,4,78.9,61.83
EMP00655,Operations,Junior,1.3,56.7,176.0,2,10.89,1,69.7,49.7
EMP00656,Engineering,Junior,0.7,42.3,170.4,4,9.68,4,51.4,47.31
EMP00657,Operations,Lead,12.2,27.6,162.5,6,7.56,2,64.5,77.09
EMP00658,Engineering,Senior,7.8,46.7,162.1,4,11.04,1,78.7,60.32
EMP00659,Marketing,Junior,1.5,74.2,151.7,4,10.0,3,66.6,50.26
EMP00660,Engineering,Senior,8.4,23.4,191.5,4,11.02,1,76.0,67.08
EMP00661,Engineering,Mid,4.2,69.5,181.5,5,10.3,5,46.8,57.75
EMP00662,Operations,Junior,0.3,42.4,176.2,3,11.6,4,48.1,39.66
EMP00663,Engineering,Mid,5.5,52.2,179.1,3,8.71,1,86.4,68.7
EMP00664,Sales,Junior,0.0,74.9,179.8,8,10.05,1,58.6,54.57
EMP00665,Engineering,Junior,3.0,55.9,164.7,3,9.75,0,96.7,63.87
EMP00666,Finance,Senior,8.4,38.5,170.4,4,8.15,3,47.7,53.14
EMP00667,Operations,Junior,0.3,61.8,168.4,6,11.02,0,78.8,59.48
EMP00668,Customer_Support,Lead,14.7,36.4,210.2,6,8.85,3,50.7,57.88
EMP00669,Engineering,Senior,8.0,50.8,189.3,7,11.78,1,80.3,67.17
EMP00670,HR,Lead,11.2,35.9,177.4,10,6.55,3,62.5,80.18
EMP00671,Sales,Senior,7.7,55.9,194.1,8,8.37,4,63.4,65.33
EMP00672,Marketing,Lead,16.0,18.1,192.4,6,8.25,2,71.1,84.4
EMP00673,Customer_Support,Mid,4.0,31.8,155.7,3,9.33,2,50.6,44.13
EMP00674,Finance,Mid,5.3,25.9,171.9,8,7.24,2,72.6,65.32
EMP00675,Marketing,Mid,5.1,46.2,174.8,7,10.2,5,60.8,64.31
EMP00676,Engineering,Lead,14.2,16.1,183.6,4,5.99,5,72.1,77.35
EMP00677,Customer_Support,Junior,1.5,40.6,171.9,2,10.21,6,26.3,30.43
EMP00678,HR,Mid,4.7,30.4,173.6,2,11.55,4,62.0,46.54
EMP00679,Sales,Senior,11.3,65.2,168.5,2,8.86,1,77.2,70.06
EMP00680,Engineering,Mid,8.0,32.1,189.7,7,9.56,4,78.3,69.58
EMP00681,Sales,Lead,11.5,19.7,154.8,7,9.58,3,72.6,66.77
EMP00682,Engineering,Mid,6.3,50.7,169.0,6,8.74,2,70.6,66.03
EMP00683,Sales,Junior,2.6,76.3,149.2,3,10.27,3,82.1,64.38
EMP00684,HR,Mid,2.3,45.3,160.6,4,9.23,4,69.5,53.21
EMP00685,Marketing,Mid,5.2,46.4,179.4,5,10.17,4,56.1,53.2
EMP00686,Engineering,Junior,2.6,70.4,179.7,2,7.92,0,80.3,62.55
EMP00687,HR,Junior,2.5,64.2,170.6,2,8.56,1,77.1,55.75
EMP00688,Customer_Support,Junior,1.9,57.4,190.7,5,9.93,1,65.6,50.28
EMP00689,Finance,Senior,5.0,34.3,194.0,5,9.59,5,58.2,65.79
EMP00690,Marketing,Lead,19.4,45.8,174.0,7,9.05,6,67.4,73.23
EMP00691,Engineering,Mid,2.9,26.6,178.5,2,8.14,2,86.7,64.31
EMP00692,Operations,Junior,2.4,41.6,168.7,3,9.72,4,65.7,54.75
EMP00693,Engineering,Mid,5.4,68.5,183.8,5,9.4,4,52.3,58.34
EMP00694,Engineering,Lead,14.8,58.5,158.3,9,5.42,2,62.5,85.74
EMP00695,Customer_Support,Senior,13.7,49.6,200.1,4,6.48,4,49.9,56.06
EMP00696,Marketing,Junior,3.1,22.1,191.0,1,7.2,4,54.9,41.56
EMP00697,Finance,Junior,2.0,32.9,158.2,3,10.65,8,37.7,37.9
EMP00698,Marketing,Lead,16.5,28.8,164.0,7,5.66,5,86.7,79.52
EMP00699,Finance,Lead,19.7,36.4,180.9,8,8.06,3,52.5,78.71
EMP00700,Engineering,Junior,0.0,32.2,170.3,1,10.74,6,60.4,40.9
EMP00701,Engineering,Lead,19.6,35.3,182.6,6,6.09,8,46.7,70.53
EMP00702,Engineering,Junior,0.9,77.5,170.0,5,8.97,0,80.4,63.07
EMP00703,Sales,Junior,2.3,57.0,196.3,3,10.37,4,60.9,53.37
EMP00704,Operations,Senior,9.4,46.3,175.1,3,7.78,2,55.8,57.39
EMP00705,Engineering,Mid,2.0,31.7,208.9,2,10.28,2,66.4,52.02
EMP00706,Marketing,Mid,2.3,22.4,183.4,2,11.09,5,71.1,45.09
EMP00707,Operations,Lead,16.3,20.6,156.1,3,5.76,2,54.2,58.58
EMP00708,Operations,Lead,12.8,13.8,204.2,8,6.7,1,36.1,67.98
EMP00709,HR,Junior,0.7,52.1,190.4,2,11.84,4,50.5,40.55
EMP00710,HR,Senior,10.8,48.8,180.3,7,9.88,5,49.9,74.4
EMP00711,Customer_Support,Senior,11.2,28.5,184.1,6,6.53,3,61.3,62.15
EMP00712,Finance,Mid,5.2,49.2,158.4,2,7.9,0,74.2,53.47
EMP00713,Operations,Manager,15.3,57.0,149.7,8,5.42,2,77.6,82.73
EMP00714,Customer_Support,Senior,6.9,72.4,174.4,5,8.82,7,38.4,63.22
EMP00715,Operations,Junior,3.4,62.6,194.3,3,7.73,2,67.4,56.46
EMP00716,Engineering,Junior,1.4,48.4,180.5,5,10.0,3,62.6,55.15
EMP00717,Marketing,Lead,8.3,50.1,198.9,4,7.88,0,99.1,77.15
EMP00718,Sales,Manager,14.5,55.3,193.5,6,5.86,1,78.6,81.01
EMP00719,Finance,Junior,1.6,20.9,175.3,2,10.05,2,83.4,57.97
EMP00720,Customer_Support,Junior,2.8,73.2,191.6,0,9.88,2,67.6,44.1
EMP00721,Marketing,Senior,6.3,34.8,196.3,5,8.07,5,68.6,63.41
EMP00722,HR,Junior,1.3,43.0,173.9,6,12.32,5,61.2,48.81
EMP00723,Sales,Junior,1.7,45.7,172.0,2,9.34,6,54.8,42.51
EMP00724,Customer_Support,Lead,14.8,43.8,177.0,11,7.09,3,48.4,72.9
EMP00725,Sales,Lead,18.4,22.3,141.2,7,5.68,3,69.4,68.61
EMP00726,Sales,Lead,15.4,34.7,178.9,7,8.3,2,80.7,78.26
EMP00727,Engineering,Senior,5.9,50.9,185.1,4,7.04,7,65.7,63.53
EMP00728,Sales,Mid,6.5,50.3,177.0,5,9.1,3,53.3,60.57
EMP00729,HR,Lead,8.0,44.7,179.8,6,6.71,2,48.2,64.38
EMP00730,Marketing,Junior,2.6,46.1,174.4,0,7.39,1,66.9,49.68
EMP00731,Engineering,Junior,0.0,61.4,147.0,5,9.21,1,84.8,63.99
EMP00732,Sales,Lead,17.5,54.8,198.3,11,5.76,1,77.4,92.11
EMP00733,Sales,Senior,8.3,57.9,169.9,9,9.04,3,78.5,65.42
EMP00734,Engineering,Lead,17.7,45.4,166.4,9,5.44,1,75.0,90.21
EMP00735,Sales,Junior,1.2,65.1,194.0,2,7.08,6,63.1,42.34
EMP00736,Finance,Manager,20.4,48.1,188.7,7,3.11,2,78.4,89.62
EMP00737,Engineering,Senior,11.1,83.1,178.8,4,8.12,2,56.7,72.33
EMP00738,Engineering,Senior,7.2,61.3,185.8,7,9.1,4,64.7,79.73
EMP00739,Engineering,Lead,12.8,37.7,158.8,4,7.55,2,90.5,74.34
EMP00740,HR,Mid,5.5,33.3,173.9,6,8.43,2,53.1,52.23
EMP00741,Sales,Senior,10.8,39.1,193.1,8,8.38,2,61.6,60.96
EMP00742,Sales,Senior,5.0,38.0,165.5,7,6.16,3,69.6,63.57
EMP00743,Operations,Senior,7.8,50.7,161.0,2,5.54,2,61.0,69.92
EMP00744,Sales,Lead,18.0,28.5,176.1,10,4.54,2,75.8,78.29
EMP00745,Marketing,Senior,12.5,60.9,176.4,3,7.45,3,82.3,57.17
EMP00746,HR,Junior,2.5,30.2,184.1,8,10.89,5,71.8,59.84
EMP00747,Engineering,Junior,1.6,26.5,155.7,4,8.52,1,86.7,64.61
EMP00748,HR,Manager,23.1,33.0,139.3,10,4.26,5,54.9,82.33
EMP00749,Operations,Manager,18.4,22.4,187.9,6,7.06,2,58.1,73.12
EMP00750,Operations,Manager,26.0,16.1,159.8,13,4.53,1,88.9,100.0
EMP00751,Engineering,Junior,3.3,41.4,166.5,4,9.94,1,93.3,67.65
EMP00752,Engineering,Mid,6.2,35.6,144.4,10,9.07,4,54.7,59.88
EMP00753,Engineering,Senior,8.5,43.2,189.3,3,6.52,0,69.8,64.01
EMP00754,HR,Senior,6.5,33.7,179.9,7,11.05,3,67.6,57.79
EMP00755,Finance,Junior,0.0,42.9,179.3,2,8.91,2,68.0,47.19
EMP00756,Engineering,Senior,7.0,42.9,179.2,3,11.13,2,85.3,70.12
EMP00757,Engineering,Junior,0.0,66.2,146.2,1,10.91,4,92.1,60.75
EMP00758,Customer_Support,Mid,5.2,69.1,161.2,11,9.45,5,58.4,62.65
EMP00759,Sales,Junior,2.4,53.2,168.7,1,7.73,6,75.5,51.11
EMP00760,HR,Junior,2.5,54.4,164.5,3,10.28,0,73.8,53.11
EMP00761,Finance,Junior,1.3,48.3,171.2,3,9.86,5,62.7,45.15
EMP00762,Sales,Lead,16.5,46.2,178.4,9,6.47,8,41.6,65.23
EMP00763,Sales,Senior,5.0,48.9,189.1,10,6.93,2,74.2,75.04
EMP00764,Sales,Manager,15.1,54.9,154.3,9,7.86,3,69.3,83.27
EMP00765,Customer_Support,Mid,4.8,18.7,174.9,4,10.42,3,62.7,51.44
EMP00766,Sales,Mid,3.5,43.5,185.0,9,6.91,2,50.2,60.53
EMP00767,Engineering,Mid,6.1,52.1,162.1,9,8.11,1,93.5,85.8
EMP00768,Sales,Senior,6.0,42.6,172.3,11,8.21,4,63.8,76.99
EMP00769,Sales,Mid,6.5,32.9,181.5,7,9.37,7,48.3,45.86
EMP00770,Marketing,Senior,12.2,23.5,175.2,4,7.94,3,48.4,52.76
EMP00771,Engineering,Lead,11.3,51.1,184.4,10,7.42,5,78.1,78.2
EMP00772,Marketing,Lead,19.1,27.6,176.3,8,7.11,1,72.5,85.05
EMP00773,Marketing,Junior,2.0,24.7,170.6,3,12.48,2,58.4,42.12
EMP00774,Operations,Mid,4.4,59.8,158.6,1,8.77,2,65.6,52.04
EMP00775,Sales,Junior,2.4,57.9,178.5,5,11.26,0,70.0,57.58
EMP00776,Operations,Junior,0.5,49.3,176.4,2,12.53,4,61.7,41.44
EMP00777,Marketing,Senior,7.3,29.3,161.1,6,10.57,3,55.6,55.0
EMP00778,Sales,Mid,4.3,45.3,183.1,2,10.12,2,73.5,49.3
EMP00779,Operations,Senior,7.6,61.2,192.8,8,9.3,2,70.1,68.95
EMP00780,Operations,Junior,0.7,26.8,165.8,6,10.65,3,66.8,53.08
EMP00781,Engineering,Manager,18.3,11.5,164.8,8,8.56,6,60.0,67.79
EMP00782,Customer_Support,Manager,18.7,25.6,164.3,4,5.59,2,42.0,62.97
EMP00783,HR,Mid,7.7,46.6,151.5,7,8.2,2,66.9,54.9
EMP00784,Marketing,Lead,8.9,31.6,203.1,9,6.93,2,75.2,83.06
EMP00785,Customer_Support,Junior,1.7,60.6,168.7,1,13.33,3,70.5,35.69
EMP00786,Engineering,Senior,5.0,59.3,163.0,9,10.9,0,77.0,67.98
EMP00787,Operations,Lead,13.8,43.2,159.2,5,6.32,5,54.6,69.21
EMP00788,Engineering,Lead,13.4,47.4,169.6,6,5.54,3,60.3,73.44
EMP00789,Operations,Lead,10.7,43.1,165.3,9,7.32,6,59.8,62.12
EMP00790,Marketing,Mid,4.5,47.1,195.1,6,9.27,2,63.9,63.34
EMP00791,Engineering,Lead,15.2,19.6,157.5,10,7.33,5,83.3,84.8
EMP00792,HR,Senior,5.0,27.6,153.5,3,6.6,3,60.2,64.83
EMP00793,Engineering,Junior,2.6,30.7,182.7,2,8.75,3,65.2,46.28
EMP00794,Sales,Junior,0.1,48.8,173.5,2,11.84,5,86.7,44.85
EMP00795,Sales,Senior,12.6,46.5,171.9,8,8.54,0,80.6,72.69
EMP00796,Engineering,Senior,10.9,21.3,182.8,7,6.95,2,59.4,74.62
EMP00797,Sales,Mid,4.7,48.1,176.9,2,10.5,1,79.6,47.53
EMP00798,Sales,Lead,19.2,25.9,174.3,8,7.78,7,48.5,66.4
EMP00799,Finance,Senior,5.1,27.0,155.3,0,11.85,4,57.8,47.39
EMP00800,Finance,Mid,5.5,37.6,151.6,3,8.73,4,59.2,58.34
EMP00801,Finance,Mid,4.3,30.2,165.2,1,8.25,4,62.1,46.44
EMP00802,Engineering,Senior,7.1,52.1,159.8,6,8.25,2,77.4,73.81
EMP00803,Operations,Senior,8.9,40.5,178.8,2,9.5,3,61.3,52.1
EMP00804,Marketing,Mid,2.9,59.2,149.8,1,7.64,1,71.4,50.37
EMP00805,Sales,Mid,5.3,40.3,168.7,3,9.06,7,57.2,48.17
EMP00806,Sales,Senior,5.4,36.9,172.6,5,8.75,4,66.5,58.26
EMP00807,Finance,Senior,5.0,71.1,174.4,6,10.61,4,63.9,66.34
EMP00808,Sales,Lead,19.0,14.7,180.6,11,5.69,6,45.3,82.48
EMP00809,Marketing,Junior,1.3,70.3,170.4,1,9.76,1,69.8,53.12
EMP00810,Customer_Support,Senior,8.5,67.8,165.7,4,8.99,6,59.2,57.87
EMP00811,Sales,Mid,4.4,58.5,192.4,3,8.32,4,53.4,54.73
EMP00812,Sales,Junior,1.2,46.0,170.5,2,8.87,2,56.9,41.98
EMP00813,Customer_Support,Senior,10.7,64.4,194.9,7,10.57,2,53.2,66.92
EMP00814,Marketing,Senior,10.8,38.2,170.4,8,8.72,5,61.1,63.7
EMP00815,Sales,Mid,8.0,36.4,174.8,6,10.38,4,83.1,64.2
EMP00816,Operations,Senior,11.6,37.2,173.1,4,8.84,2,85.1,66.42
EMP00817,Operations,Mid,6.1,38.4,178.2,6,8.78,3,27.3,45.89
EMP00818,Marketing,Junior,2.0,36.8,169.1,5,9.02,2,69.9,61.94
EMP00819,Marketing,Mid,3.3,63.7,176.3,5,8.55,1,75.5,60.19
EMP00820,Engineering,Mid,6.0,35.4,196.4,9,7.93,2,67.4,72.94
EMP00821,Sales,Senior,5.0,42.6,189.7,6,7.73,6,73.1,62.17
EMP00822,Marketing,Lead,16.9,17.3,189.8,10,5.64,5,83.9,89.16
EMP00823,Engineering,Senior,9.2,43.5,156.2,3,9.25,3,53.5,53.02
EMP00824,Finance,Junior,1.5,33.7,158.5,3,8.6,2,64.6,48.92
EMP00825,Operations,Mid,5.1,29.3,178.0,1,11.04,0,83.5,49.49
EMP00826,Sales,Junior,0.8,49.4,185.8,3,11.09,1,47.1,49.85
EMP00827,Marketing,Senior,8.2,58.9,167.7,8,9.24,1,62.6,75.06
EMP00828,Engineering,Junior,3.0,57.6,165.2,6,10.06,3,64.6,55.38
EMP00829,Operations,Mid,7.1,54.6,194.5,4,9.39,3,72.6,54.45
EMP00830,Engineering,Senior,8.7,41.1,184.6,6,7.64,1,84.3,74.49
EMP00831,Marketing,Senior,8.4,38.0,189.8,6,7.09,3,65.9,70.85
EMP00832,Marketing,Junior,0.9,62.9,168.8,2,9.4,2,64.4,51.23
EMP00833,Engineering,Mid,3.5,38.6,167.7,1,7.47,3,49.4,48.63
EMP00834,Finance,Senior,7.0,55.5,188.3,7,9.11,1,80.1,79.05
EMP00835,Finance,Mid,4.9,65.5,171.3,4,7.72,0,58.8,62.58
EMP00836,Marketing,Junior,1.1,38.4,166.4,3,10.91,3,62.3,42.48
EMP00837,Finance,Lead,8.0,28.6,162.2,6,8.93,3,74.7,60.34
EMP00838,Customer_Support,Mid,4.3,38.8,167.8,4,9.56,2,60.4,61.04
EMP00839,HR,Mid,4.6,25.0,187.3,5,8.45,3,78.0,59.1
EMP00840,Marketing,Junior,0.0,44.0,153.9,2,8.97,2,71.2,38.88
EMP00841,Sales,Mid,2.7,66.5,183.8,4,8.41,6,64.4,56.95
EMP00842,Operations,Mid,5.7,31.3,165.1,3,7.71,1,63.7,46.67
EMP00843,Marketing,Junior,0.6,70.9,172.1,4,10.05,0,50.5,56.02
EMP00844,HR,Mid,5.3,40.5,173.0,4,8.9,5,64.2,59.95
EMP00845,Sales,Mid,7.1,78.7,171.9,4,11.47,3,75.0,59.2
EMP00846,Operations,Lead,8.7,28.8,171.0,8,10.48,1,49.2,57.47
EMP00847,Engineering,Manager,24.5,32.8,168.8,11,7.46,1,61.4,92.43
EMP00848,Finance,Junior,2.1,37.3,167.0,3,9.58,5,52.4,50.73
EMP00849,Sales,Junior,1.9,40.7,193.5,1,7.9,5,63.8,45.67
EMP00850,Customer_Support,Senior,5.0,63.1,175.4,5,9.01,3,74.8,62.24
EMP00851,Sales,Manager,19.5,42.1,173.2,4,5.67,4,68.6,72.02
EMP00852,Engineering,Lead,14.7,54.4,166.0,7,7.1,3,43.9,71.0
EMP00853,Operations,Junior,2.2,31.3,169.3,4,10.45,3,67.8,47.48
EMP00854,Customer_Support,Junior,2.2,60.8,166.0,0,10.83,3,52.7,36.94
EMP00855,Engineering,Junior,4.0,36.4,185.7,3,7.1,3,76.1,55.56
EMP00856,HR,Lead,13.9,18.9,164.4,10,8.97,5,64.2,79.68
EMP00857,Finance,Mid,4.5,50.6,143.6,1,10.51,2,52.7,46.43
EMP00858,Operations,Mid,3.7,50.4,175.8,2,8.48,4,59.1,47.61
EMP00859,Engineering,Mid,6.1,47.8,171.1,5,10.19,4,64.7,61.35
EMP00860,Marketing,Junior,0.6,61.8,166.8,5,9.71,3,67.7,55.73
EMP00861,Finance,Senior,12.5,56.1,187.8,9,7.75,2,52.4,72.7
EMP00862,Finance,Junior,0.0,73.0,136.7,2,9.94,4,49.5,39.05
EMP00863,Operations,Senior,10.0,25.1,197.1,6,7.04,7,68.8,64.0
EMP00864,Marketing,Senior,5.0,65.5,189.8,0,6.99,4,77.3,62.34
EMP00865,Sales,Senior,10.4,71.2,166.2,3,11.82,2,69.0,62.33
EMP00866,Customer_Support,Mid,2.9,41.5,168.7,3,10.27,5,50.2,45.5
EMP00867,Operations,Lead,12.0,14.0,182.1,8,7.61,4,51.1,66.18
EMP00868,Operations,Senior,7.7,22.2,182.4,5,10.91,5,51.8,47.21
EMP00869,Sales,Junior,0.2,44.1,166.1,4,7.77,0,72.7,66.26
EMP00870,Engineering,Junior,0.7,81.2,152.4,2,9.71,3,60.1,54.04
EMP00871,Finance,Senior,7.7,43.3,204.6,7,7.51,2,73.6,76.58
EMP00872,Sales,Junior,0.3,41.7,188.4,2,9.42,1,69.6,51.79
EMP00873,Customer_Support,Junior,1.6,40.7,177.2,5,9.97,3,72.9,51.75
EMP00874,Engineering,Junior,3.0,31.2,177.5,2,9.12,3,82.8,52.23
EMP00875,Finance,Junior,3.3,64.1,183.7,1,7.2,1,69.5,55.06
EMP00876,Operations,Mid,6.7,45.6,185.4,6,7.44,4,42.4,49.78
EMP00877,Engineering,Senior,6.7,74.5,145.8,4,7.22,0,77.3,66.26
EMP00878,Engineering,Junior,2.1,60.4,170.1,3,9.23,1,71.4,67.4
EMP00879,Marketing,Senior,10.6,55.4,168.6,6,6.63,4,59.5,71.23
EMP00880,Marketing,Junior,4.0,47.4,172.7,5,9.34,1,80.3,61.06
EMP00881,HR,Mid,6.7,30.6,185.8,13,8.66,4,64.2,70.3
EMP00882,Marketing,Junior,1.1,37.9,149.9,2,6.98,0,57.6,51.43
EMP00883,Customer_Support,Senior,6.6,22.5,156.1,7,7.02,2,71.5,64.37
EMP00884,HR,Manager,19.7,48.7,165.5,4,6.29,4,61.1,70.63
EMP00885,Engineering,Mid,7.0,41.2,177.2,3,8.66,4,63.0,64.62
EMP00886,Engineering,Junior,0.0,65.3,186.6,5,7.69,3,56.5,53.16
EMP00887,Engineering,Junior,2.8,53.0,197.8,4,10.88,1,60.2,60.47
EMP00888,Sales,Junior,0.0,46.6,171.0,2,11.0,6,53.2,39.32
EMP00889,Sales,Lead,21.6,21.5,186.6,8,9.34,4,69.5,76.75
EMP00890,Finance,Junior,0.6,55.5,184.9,3,12.53,2,50.8,43.29
EMP00891,Engineering,Manager,10.7,31.7,182.6,9,6.06,2,47.7,71.56
EMP00892,Customer_Support,Mid,5.3,60.5,174.7,5,8.88,1,61.6,54.72
EMP00893,Engineering,Mid,3.5,36.3,169.4,4,9.35,5,62.4,57.2
EMP00894,Sales,Lead,14.4,48.2,160.1,5,8.87,3,61.8,63.28
EMP00895,Finance,Junior,2.1,75.6,159.2,5,9.46,2,78.4,57.66
EMP00896,Operations,Senior,5.7,47.1,179.9,2,10.54,2,60.9,56.47
EMP00897,Engineering,Junior,1.4,62.8,174.2,3,10.35,1,88.1,63.55
EMP00898,Engineering,Lead,16.2,47.6,169.2,5,5.71,2,69.2,73.38
EMP00899,Engineering,Mid,4.7,75.5,184.3,5,7.49,1,82.1,78.07
EMP00900,Marketing,Junior,1.3,56.6,172.2,1,11.39,1,57.4,50.13
EMP00901,HR,Lead,18.0,49.5,162.2,5,7.93,4,67.3,70.86
EMP00902,Engineering,Junior,0.1,50.5,171.3,1,11.67,1,58.8,38.52
EMP00903,Sales,Junior,1.5,39.4,186.5,4,6.33,0,52.2,44.92
EMP00904,HR,Senior,12.4,24.9,160.7,5,7.53,2,63.3,61.22
EMP00905,Customer_Support,Mid,5.3,66.0,177.9,5,10.81,3,42.1,55.01
EMP00906,Finance,Lead,14.2,23.9,174.2,11,5.11,4,64.9,82.52
EMP00907,HR,Senior,8.5,54.2,164.3,10,9.06,4,62.4,64.16
EMP00908,Sales,Senior,8.6,49.2,170.9,6,7.47,2,64.8,72.72
EMP00909,Engineering,Junior,2.7,64.8,153.0,3,8.45,1,54.2,53.53
EMP00910,Engineering,Junior,1.5,43.3,176.5,1,8.92,2,78.4,58.49
EMP00911,Operations,Manager,14.5,23.1,155.9,4,8.93,4,80.4,68.04
EMP00912,Operations,Junior,0.5,56.7,190.0,2,11.33,2,77.8,41.33
EMP00913,Customer_Support,Mid,3.4,42.6,173.7,4,9.16,5,80.8,48.92
EMP00914,Customer_Support,Junior,0.0,32.5,167.0,2,13.23,4,58.5,33.11
EMP00915,Customer_Support,Junior,0.5,80.1,191.2,4,7.57,5,53.8,51.73
EMP00916,Customer_Support,Mid,7.2,35.1,160.6,2,7.9,3,63.9,53.82
EMP00917,Sales,Senior,11.1,28.1,164.5,6,10.14,2,59.1,68.91
EMP00918,Sales,Senior,7.0,39.4,149.4,1,8.22,5,41.1,45.78
EMP00919,Engineering,Lead,23.0,57.8,193.3,8,5.59,5,79.8,91.03
EMP00920,Marketing,Junior,2.0,18.5,201.2,2,9.7,6,61.2,39.68
EMP00921,Sales,Mid,5.7,64.5,151.6,3,8.36,4,44.4,53.47
EMP00922,Operations,Junior,1.9,37.3,163.6,1,11.18,4,53.9,44.59
EMP00923,Marketing,Senior,7.6,47.0,176.0,5,7.23,3,61.5,61.42
EMP00924,Marketing,Mid,2.7,36.9,167.8,8,13.19,2,64.1,56.24
EMP00925,Sales,Mid,8.0,76.9,174.6,3,6.7,3,62.3,62.09
EMP00926,Engineering,Junior,0.5,52.9,173.4,1,12.45,3,86.4,49.52
EMP00927,Sales,Lead,10.2,28.4,180.7,6,8.83,5,46.5,51.75
EMP00928,Operations,Lead,11.6,34.5,161.5,9,6.52,1,58.2,73.54
EMP00929,Marketing,Lead,10.2,40.3,177.7,6,8.03,6,53.5,67.33
EMP00930,Finance,Junior,0.0,53.7,159.4,1,11.33,2,78.1,45.49
EMP00931,Engineering,Manager,24.5,41.6,169.2,4,6.2,4,63.3,80.18
EMP00932,Engineering,Junior,2.0,51.0,150.7,4,7.21,3,65.9,66.58
EMP00933,HR,Mid,4.7,26.3,169.3,6,9.68,2,78.6,65.86
EMP00934,Operations,Junior,0.4,45.9,167.0,1,8.15,1,75.9,52.09
EMP00935,Operations,Junior,2.3,60.1,188.2,4,11.3,1,77.7,52.6
EMP00936,Engineering,Mid,2.3,37.0,174.2,5,10.98,2,50.3,56.17
EMP00937,Customer_Support,Junior,0.6,61.1,176.7,1,8.15,2,63.8,39.79
EMP00938,Sales,Mid,2.8,47.5,174.7,2,6.64,5,65.2,52.51
EMP00939,Operations,Senior,9.9,39.7,145.2,6,7.64,4,59.4,59.16
EMP00940,Sales,Lead,20.3,56.9,147.0,8,5.92,6,62.8,80.92
EMP00941,Engineering,Senior,5.0,16.9,170.5,4,8.76,3,85.4,56.67
EMP00942,Operations,Mid,7.5,36.9,178.9,3,9.34,2,72.5,67.92
EMP00943,Sales,Junior,0.3,69.5,171.7,2,9.89,5,72.8,47.39
EMP00944,HR,Lead,17.2,66.5,162.9,6,6.84,0,68.5,86.0
EMP00945,HR,Junior,1.7,85.3,171.6,2,8.75,1,93.2,65.07
EMP00946,Engineering,Junior,4.0,51.8,170.4,3,8.15,4,65.2,57.33
EMP00947,Finance,Junior,2.4,57.9,185.9,5,10.66,0,43.6,51.46
EMP00948,Operations,Senior,9.7,55.3,185.1,5,8.82,4,56.8,61.24
EMP00949,Operations,Mid,8.0,66.1,167.3,10,8.18,2,60.7,66.12
EMP00950,Engineering,Senior,6.7,47.7,174.3,5,7.04,2,85.6,76.65
EMP00951,Marketing,Mid,6.5,60.9,178.9,6,11.06,2,57.9,58.11
EMP00952,Engineering,Mid,7.1,53.9,180.9,6,11.2,1,75.9,69.99
EMP00953,Engineering,Mid,6.9,54.8,198.1,5,10.43,3,52.3,61.11
EMP00954,Sales,Junior,1.7,37.2,174.6,1,10.8,3,75.0,44.4
EMP00955,Customer_Support,Mid,5.6,42.1,191.4,4,7.49,8,58.8,50.07
EMP00956,Operations,Senior,11.6,35.2,158.8,5,9.62,4,56.6,59.15
EMP00957,Operations,Mid,5.2,29.2,166.1,5,9.88,1,85.6,63.08
EMP00958,Marketing,Junior,1.9,26.2,145.1,3,8.45,2,76.8,50.19
EMP00959,HR,Senior,10.6,36.6,177.1,4,8.95,3,53.5,53.49
EMP00960,Marketing,Mid,5.6,43.0,184.1,5,8.3,2,62.7,60.96
EMP00961,Marketing,Junior,0.0,52.6,139.2,3,11.31,3,96.8,57.67
EMP00962,HR,Junior,0.2,59.3,177.6,6,11.72,2,89.7,60.68
EMP00963,Sales,Mid,6.0,49.8,183.5,2,9.69,4,73.1,54.47
EMP00964,Sales,Mid,3.0,43.1,182.7,2,8.21,7,39.8,46.1
EMP00965,Customer_Support,Senior,10.2,29.3,158.3,8,8.89,2,74.0,63.62
EMP00966,HR,Junior,0.0,64.2,185.8,7,10.94,4,58.4,49.07
EMP00967,Customer_Support,Senior,5.0,41.5,175.1,3,7.77,1,73.9,58.2
EMP00968,Sales,Junior,3.6,44.5,183.3,1,9.17,2,53.3,43.64
EMP00969,Marketing,Senior,8.7,40.2,173.2,4,10.9,3,69.9,58.1
EMP00970,Engineering,Senior,5.5,32.0,180.3,13,11.0,4,62.3,70.36
EMP00971,Engineering,Mid,6.0,39.0,190.5,2,8.19,5,65.6,61.52
EMP00972,Sales,Junior,3.3,42.6,172.1,2,6.86,2,69.5,51.99
EMP00973,Sales,Mid,7.4,42.7,179.0,7,10.84,5,46.2,56.5
EMP00974,Customer_Support,Manager,10.0,44.8,192.5,7,10.32,2,86.5,76.4
EMP00975,Engineering,Manager,25.7,41.1,173.1,9,7.36,6,57.7,81.78
EMP00976,Marketing,Junior,2.0,74.2,159.2,2,9.37,4,51.0,51.36
EMP00977,HR,Senior,8.9,61.2,184.5,10,9.14,3,73.5,73.42
EMP00978,HR,Mid,4.1,76.3,195.1,5,7.93,3,81.5,68.79
EMP00979,Marketing,Junior,1.7,59.4,193.0,3,11.43,6,60.1,50.36
EMP00980,Engineering,Senior,5.0,51.1,185.0,5,7.93,3,57.1,63.67
EMP00981,Customer_Support,Mid,3.9,39.7,142.2,7,8.36,6,46.9,49.44
EMP00982,Operations,Mid,5.5,59.4,166.1,2,8.91,4,47.6,44.06
EMP00983,Finance,Lead,11.8,29.2,166.8,7,6.66,1,66.7,75.38
EMP00984,HR,Mid,3.2,24.9,175.6,6,10.38,1,65.2,52.51
EMP00985,Sales,Senior,5.0,65.9,198.6,8,7.55,1,67.1,70.11
EMP00986,Customer_Support,Mid,2.0,28.3,159.9,2,13.14,7,62.4,38.32
EMP00987,Engineering,Junior,0.0,57.6,206.4,7,10.92,4,79.9,60.91
EMP00988,Sales,Mid,6.8,33.8,169.6,3,8.36,2,57.1,53.71
EMP00989,Engineering,Manager,21.5,51.9,164.3,7,4.37,5,61.1,90.18
EMP00990,Operations,Mid,3.6,65.9,186.8,9,8.86,4,61.9,67.05
EMP00991,Marketing,Junior,1.2,58.9,187.9,4,9.69,3,63.3,43.88
EMP00992,Finance,Senior,12.6,61.7,184.1,4,7.31,3,66.0,69.64
EMP00993,Operations,Manager,15.3,35.1,164.2,8,5.91,3,51.5,83.06
EMP00994,Engineering,Lead,10.5,72.5,182.0,12,6.48,0,77.7,93.58
EMP00995,Customer_Support,Mid,4.5,58.2,160.5,2,10.44,3,43.9,42.44
EMP00996,HR,Mid,3.3,33.5,163.8,3,11.32,4,60.7,53.31
EMP00997,Marketing,Mid,7.1,48.0,173.7,2,7.6,1,77.5,61.56
EMP00998,Sales,Lead,19.5,36.7,163.5,9,6.3,5,48.4,78.43
EMP00999,Customer_Support,Lead,15.4,35.2,189.7,5,4.43,3,70.6,73.47
EMP01000,Engineering,Lead,19.6,14.1,166.9,7,5.59,5,53.1,76.45
EMP01001,Sales,Mid,6.2,52.8,171.9,4,11.69,6,43.0,42.83
EMP01002,HR,Junior,3.7,30.2,162.7,0,11.31,5,48.1,39.78
EMP01003,Sales,Mid,4.0,9.1,189.5,9,10.11,1,63.4,59.2
EMP01004,Sales,Junior,1.7,45.8,165.7,5,8.29,3,70.8,55.19
EMP01005,Marketing,Junior,0.8,39.7,191.0,5,9.06,8,79.5,59.23
EMP01006,Engineering,Mid,2.1,34.1,190.0,7,8.78,1,84.6,72.1
EMP01007,Customer_Support,Senior,10.1,4.0,168.8,7,9.47,1,68.4,61.68
EMP01008,Engineering,Lead,13.8,26.2,175.4,12,8.99,5,60.0,73.03
EMP01009,Finance,Senior,7.9,40.4,168.4,7,8.36,4,52.9,62.79
EMP01010,HR,Lead,16.0,29.5,182.6,4,8.13,2,75.5,69.94
EMP01011,Finance,Senior,6.3,48.8,172.3,10,7.55,0,80.1,79.53
EMP01012,Marketing,Senior,5.7,63.9,169.2,8,9.12,4,51.6,62.89
EMP01013,HR,Junior,0.0,58.7,175.6,2,11.63,2,81.5,56.78
EMP01014,Customer_Support,Senior,9.6,58.4,152.8,2,10.35,6,35.0,47.65
EMP01015,Engineering,Junior,3.2,67.6,173.9,4,8.09,1,74.7,61.76
EMP01016,Sales,Junior,1.4,35.7,184.1,2,12.0,5,60.8,44.31
EMP01017,Finance,Junior,0.0,57.6,176.9,6,13.54,2,60.5,57.56
EMP01018,Operations,Lead,15.2,53.9,188.3,6,5.01,3,60.4,71.47
EMP01019,Sales,Senior,8.0,36.5,169.7,5,6.14,1,51.8,60.04
EMP01020,HR,Manager,14.8,23.1,168.6,10,8.98,2,71.4,76.08
EMP01021,Operations,Manager,28.5,43.0,159.4,13,4.27,1,60.7,96.26
EMP01022,Finance,Lead,11.5,16.8,169.3,8,7.28,3,74.2,85.06
EMP01023,Customer_Support,Junior,0.4,34.7,202.5,2,11.85,2,77.1,52.31
EMP01024,Marketing,Lead,13.4,29.0,178.9,6,6.09,2,65.5,71.94
EMP01025,Finance,Lead,9.3,45.8,166.8,6,8.28,4,53.2,69.0
EMP01026,Engineering,Lead,16.0,42.3,160.9,12,5.06,4,56.3,90.84
EMP01027,Customer_Support,Junior,0.0,66.5,152.6,4,11.48,4,78.4,43.52
EMP01028,Engineering,Junior,1.3,37.2,163.4,3,11.29,2,88.8,52.9
EMP01029,Finance,Manager,26.1,20.4,185.6,8,5.46,4,73.6,92.18
EMP01030,HR,Junior,1.7,58.9,169.0,2,10.06,6,66.7,40.3
EMP01031,Marketing,Mid,3.8,35.0,161.6,7,9.37,2,73.8,62.81
EMP01032,Finance,Mid,5.6,37.9,163.1,2,8.9,2,78.7,62.08
EMP01033,Marketing,Junior,0.9,23.1,184.1,0,10.05,3,56.6,41.39
EMP01034,Customer_Support,Junior,2.4,55.4,173.9,3,11.16,5,58.4,43.69
EMP01035,HR,Manager,18.4,58.1,166.2,3,3.8,2,52.7,79.6
EMP01036,Finance,Lead,17.0,23.6,170.7,13,9.41,5,61.5,83.94
EMP01037,Engineering,Lead,18.0,54.3,205.9,6,6.97,3,88.5,97.83
EMP01038,HR,Junior,1.6,50.1,192.1,3,13.2,2,78.9,45.89
EMP01039,HR,Junior,2.8,24.5,195.6,4,10.24,0,67.6,49.36
EMP01040,Sales,Mid,4.9,33.6,150.5,8,9.25,4,29.7,48.11
EMP01041,Sales,Mid,4.7,32.7,172.9,5,10.14,5,54.1,55.95
EMP01042,Finance,Junior,1.1,46.3,166.0,3,8.37,5,64.2,53.82
EMP01043,Finance,Senior,13.6,49.3,182.6,8,6.18,2,60.4,73.41
EMP01044,Finance,Manager,19.7,62.7,189.8,14,5.84,3,63.4,91.14
EMP01045,Sales,Mid,4.9,25.5,179.6,5,9.34,7,64.9,47.88
EMP01046,Engineering,Mid,6.0,39.7,162.8,4,10.53,4,63.6,64.83
EMP01047,Engineering,Mid,4.4,33.6,165.7,3,9.42,2,69.9,58.11
EMP01048,Operations,Junior,4.0,32.0,183.7,4,11.75,2,58.2,46.98
EMP01049,Operations,Junior,0.8,52.4,185.1,1,6.42,2,51.6,41.03
EMP01050,Engineering,Mid,5.4,47.0,177.0,3,11.7,1,92.2,65.43
EMP01051,Finance,Mid,2.5,19.8,176.8,4,9.0,5,57.3,47.01
EMP01052,Sales,Mid,8.0,47.3,175.7,4,9.76,7,34.9,46.03
EMP01053,Engineering,Lead,16.7,20.9,178.8,5,8.57,2,91.4,79.32
EMP01054,Sales,Junior,0.4,51.2,185.0,2,8.38,5,51.8,40.3
EMP01055,Engineering,Junior,0.3,70.0,183.8,4,12.26,2,80.8,64.46
EMP01056,Finance,Junior,1.2,57.9,175.3,0,11.16,1,54.8,49.33
EMP01057,Customer_Support,Junior,0.0,53.7,174.3,3,12.76,3,64.8,46.13
EMP01058,Engineering,Mid,3.9,39.1,173.8,6,9.49,3,69.4,54.76
EMP01059,Marketing,Lead,13.5,40.0,164.1,8,7.33,6,76.0,71.97
EMP01060,Finance,Lead,20.2,47.4,163.9,7,5.36,5,60.4,74.01
EMP01061,Customer_Support,Senior,8.4,50.0,182.6,6,7.41,8,50.1,66.47
EMP01062,Marketing,Mid,4.9,45.5,165.0,3,9.15,5,67.1,59.23
EMP01063,Engineering,Junior,1.9,54.3,186.4,4,10.83,3,65.4,61.0
EMP01064,Marketing,Mid,5.6,27.3,174.3,5,10.19,2,40.8,45.84
EMP01065,Engineering,Mid,3.7,36.0,186.5,3,7.99,7,62.8,48.69
EMP01066,Customer_Support,Lead,17.6,49.6,183.9,5,6.62,0,92.4,87.01
EMP01067,Engineering,Mid,4.5,59.6,186.8,5,9.61,4,48.1,46.86
EMP01068,Finance,Junior,0.0,52.4,168.3,4,7.26,2,65.9,55.92
EMP01069,Sales,Junior,1.7,73.2,180.7,1,11.24,2,59.1,48.07
EMP01070,HR,Junior,0.0,58.6,185.3,4,9.91,2,88.0,53.53
EMP01071,Operations,Lead,19.6,35.5,153.3,11,6.49,3,46.7,82.58
EMP01072,Marketing,Junior,1.0,32.7,198.8,0,12.17,1,65.2,41.61
EMP01073,HR,Junior,2.2,72.6,206.7,0,8.56,1,74.2,55.0
EMP01074,Customer_Support,Junior,4.0,62.6,188.3,8,8.49,4,55.8,59.39
EMP01075,Operations,Lead,19.8,66.0,186.3,3,3.24,2,50.8,73.67
EMP01076,Engineering,Mid,4.5,79.5,183.2,4,9.17,7,69.7,60.1
EMP01077,Marketing,Senior,9.2,23.7,170.5,10,9.8,2,60.3,64.31
EMP01078,HR,Mid,2.7,27.7,173.5,3,6.57,4,62.3,54.47
EMP01079,Marketing,Junior,0.2,8.1,188.5,1,8.77,2,75.2,50.2
EMP01080,Engineering,Lead,13.5,52.8,161.4,9,7.54,2,74.8,88.51
EMP01081,Engineering,Junior,1.3,60.8,160.1,3,9.42,2,76.6,57.35
EMP01082,Customer_Support,Junior,0.6,52.5,169.4,2,9.53,5,62.0,44.28
EMP01083,Customer_Support,Mid,5.4,28.6,184.2,5,9.35,3,69.5,52.14
EMP01084,Operations,Junior,0.5,49.7,162.9,2,12.74,4,75.7,49.56
EMP01085,Customer_Support,Junior,0.6,53.8,171.8,3,10.22,5,54.6,38.96
EMP01086,Finance,Lead,15.6,50.7,173.5,11,7.35,3,72.8,88.45
EMP01087,Operations,Mid,2.0,51.1,160.8,4,10.29,3,44.4,50.46
EMP01088,Operations,Junior,2.5,61.0,140.8,0,7.17,6,33.0,39.81
EMP01089,HR,Mid,8.0,45.1,160.6,3,9.23,0,87.9,57.72
EMP01090,HR,Senior,5.0,60.7,178.7,7,6.69,1,62.0,61.41
EMP01091,Engineering,Junior,0.9,60.5,181.8,6,10.16,4,73.0,56.31
EMP01092,Finance,Junior,4.0,33.2,181.9,0,11.22,4,48.3,34.48
EMP01093,Engineering,Senior,7.9,63.8,183.5,5,7.85,2,54.7,76.74
EMP01094,Engineering,Senior,9.5,61.4,166.2,5,9.72,2,61.4,68.81
EMP01095,Marketing,Manager,15.8,42.0,163.2,12,4.21,4,71.7,84.1
EMP01096,HR,Mid,6.1,51.2,180.3,5,9.43,6,59.8,50.97
EMP01097,Engineering,Junior,2.0,75.9,172.0,2,10.37,4,66.0,60.51
EMP01098,Operations,Mid,5.8,22.5,187.7,6,5.31,3,51.1,62.71
EMP01099,Operations,Senior,7.9,61.6,180.3,5,9.16,5,74.0,58.63
EMP01100,Sales,Junior,0.3,43.9,193.0,4,6.02,1,72.4,60.71
EMP01101,Sales,Mid,2.0,63.4,168.5,7,9.85,4,56.2,54.79
EMP01102,Engineering,Junior,1.1,52.8,189.9,4,10.71,2,78.2,58.04
EMP01103,Operations,Lead,17.1,20.4,203.5,5,6.2,2,57.1,63.2
EMP01104,Operations,Lead,9.4,31.6,175.8,8,8.11,7,55.9,62.89
EMP01105,Sales,Mid,2.9,62.3,182.0,6,12.65,5,61.4,48.8
EMP01106,Operations,Manager,19.7,31.8,162.0,8,5.31,2,67.7,86.86
EMP01107,Sales,Manager,15.6,25.7,187.5,11,5.01,5,51.3,74.02
EMP01108,Engineering,Junior,0.5,41.6,190.8,7,13.02,3,76.0,63.81
EMP01109,Customer_Support,Mid,7.3,56.6,168.1,7,9.13,4,88.0,66.01
EMP01110,Engineering,Senior,7.5,69.3,183.2,7,10.1,4,72.2,63.79
EMP01111,Sales,Junior,2.5,18.9,178.9,2,7.58,2,62.4,43.93
EMP01112,HR,Mid,8.0,89.0,180.5,6,5.28,1,65.0,65.04
EMP01113,Marketing,Junior,0.0,54.1,186.4,1,8.98,4,69.7,50.74
EMP01114,Customer_Support,Manager,18.6,43.7,182.3,9,5.94,2,38.7,68.75
EMP01115,Customer_Support,Mid,6.9,40.5,173.1,3,8.15,1,78.4,57.28
EMP01116,Sales,Senior,10.0,42.9,186.7,2,7.36,7,73.8,61.81
EMP01117,Sales,Mid,6.6,49.9,190.6,5,6.3,3,54.3,53.25
EMP01118,Operations,Junior,0.0,35.3,167.2,3,10.5,4,60.4,48.83
EMP01119,Engineering,Lead,9.5,26.9,175.0,7,7.44,3,63.3,73.37
EMP01120,Operations,Junior,0.8,68.8,150.2,2,6.99,4,63.6,49.29
EMP01121,Finance,Junior,2.3,27.7,183.2,4,9.43,4,63.7,43.69
EMP01122,Sales,Mid,5.5,53.6,192.1,2,8.88,5,64.7,50.49
EMP01123,Operations,Senior,13.5,37.4,171.4,5,9.08,1,47.7,57.72
EMP01124,Sales,Mid,2.8,32.6,176.9,8,8.69,1,56.2,52.55
EMP01125,HR,Junior,3.0,80.6,171.9,3,11.12,1,79.8,60.57
EMP01126,Marketing,Mid,6.5,32.7,169.6,5,10.13,3,57.6,54.39
EMP01127,Marketing,Junior,3.2,34.0,178.3,5,8.58,6,32.3,38.46
EMP01128,Finance,Junior,2.1,48.2,164.0,2,10.83,5,61.2,43.99
EMP01129,Finance,Mid,2.3,35.5,171.7,7,11.11,3,91.9,65.84
EMP01130,Customer_Support,Junior,1.4,51.1,162.3,1,11.51,2,68.2,52.22
EMP01131,Customer_Support,Junior,2.5,53.3,183.2,4,10.32,4,51.0,46.55
EMP01132,Marketing,Senior,9.4,46.5,178.3,8,8.01,5,63.4,64.64
EMP01133,Sales,Senior,12.4,41.1,169.0,3,5.82,4,70.2,61.52
EMP01134,Finance,Junior,0.1,40.5,175.5,2,11.82,5,41.9,35.38
EMP01135,Customer_Support,Mid,2.1,56.7,171.9,2,7.48,3,47.7,49.48
EMP01136,Engineering,Junior,0.0,49.3,191.0,5,9.93,5,74.8,59.16
EMP01137,HR,Manager,28.1,27.6,168.8,3,6.35,0,85.1,85.49
EMP01138,HR,Junior,2.0,73.2,183.9,1,8.48,3,60.7,48.21
EMP01139,Sales,Junior,0.3,49.2,165.1,0,10.11,0,80.8,41.34
EMP01140,Finance,Mid,2.0,63.4,186.4,6,7.32,4,53.9,61.89
EMP01141,Engineering,Junior,1.4,69.4,189.5,7,9.45,4,29.4,47.26
EMP01142,Operations,Junior,1.6,70.3,190.2,2,8.54,2,68.9,54.35
EMP01143,Operations,Junior,1.8,61.4,195.6,2,8.8,3,66.5,44.25
EMP01144,Operations,Senior,10.9,43.0,179.1,10,8.73,2,68.8,72.36
EMP01145,HR,Senior,12.3,42.0,192.3,3,8.66,5,74.4,66.86
EMP01146,Engineering,Senior,7.2,39.3,197.7,7,7.65,2,72.3,82.15
EMP01147,Finance,Senior,8.4,10.5,159.3,5,8.67,4,59.9,55.91
EMP01148,Operations,Mid,6.5,57.8,166.6,7,8.26,5,57.4,65.2
EMP01149,HR,Lead,8.8,42.7,154.1,5,7.38,5,60.5,68.27
EMP01150,Operations,Senior,8.4,55.4,189.9,7,6.67,4,55.2,63.44
EMP01151,Sales,Lead,13.6,37.2,153.9,7,6.48,5,40.3,63.41
EMP01152,Operations,Senior,10.6,53.0,150.1,6,5.22,3,45.4,59.61
EMP01153,Sales,Mid,4.4,26.3,159.6,4,12.14,1,60.0,45.26
EMP01154,Sales,Junior,2.6,33.5,150.7,0,11.48,6,35.1,22.48
EMP01155,Marketing,Mid,4.7,9.9,178.8,4,12.58,4,39.9,36.72
EMP01156,Sales,Junior,2.5,49.0,159.8,0,11.4,3,58.0,28.09
EMP01157,Sales,Mid,4.5,35.4,151.3,6,9.61,7,60.5,52.65
EMP01158,Sales,Junior,1.7,37.4,174.4,4,6.86,1,58.2,57.89
EMP01159,HR,Junior,1.0,56.0,175.2,4,11.48,2,37.4,42.35
EMP01160,Operations,Manager,18.5,28.6,148.8,10,8.06,3,78.6,82.49
EMP01161,Sales,Senior,11.4,21.5,165.0,4,6.28,1,44.8,54.39
EMP01162,Finance,Mid,2.2,85.2,174.0,1,10.29,2,53.2,59.63
EMP01163,Operations,Mid,3.2,46.4,170.0,4,9.58,0,44.9,53.47
EMP01164,Sales,Mid,3.3,30.8,170.4,4,9.26,4,77.6,50.05
EMP01165,Sales,Lead,12.7,29.0,191.5,7,8.11,4,67.1,79.94
EMP01166,Operations,Senior,9.4,40.4,205.1,5,8.81,3,54.3,66.54
EMP01167,Operations,Senior,11.6,40.4,170.6,7,6.45,1,53.5,61.43
EMP01168,Marketing,Mid,2.0,66.5,156.5,7,10.9,6,66.2,61.63
EMP01169,Operations,Mid,3.5,45.8,171.7,3,7.29,3,45.0,47.49
EMP01170,Sales,Senior,7.3,70.8,177.7,5,9.13,3,66.6,55.46
EMP01171,Engineering,Manager,13.8,28.5,174.3,6,7.25,3,63.4,71.63
EMP01172,Finance,Mid,2.3,53.4,183.5,5,8.44,3,69.2,64.53
EMP01173,Engineering,Mid,5.7,62.3,206.0,3,10.77,0,75.8,67.49
EMP01174,Finance,Mid,5.8,64.9,151.0,6,6.36,3,55.9,75.2
EMP01175,Marketing,Mid,2.0,66.7,167.9,8,9.91,5,39.4,54.61
EMP01176,Finance,Manager,12.2,30.9,196.6,5,7.33,0,60.0,64.79
EMP01177,HR,Senior,11.7,42.9,167.7,10,10.04,3,48.6,61.23
EMP01178,Engineering,Mid,3.9,9.8,186.1,3,10.19,1,70.9,54.19
EMP01179,Engineering,Mid,8.0,44.1,183.8,8,5.58,3,66.9,71.21
EMP01180,Engineering,Mid,2.5,63.4,192.3,3,8.81,3,62.9,57.54
EMP01181,Finance,Junior,1.6,64.5,201.8,1,12.2,1,47.5,45.01
EMP01182,Sales,Mid,5.4,45.7,179.7,4,8.83,2,76.2,66.67
EMP01183,Sales,Lead,8.3,64.5,150.6,7,6.39,5,56.6,69.98
EMP01184,Sales,Senior,12.0,37.2,165.2,3,7.7,4,90.2,59.2
EMP01185,Sales,Junior,0.8,40.3,205.6,5,12.39,3,62.4,49.52
EMP01186,Operations,Senior,11.0,36.0,155.2,7,6.72,2,64.2,58.94
EMP01187,Engineering,Senior,9.4,26.2,182.0,4,6.67,3,70.5,64.9
EMP01188,Customer_Support,Junior,1.3,60.3,139.8,2,9.65,2,62.1,53.01
EMP01189,Sales,Senior,11.1,47.3,156.1,6,6.99,2,75.1,60.95
EMP01190,Finance,Senior,6.3,52.1,187.4,10,9.6,5,76.3,82.74
EMP01191,HR,Lead,14.6,32.8,175.5,6,6.56,3,44.8,68.03
EMP01192,Engineering,Junior,4.0,50.1,169.7,5,10.08,2,80.3,63.54
EMP01193,Operations,Junior,1.7,18.3,163.6,4,12.19,3,66.0,37.51
EMP01194,Customer_Support,Mid,4.7,52.6,147.0,2,7.81,3,58.4,50.2
EMP01195,Operations,Junior,2.0,52.5,184.7,5,11.32,1,80.6,53.79
EMP01196,Engineering,Mid,6.7,30.5,171.0,4,10.13,1,91.0,62.78
EMP01197,Engineering,Senior,9.6,41.4,153.7,7,6.37,5,80.9,74.81
EMP01198,Finance,Junior,0.7,47.1,175.4,4,11.98,3,56.5,57.33
EMP01199,Engineering,Mid,5.1,73.5,183.1,10,7.36,3,55.7,75.08
EMP01200,Finance,Manager,19.6,19.1,172.2,12,3.97,2,72.1,91.05
EMP01201,Marketing,Mid,3.6,52.0,176.6,3,8.12,3,80.3,62.33
EMP01202,Marketing,Mid,4.6,30.6,175.5,4,8.03,3,39.7,46.61
EMP01203,Operations,Mid,4.7,38.6,165.1,4,8.66,3,73.0,59.45
EMP01204,Finance,Junior,2.7,55.2,175.8,3,8.22,2,59.9,47.24
EMP01205,Sales,Junior,2.4,47.8,185.3,3,10.61,4,40.3,43.99
EMP01206,Sales,Senior,9.9,42.9,189.5,9,7.88,5,67.6,63.3
EMP01207,Marketing,Mid,4.3,52.0,186.1,4,9.46,2,74.9,59.19
EMP01208,HR,Junior,2.4,43.6,165.5,2,10.76,2,61.8,50.2
EMP01209,Engineering,Junior,1.8,64.3,183.9,0,12.03,6,57.3,51.72
EMP01210,HR,Lead,13.6,34.4,181.5,10,6.59,2,86.5,74.77
EMP01211,Finance,Junior,2.7,49.5,165.1,0,8.91,3,55.0,38.86
EMP01212,Operations,Senior,5.0,48.4,168.5,3,9.87,5,73.9,56.89
EMP01213,Marketing,Mid,2.0,50.4,184.5,5,11.28,2,45.8,53.15
EMP01214,Engineering,Mid,7.0,56.7,194.3,2,8.93,1,75.0,61.03
EMP01215,Engineering,Junior,3.0,55.8,149.6,5,9.83,4,74.7,58.65
EMP01216,Marketing,Junior,1.8,58.0,198.0,6,9.6,1,74.5,60.88
EMP01217,Engineering,Mid,6.6,42.1,191.3,5,8.01,3,87.9,70.27
EMP01218,Marketing,Senior,10.4,27.0,177.8,3,7.44,2,54.2,58.42
EMP01219,Finance,Junior,1.4,29.6,171.6,7,9.84,2,69.2,57.05
EMP01220,Sales,Mid,2.4,21.9,180.5,8,10.39,3,45.6,58.35
EMP01221,Sales,Mid,3.9,73.4,166.0,7,10.43,7,45.5,51.61
EMP01222,Engineering,Junior,2.6,17.8,172.5,5,8.5,4,63.1,59.6
EMP01223,Operations,Mid,4.0,64.9,154.3,2,9.33,5,64.9,50.73
EMP01224,Finance,Junior,0.4,38.7,150.6,3,9.09,1,83.1,52.55
EMP01225,Sales,Mid,2.2,64.8,207.7,9,9.13,2,84.3,70.28
EMP01226,Operations,Junior,0.6,18.0,175.9,4,10.25,2,55.7,35.59
EMP01227,HR,Mid,2.0,43.5,177.9,11,10.86,2,69.7,60.57
EMP01228,HR,Mid,3.2,68.8,174.6,1,9.16,0,77.3,54.49
EMP01229,Customer_Support,Mid,3.8,57.7,163.4,4,9.89,3,67.2,54.98
EMP01230,Sales,Mid,2.0,41.9,170.7,3,8.02,3,60.0,58.8
EMP01231,Engineering,Lead,18.7,9.9,176.3,11,4.89,2,70.9,86.58
EMP01232,Marketing,Mid,4.9,27.2,172.2,6,8.75,5,62.7,52.13
EMP01233,Engineering,Lead,22.1,59.8,164.5,7,10.68,2,67.5,84.59
EMP01234,Finance,Junior,1.4,45.8,181.7,2,8.85,3,58.9,49.43
EMP01235,Engineering,Mid,6.8,45.9,177.6,4,9.06,2,68.6,68.07
EMP01236,Sales,Junior,0.0,55.3,180.5,2,10.72,6,57.1,46.36
EMP01237,Engineering,Mid,6.2,27.5,184.9,4,8.98,3,56.4,59.38
EMP01238,HR,Senior,5.3,49.1,172.6,7,7.87,4,76.4,70.09
EMP01239,Sales,Lead,15.8,32.7,172.6,14,7.67,2,68.2,89.57
EMP01240,Sales,Mid,4.2,51.4,195.8,5,7.94,1,84.5,70.41
EMP01241,Operations,Senior,7.7,34.3,161.8,3,8.9,0,64.4,62.23
EMP01242,Engineering,Junior,2.5,27.4,148.8,2,8.98,1,65.0,55.01
EMP01243,Engineering,Junior,0.3,44.6,182.8,2,11.5,3,62.5,47.77
EMP01244,Sales,Senior,9.1,52.6,166.2,5,5.67,3,62.6,62.16
EMP01245,Engineering,Junior,0.9,56.9,159.9,3,9.87,6,76.6,54.83
EMP01246,Engineering,Junior,1.2,51.5,187.4,2,8.42,2,67.1,52.96
EMP01247,Marketing,Manager,15.2,48.5,173.0,12,7.78,7,46.4,73.17
EMP01248,Engineering,Manager,20.2,31.9,157.3,7,7.1,4,61.1,86.8
EMP01249,Operations,Senior,6.8,43.8,202.1,6,4.82,7,60.2,64.16
EMP01250,Customer_Support,Mid,2.0,39.8,152.5,1,7.78,4,66.9,43.36
EMP01251,Sales,Lead,11.2,53.3,173.8,9,8.84,4,44.2,73.2
EMP01252,Sales,Junior,1.5,55.4,148.6,1,9.75,6,65.2,43.96
EMP01253,Sales,Mid,5.9,38.6,178.8,3,9.83,1,64.7,58.58
EMP01254,Marketing,Mid,4.8,24.7,166.0,3,9.1,4,58.6,48.76
EMP01255,Sales,Lead,16.6,55.6,186.5,9,7.0,3,55.0,79.38
EMP01256,Operations,Lead,14.0,27.8,174.8,7,8.52,6,51.2,66.74
EMP01257,Finance,Senior,9.2,44.1,193.9,4,6.49,1,64.7,68.32
EMP01258,Operations,Junior,1.1,86.3,169.0,5,9.38,5,73.5,53.65
EMP01259,Marketing,Mid,5.3,59.0,152.5,4,7.61,4,78.4,64.57
EMP01260,Customer_Support,Junior,1.4,75.2,178.3,4,10.33,1,44.5,48.96
EMP01261,Sales,Lead,13.0,30.9,171.5,6,5.45,3,59.8,64.59
EMP01262,HR,Junior,1.4,67.1,149.5,4,11.25,5,39.7,52.04
EMP01263,Engineering,Junior,1.0,51.4,160.2,3,9.26,5,71.3,61.18
EMP01264,Customer_Support,Senior,9.2,48.5,164.7,3,8.88,2,65.2,59.65
EMP01265,Marketing,Mid,8.0,77.3,196.8,7,7.64,4,82.9,77.81
EMP01266,Operations,Lead,10.6,34.8,184.9,9,8.75,5,38.6,62.73
EMP01267,Sales,Junior,0.6,51.3,170.1,3,11.73,0,48.9,39.99
EMP01268,Customer_Support,Lead,12.1,25.5,181.6,6,8.47,6,59.7,67.64
EMP01269,HR,Junior,2.8,64.3,146.4,2,8.52,4,46.6,40.26
EMP01270,HR,Junior,0.0,42.6,167.1,2,12.19,4,68.1,45.13
EMP01271,Customer_Support,Mid,2.9,62.3,180.6,3,10.36,2,65.5,50.04
EMP01272,Engineering,Junior,1.3,26.3,177.3,1,9.08,6,54.6,39.86
EMP01273,Engineering,Mid,2.0,55.2,167.4,11,9.91,2,71.6,72.55
EMP01274,Marketing,Junior,0.9,41.3,174.5,2,12.18,3,49.5,44.8
EMP01275,Sales,Junior,2.0,62.0,179.7,5,8.62,4,78.5,59.53
EMP01276,Engineering,Senior,6.5,42.8,174.9,5,7.25,1,72.5,70.86
EMP01277,Engineering,Junior,0.0,43.0,187.1,3,9.97,1,62.3,44.18
EMP01278,Sales,Senior,10.7,37.2,179.5,7,5.99,3,47.1,62.98
EMP01279,Operations,Senior,6.7,30.2,182.2,8,8.66,1,64.7,59.28
EMP01280,Marketing,Junior,0.9,63.6,199.0,7,11.05,3,80.3,62.06
EMP01281,Engineering,Senior,15.9,27.3,186.6,4,7.46,3,60.7,68.17
EMP01282,HR,Junior,1.4,47.0,199.4,5,8.94,6,60.7,50.76
EMP01283,HR,Mid,2.4,52.2,165.6,6,10.74,1,57.0,54.86
EMP01284,Marketing,Junior,2.8,75.2,152.7,2,9.52,2,82.7,59.37
EMP01285,Customer_Support,Lead,13.3,38.9,173.0,8,6.13,2,35.1,68.16
EMP01286,Customer_Support,Mid,5.5,43.4,171.8,7,9.39,2,73.4,63.55
EMP01287,Engineering,Mid,4.6,51.1,195.4,3,10.84,3,65.5,62.19
EMP01288,Engineering,Manager,10.9,4.0,159.2,5,6.41,1,69.1,62.52
EMP01289,HR,Mid,2.1,29.0,173.9,5,11.75,3,61.9,45.99
EMP01290,Marketing,Lead,17.2,33.4,180.7,7,6.8,5,66.9,77.55
EMP01291,HR,Senior,8.7,32.3,176.4,6,8.41,2,57.2,62.01
EMP01292,Finance,Manager,22.5,11.0,172.6,9,5.76,2,75.7,83.68
EMP01293,Marketing,Lead,16.0,51.9,180.0,8,6.08,4,77.2,84.72
EMP01294,Engineering,Manager,13.7,38.9,190.1,5,5.06,2,58.2,80.63
EMP01295,Engineering,Junior,1.9,53.1,196.5,4,12.62,4,78.0,53.03
EMP01296,Engineering,Senior,5.5,32.6,175.5,4,7.03,7,65.7,59.43
EMP01297,Sales,Lead,21.3,40.2,163.6,11,7.86,4,62.6,73.45
EMP01298,Sales,Senior,6.0,50.7,196.5,8,11.03,1,80.3,69.99
EMP01299,Finance,Junior,0.1,47.0,159.9,6,9.14,2,54.9,52.36
EMP01300,Engineering,Manager,19.2,41.7,200.1,6,6.93,0,81.1,83.77
EMP01301,Engineering,Junior,0.9,39.1,193.8,1,10.99,3,75.5,48.82
EMP01302,Marketing,Mid,2.0,48.5,195.9,2,10.49,5,61.7,49.48
EMP01303,Finance,Mid,3.8,64.1,184.6,5,8.38,4,67.4,66.32
EMP01304,Engineering,Junior,2.6,69.5,145.4,6,9.24,5,73.0,59.55
EMP01305,Operations,Senior,12.4,62.9,160.5,7,8.84,5,46.1,57.52
EMP01306,Customer_Support,Junior,0.1,55.3,179.3,3,7.84,4,50.7,51.61
EMP01307,Marketing,Senior,7.8,43.5,165.5,5,5.56,3,51.5,65.56
EMP01308,Finance,Lead,16.7,32.3,170.6,10,6.91,3,59.7,73.55
EMP01309,Sales,Mid,2.0,19.9,183.6,4,9.34,0,78.1,60.2
EMP01310,Customer_Support,Senior,5.0,22.8,172.6,6,8.97,3,65.0,56.15
EMP01311,Engineering,Junior,1.4,48.5,157.9,3,8.94,6,52.8,52.55
EMP01312,Customer_Support,Lead,15.7,37.4,187.4,9,8.0,4,54.7,69.81
EMP01313,Marketing,Manager,17.3,56.2,182.2,7,7.52,5,66.8,71.06
EMP01314,Sales,Junior,1.5,70.7,171.5,1,10.17,5,70.9,45.12
EMP01315,Sales,Senior,11.6,32.7,185.0,3,5.97,1,54.2,57.04
EMP01316,Finance,Mid,5.5,59.3,176.3,2,10.49,4,48.2,46.43
EMP01317,Marketing,Mid,3.7,39.8,193.6,3,6.82,3,63.3,46.57
EMP01318,Sales,Senior,7.8,53.2,177.1,10,6.59,6,68.8,72.25
EMP01319,Finance,Mid,3.2,59.1,193.5,6,10.42,2,65.8,52.53
EMP01320,Operations,Senior,11.0,61.6,148.8,4,6.33,5,49.4,58.6
EMP01321,HR,Junior,1.0,43.6,181.4,4,8.98,3,87.1,46.81
EMP01322,HR,Mid,3.0,62.2,169.4,7,9.57,3,64.8,55.67
EMP01323,Sales,Lead,12.8,10.9,163.0,8,8.6,3,64.3,71.1
EMP01324,Operations,Junior,4.0,70.4,191.2,3,10.4,5,52.1,49.77
EMP01325,Engineering,Mid,5.0,46.6,187.4,9,10.95,4,83.3,67.97
EMP01326,Operations,Junior,1.0,50.9,146.9,2,9.38,4,66.9,48.22
EMP01327,Engineering,Lead,9.9,8.4,185.0,9,6.5,2,73.8,71.25
EMP01328,Marketing,Mid,4.6,41.2,183.3,8,7.36,3,50.2,64.99
EMP01329,Engineering,Mid,4.9,67.3,164.9,7,9.27,2,83.1,77.65
EMP01330,Sales,Junior,2.0,44.6,163.3,0,10.25,7,71.1,41.35
EMP01331,Operations,Mid,4.9,57.7,152.7,2,12.54,2,72.2,49.05
EMP01332,HR,Manager,27.6,35.5,170.3,10,5.74,2,66.4,78.98
EMP01333,Marketing,Mid,4.4,62.9,172.5,2,6.79,1,63.1,57.95
EMP01334,Customer_Support,Mid,2.4,49.9,186.2,3,11.07,3,55.8,50.44
EMP01335,Customer_Support,Senior,11.8,29.0,178.8,4,6.62,1,85.3,71.33
EMP01336,Operations,Mid,3.0,47.8,160.2,2,7.54,1,53.5,50.42
EMP01337,Engineering,Mid,3.7,71.0,178.3,10,10.73,6,55.8,58.95
EMP01338,Marketing,Mid,8.0,54.5,171.4,7,9.86,4,59.5,61.79
EMP01339,Operations,Junior,0.6,49.3,161.9,0,11.59,6,53.6,31.38
EMP01340,Engineering,Senior,9.8,76.8,152.7,4,7.2,0,85.1,84.08
EMP01341,Sales,Lead,11.7,56.4,183.7,10,10.57,3,45.7,71.56
EMP01342,Operations,Lead,11.2,51.3,181.2,7,8.81,7,53.3,65.88
EMP01343,HR,Lead,8.0,43.8,182.8,6,6.65,1,68.3,72.0
EMP01344,Marketing,Mid,2.0,58.0,164.8,5,12.63,1,79.2,55.04
EMP01345,Customer_Support,Junior,2.1,62.4,177.4,4,10.66,1,66.6,47.92
EMP01346,Marketing,Senior,16.0,10.3,155.7,5,7.19,2,83.4,80.18
EMP01347,HR,Manager,19.9,40.9,161.2,7,5.18,5,70.1,76.74
EMP01348,Engineering,Senior,5.0,40.6,175.5,3,4.25,1,67.6,68.26
EMP01349,HR,Mid,3.7,39.5,178.7,3,10.35,2,76.3,56.29
EMP01350,Sales,Senior,6.5,40.1,152.2,4,7.67,7,45.6,51.47
EMP01351,Operations,Senior,8.2,19.7,160.2,11,7.97,2,39.5,62.77
EMP01352,Operations,Lead,10.0,11.9,169.9,10,7.56,0,71.7,83.59
EMP01353,Engineering,Senior,15.8,61.7,188.4,8,6.03,2,72.5,84.36
EMP01354,Engineering,Mid,4.7,53.9,163.6,4,9.87,1,81.6,67.72
EMP01355,Operations,Junior,2.5,14.8,177.0,6,8.62,1,49.8,46.57
EMP01356,Sales,Mid,3.9,38.4,178.4,3,7.01,3,77.4,57.9
EMP01357,Marketing,Mid,6.6,60.2,171.5,3,8.97,1,72.0,63.1
EMP01358,HR,Manager,28.7,30.8,178.8,13,3.92,4,65.6,100.0
EMP01359,Finance,Mid,3.9,65.7,156.2,2,6.51,5,65.5,63.2
EMP01360,Sales,Mid,4.0,62.7,165.8,6,7.52,1,66.2,48.52
EMP01361,Finance,Mid,6.1,26.6,195.1,4,9.18,4,52.7,45.68
EMP01362,Engineering,Senior,14.4,40.9,196.1,9,7.63,2,65.4,88.22
EMP01363,Marketing,Mid,8.0,40.3,186.8,10,10.63,1,68.0,66.16
EMP01364,Sales,Junior,0.8,30.2,190.4,4,11.68,3,56.9,42.32
EMP01365,HR,Lead,20.4,17.2,149.4,10,6.86,3,48.4,71.12
EMP01366,Marketing,Mid,7.3,34.9,161.7,8,7.79,4,67.5,58.88
EMP01367,Engineering,Mid,4.2,37.4,170.6,5,8.45,3,80.0,61.95
EMP01368,Sales,Junior,1.4,55.2,208.8,4,10.57,4,74.8,51.21
EMP01369,Engineering,Mid,4.4,62.7,170.6,6,10.57,3,76.4,64.0
EMP01370,Engineering,Senior,12.9,50.7,185.4,5,8.41,3,79.8,70.71
EMP01371,Sales,Lead,15.5,50.3,180.3,8,6.27,2,73.9,84.87
EMP01372,Customer_Support,Junior,0.4,47.0,180.0,4,10.39,5,59.0,44.63
EMP01373,HR,Manager,21.8,44.0,174.7,9,5.34,3,40.6,78.6
EMP01374,Operations,Senior,6.6,40.8,158.2,11,5.57,4,73.9,75.39
EMP01375,Customer_Support,Junior,0.1,44.4,137.2,4,9.84,6,47.3,37.09
EMP01376,Sales,Junior,2.7,79.5,192.9,5,9.2,4,48.4,48.17
EMP01377,Finance,Junior,0.8,16.0,166.4,5,11.15,3,49.8,37.55
EMP01378,Operations,Lead,12.5,10.9,148.9,6,5.8,0,89.8,79.84
EMP01379,Marketing,Junior,0.0,56.7,181.1,2,8.77,4,69.3,49.89
EMP01380,HR,Mid,4.6,43.0,180.9,4,10.64,5,53.5,55.08
EMP01381,HR,Senior,7.0,21.4,185.8,5,7.18,3,57.8,61.41
EMP01382,Sales,Lead,15.6,23.2,190.6,10,5.95,5,62.0,83.94
EMP01383,Marketing,Senior,6.5,29.1,162.1,5,9.24,4,70.5,59.53
EMP01384,Customer_Support,Senior,6.6,56.4,162.8,3,9.52,6,61.4,49.85
EMP01385,Customer_Support,Junior,3.6,69.2,170.5,3,11.6,1,46.9,52.65
EMP01386,Sales,Lead,8.0,63.6,186.5,7,7.48,3,65.8,77.47
EMP01387,Finance,Junior,0.5,27.2,145.6,3,9.66,5,55.7,35.08
EMP01388,Engineering,Junior,1.2,30.5,176.8,4,9.75,2,82.6,60.7
EMP01389,Customer_Support,Manager,26.1,13.5,188.0,9,4.25,5,58.7,84.99
EMP01390,Sales,Junior,3.5,70.3,187.5,3,10.27,4,52.9,46.62
EMP01391,Customer_Support,Junior,1.3,57.3,184.9,7,9.51,3,66.3,50.04
EMP01392,Operations,Senior,13.5,44.2,189.9,12,5.85,1,64.6,79.7
EMP01393,Sales,Mid,4.8,50.4,136.5,2,6.65,8,56.3,49.39
EMP01394,Sales,Junior,1.3,50.1,197.6,5,9.79,2,70.8,51.84
EMP01395,Operations,Senior,8.3,26.2,179.6,0,9.16,0,67.5,57.28
EMP01396,Sales,Senior,8.7,50.7,193.7,3,7.27,3,76.4,58.44
EMP01397,Marketing,Senior,11.3,40.2,158.6,5,6.04,2,72.5,70.88
EMP01398,Customer_Support,Junior,0.0,33.0,150.4,2,12.3,1,55.4,46.79
EMP01399,Marketing,Mid,2.8,55.6,200.0,2,8.91,3,43.7,51.15
EMP01400,Engineering,Lead,15.1,32.6,162.0,10,8.25,4,72.2,88.44
EMP01401,HR,Junior,0.0,54.4,170.6,3,11.62,4,70.1,47.0
EMP01402,Sales,Junior,1.3,49.1,182.4,3,12.08,5,62.6,45.4
EMP01403,Customer_Support,Junior,1.9,64.4,185.8,2,9.8,6,21.9,31.66
EMP01404,Engineering,Mid,6.4,50.3,190.1,6,6.9,2,78.1,70.2
EMP01405,Engineering,Junior,1.9,37.7,178.1,1,7.21,3,59.1,52.47
EMP01406,Engineering,Senior,5.0,47.8,160.2,7,8.38,2,78.2,68.56
EMP01407,Customer_Support,Manager,18.0,40.3,184.9,9,8.61,4,78.4,85.32
EMP01408,Sales,Junior,0.9,58.7,185.1,1,10.13,3,59.0,46.47
EMP01409,Operations,Senior,9.2,58.5,149.6,5,10.06,1,65.3,56.9
EMP01410,Finance,Junior,1.5,41.8,194.9,3,8.58,6,63.4,54.75
EMP01411,Operations,Junior,0.0,61.0,140.2,3,12.18,2,66.3,54.88
EMP01412,Customer_Support,Senior,5.7,17.1,189.5,5,9.6,4,59.2,58.42
EMP01413,Operations,Mid,4.9,45.2,166.1,3,9.3,3,53.8,40.7
EMP01414,Customer_Support,Manager,20.7,30.9,184.9,11,7.17,6,47.1,87.1
EMP01415,Sales,Mid,4.4,68.7,182.1,6,8.39,0,81.1,58.31
EMP01416,Operations,Junior,2.1,48.7,174.5,4,10.5,2,65.3,42.12
EMP01417,Marketing,Mid,2.0,56.1,181.3,6,8.34,4,74.0,54.98
EMP01418,Marketing,Junior,1.7,24.6,173.8,6,9.06,2,68.8,53.78
EMP01419,Operations,Lead,19.1,33.7,185.0,8,5.14,2,71.7,72.58
EMP01420,Customer_Support,Senior,8.1,30.3,205.6,3,7.06,6,47.2,42.49
EMP01421,Finance,Mid,4.6,84.1,156.2,4,6.72,4,64.0,59.55
EMP01422,HR,Mid,2.0,37.0,130.4,8,12.71,2,72.1,53.56
EMP01423,HR,Senior,7.2,44.1,169.2,4,6.76,0,81.5,67.65
EMP01424,Engineering,Senior,7.1,44.9,168.2,5,9.9,1,100.0,78.27
EMP01425,Engineering,Junior,3.9,27.2,169.7,7,7.24,4,74.9,70.21
EMP01426,Engineering,Junior,1.5,43.1,162.0,10,9.13,3,62.1,62.85
EMP01427,Sales,Junior,0.4,57.1,187.2,2,9.59,5,47.7,43.57
EMP01428,Sales,Mid,3.3,48.3,155.7,4,11.33,4,51.1,45.55
EMP01429,Operations,Mid,3.4,12.5,181.3,4,9.79,5,50.7,50.13
EMP01430,HR,Junior,1.4,42.5,183.9,4,8.45,7,31.2,46.25
EMP01431,Customer_Support,Mid,5.1,62.3,179.4,4,8.74,3,49.9,49.59
EMP01432,Marketing,Mid,8.0,55.8,181.8,3,10.34,1,72.6,54.29
EMP01433,Sales,Junior,1.1,69.3,188.3,4,11.47,1,62.9,48.45
EMP01434,Sales,Lead,13.5,24.2,175.7,3,6.27,5,58.9,60.52
EMP01435,Engineering,Mid,5.6,66.2,170.1,3,6.96,4,50.5,57.03
EMP01436,Customer_Support,Mid,7.4,46.3,181.8,5,7.86,4,70.6,60.26
EMP01437,Engineering,Mid,5.8,70.9,183.4,3,9.94,2,76.1,63.65
EMP01438,Marketing,Mid,6.8,47.0,187.5,5,6.39,7,63.8,54.93
EMP01439,Customer_Support,Lead,8.0,8.3,151.0,6,7.74,4,31.6,50.44
EMP01440,Customer_Support,Mid,8.0,59.7,172.4,4,6.97,10,52.1,53.32
EMP01441,Engineering,Mid,3.0,40.3,160.1,9,8.7,3,75.2,76.05
EMP01442,Sales,Lead,12.3,33.4,182.9,6,8.09,6,61.7,63.66
EMP01443,Sales,Lead,19.1,17.2,185.2,5,6.34,5,64.3,70.0
EMP01444,Sales,Lead,15.0,63.3,171.2,10,7.97,2,70.2,80.94
EMP01445,Engineering,Junior,2.0,43.2,164.8,1,11.58,3,71.9,46.85
EMP01446,Marketing,Junior,1.5,74.6,183.4,4,15.16,2,71.8,48.96
EMP01447,Customer_Support,Senior,9.7,36.5,173.1,6,9.36,2,47.9,48.99
EMP01448,Marketing,Mid,2.9,33.1,195.0,3,10.24,2,49.3,50.33
EMP01449,Marketing,Senior,9.7,62.8,199.8,3,7.17,1,69.7,71.27
EMP01450,Engineering,Senior,8.3,41.9,189.0,7,9.54,1,78.2,72.45
EMP01451,Operations,Junior,0.0,50.0,178.3,2,12.34,5,66.2,44.49
EMP01452,Marketing,Junior,0.0,31.8,200.6,2,9.2,6,65.6,38.21
EMP01453,Operations,Mid,5.8,40.1,178.4,1,8.2,3,56.1,55.12
EMP01454,Customer_Support,Junior,1.8,57.4,168.3,2,8.99,2,60.5,43.23
EMP01455,Engineering,Senior,10.1,23.5,165.5,6,6.18,2,74.6,71.8
EMP01456,Sales,Senior,6.4,34.9,165.2,6,8.53,4,67.3,65.86
EMP01457,Engineering,Mid,4.5,40.7,174.9,6,7.28,1,100.0,69.44
EMP01458,HR,Senior,11.0,44.0,181.5,4,7.77,2,55.0,59.18
EMP01459,Customer_Support,Mid,4.9,69.2,155.2,6,9.56,1,96.7,65.98
EMP01460,Engineering,Senior,8.4,38.5,168.7,5,8.67,3,54.9,65.33
EMP01461,Operations,Junior,3.2,40.6,178.0,1,9.01,5,64.6,40.4
EMP01462,Marketing,Senior,7.5,84.2,184.0,4,6.23,5,49.7,66.4
EMP01463,Engineering,Senior,6.6,36.5,174.6,7,10.23,3,73.7,70.2
EMP01464,Engineering,Junior,1.6,48.1,178.4,5,7.45,1,81.8,57.99
EMP01465,Finance,Mid,4.0,41.6,157.7,4,9.4,3,63.4,59.28
EMP01466,Finance,Lead,8.3,34.8,162.2,5,10.02,2,74.7,76.61
EMP01467,HR,Junior,2.5,52.2,174.1,1,9.93,3,60.9,41.16
EMP01468,Engineering,Senior,8.3,56.8,182.1,8,10.08,2,45.4,63.85
EMP01469,Finance,Manager,25.1,41.1,178.2,9,5.95,2,70.5,84.51
EMP01470,Sales,Lead,23.0,55.2,163.1,5,3.93,1,62.4,79.18
EMP01471,Customer_Support,Mid,3.3,62.7,171.7,3,11.17,7,52.2,50.09
EMP01472,Engineering,Senior,14.6,46.1,196.2,6,6.58,3,65.1,72.07
EMP01473,Sales,Manager,23.5,40.6,182.6,18,4.86,5,66.9,95.81
EMP01474,HR,Mid,7.7,63.6,172.7,3,9.68,2,56.2,60.54
EMP01475,Marketing,Junior,2.7,34.3,160.6,5,8.44,1,68.5,52.03
EMP01476,Marketing,Junior,1.8,88.5,165.0,3,11.21,3,78.3,52.95
EMP01477,HR,Senior,8.8,35.3,175.1,4,8.81,2,90.7,67.53
EMP01478,Customer_Support,Mid,2.3,41.7,178.9,1,11.79,4,74.9,39.57
EMP01479,HR,Junior,0.5,32.8,182.9,5,11.69,6,67.9,43.7
EMP01480,HR,Mid,5.9,29.3,180.4,1,8.69,2,69.1,60.86
EMP01481,HR,Senior,5.6,57.6,169.8,4,8.08,1,61.2,64.59
EMP01482,Sales,Mid,5.5,81.1,167.8,3,8.01,4,56.4,58.23
EMP01483,Marketing,Lead,9.0,30.5,203.7,9,7.49,3,74.5,80.25
EMP01484,Engineering,Senior,11.8,48.2,167.2,8,6.54,5,66.3,78.0
EMP01485,Marketing,Manager,21.7,38.3,156.9,9,5.28,5,68.4,83.0
EMP01486,Sales,Lead,13.0,54.0,152.1,11,5.51,0,50.4,77.92
EMP01487,Customer_Support,Junior,1.7,84.3,170.1,4,8.55,2,74.4,58.98
EMP01488,HR,Senior,7.6,65.8,188.2,5,10.3,2,62.1,60.8
EMP01489,Operations,Junior,2.9,47.4,166.9,2,7.87,3,73.1,57.23
EMP01490,HR,Manager,17.4,42.9,195.7,10,4.31,1,57.6,77.54
EMP01491,Sales,Junior,2.1,60.4,174.9,5,8.84,6,52.9,47.6
EMP01492,Operations,Senior,9.9,42.7,190.5,5,9.98,1,75.9,71.05
EMP01493,Finance,Lead,9.9,22.6,164.4,8,6.4,3,55.5,75.02
EMP01494,Operations,Junior,2.4,39.0,164.6,3,9.38,2,41.2,38.79
EMP01495,HR,Lead,9.9,56.2,176.3,8,8.11,3,53.5,71.3
EMP01496,Marketing,Junior,0.9,69.8,181.8,1,10.76,1,74.3,53.11
EMP01497,Operations,Mid,2.0,43.9,172.5,5,9.37,4,69.1,64.9
EMP01498,Marketing,Mid,2.8,50.9,179.1,4,9.95,4,54.8,48.39
EMP01499,Engineering,Mid,3.2,65.0,183.2,7,10.7,5,62.4,63.43
EMP01500,Finance,Mid,5.6,21.4,155.1,3,7.21,1,71.1,56.7
EMP01501,Finance,Lead,12.2,32.3,170.2,3,6.44,1,78.8,79.91
EMP01502,Customer_Support,Mid,3.8,77.3,167.7,4,8.09,5,57.2,53.81
EMP01503,Engineering,Mid,4.3,51.5,168.4,3,8.68,4,76.7,59.02
EMP01504,HR,Lead,16.5,22.1,180.7,6,8.53,4,76.5,76.3
EMP01505,Operations,Senior,7.2,44.8,167.9,2,9.8,2,85.8,58.13
EMP01506,Marketing,Junior,1.3,66.3,146.9,2,9.85,5,50.1,44.21
EMP01507,Finance,Manager,18.2,4.0,171.7,8,7.33,2,55.0,77.93
EMP01508,HR,Junior,1.4,53.6,160.1,4,12.92,0,59.9,39.39
EMP01509,Engineering,Mid,2.0,41.4,181.9,3,7.77,6,79.9,57.28
EMP01510,Finance,Mid,8.0,22.4,186.3,3,7.75,3,60.0,64.82
EMP01511,Sales,Senior,12.8,44.2,144.6,13,7.28,5,65.7,77.99
EMP01512,Engineering,Junior,1.4,49.0,164.2,6,10.48,3,71.5,53.49
EMP01513,Marketing,Junior,2.9,50.6,179.9,2,10.47,3,64.0,49.23
EMP01514,Finance,Senior,7.2,37.8,155.3,5,6.96,5,64.3,54.91
EMP01515,Operations,Junior,0.0,35.7,186.0,4,10.4,5,72.4,49.19
EMP01516,Engineering,Mid,4.6,25.2,189.7,4,10.34,4,58.4,56.26
EMP01517,Sales,Senior,13.2,32.6,172.7,4,5.89,6,60.2,61.71
EMP01518,Customer_Support,Senior,5.9,55.9,164.2,10,8.83,4,43.4,58.15
EMP01519,Sales,Junior,1.5,54.5,142.7,1,9.08,5,64.7,52.3
EMP01520,Engineering,Mid,5.5,46.0,186.4,4,7.01,5,67.7,61.34
EMP01521,Engineering,Manager,24.7,19.4,203.0,12,6.67,2,82.8,90.23
EMP01522,Marketing,Mid,3.4,41.4,200.1,8,9.98,2,63.9,61.67
EMP01523,Operations,Junior,1.4,62.1,172.3,5,8.7,2,54.7,56.38
EMP01524,Operations,Junior,0.0,58.6,159.7,1,11.43,3,57.0,47.51
EMP01525,Finance,Mid,3.2,39.8,186.7,4,12.32,3,83.7,46.88
EMP01526,Sales,Manager,25.7,4.0,173.2,7,5.3,6,43.2,67.73
EMP01527,Engineering,Mid,8.0,36.9,181.7,4,6.74,3,62.5,61.26
EMP01528,HR,Junior,2.3,43.8,179.2,3,9.41,3,66.4,50.78
EMP01529,Sales,Mid,2.0,33.4,176.3,2,6.8,3,54.4,42.75
EMP01530,Engineering,Junior,0.6,44.8,189.4,0,9.9,3,75.9,53.61
EMP01531,Engineering,Junior,1.1,63.2,189.9,2,9.46,3,69.3,59.13
EMP01532,Sales,Manager,16.0,34.4,167.7,12,7.6,1,65.1,79.79
EMP01533,Marketing,Senior,8.1,57.8,162.1,5,7.48,4,65.4,65.2
EMP01534,Finance,Junior,3.7,28.4,140.0,2,10.89,3,61.8,48.75
EMP01535,Sales,Mid,5.1,42.4,170.2,8,7.97,4,46.5,64.59
EMP01536,HR,Junior,2.7,21.9,159.7,2,9.61,3,68.1,50.72
EMP01537,Operations,Junior,2.2,44.6,180.9,3,7.87,4,38.8,39.64
EMP01538,Finance,Mid,2.1,31.3,170.3,2,8.01,3,54.9,51.85
EMP01539,Operations,Mid,3.7,66.2,171.8,5,10.38,4,65.9,55.12
EMP01540,HR,Senior,13.2,49.1,186.4,11,9.1,0,80.3,78.43
EMP01541,Operations,Lead,19.2,54.2,180.6,8,5.5,2,88.2,90.04
EMP01542,Engineering,Junior,2.0,44.6,173.4,1,10.6,6,64.9,49.29
EMP01543,Engineering,Manager,15.3,19.7,198.6,10,7.7,10,59.6,77.7
EMP01544,Sales,Mid,3.2,31.2,185.3,7,7.86,3,68.3,65.2
EMP01545,HR,Junior,1.3,55.0,169.2,2,10.6,2,88.4,53.17
EMP01546,Engineering,Lead,12.5,66.2,169.8,5,7.37,4,88.4,81.59
EMP01547,Engineering,Junior,3.9,57.2,186.0,2,10.1,5,57.6,51.31
EMP01548,Finance,Mid,2.5,41.4,177.8,6,9.28,3,61.3,59.71
EMP01549,Engineering,Senior,9.5,40.2,159.3,6,5.14,2,80.2,72.87
EMP01550,Engineering,Junior,2.5,50.5,187.5,0,10.03,2,81.0,63.08
EMP01551,Sales,Lead,10.0,69.4,192.6,9,7.47,3,69.1,81.43
EMP01552,HR,Junior,0.6,69.5,191.5,4,9.6,3,60.6,51.82
EMP01553,Engineering,Lead,15.9,42.9,196.6,7,4.58,1,77.0,87.21
EMP01554,Engineering,Junior,0.0,52.6,204.0,2,11.55,1,81.2,55.88
EMP01555,Engineering,Junior,2.2,55.5,199.2,2,9.9,2,58.8,58.66
EMP01556,Operations,Mid,4.6,54.4,179.8,5,6.32,0,76.0,69.82
EMP01557,Customer_Support,Lead,16.0,32.8,172.1,9,8.76,1,69.9,79.0
EMP01558,HR,Junior,1.4,38.3,149.4,2,10.55,5,57.1,52.2
EMP01559,Finance,Lead,15.0,54.5,175.2,7,8.29,2,74.1,82.08
EMP01560,Operations,Junior,0.0,51.3,182.3,1,9.73,1,69.8,43.16
EMP01561,Customer_Support,Mid,2.0,61.2,175.6,4,9.5,2,68.2,58.89
EMP01562,Marketing,Mid,3.9,71.7,148.6,1,10.74,1,82.9,60.26
EMP01563,Operations,Junior,2.0,58.8,171.0,2,10.48,3,59.9,51.56
EMP01564,Customer_Support,Manager,14.5,40.4,184.0,8,6.53,3,62.0,79.3
EMP01565,Operations,Mid,4.3,95.0,160.6,3,8.3,5,28.3,46.82
EMP01566,HR,Senior,15.8,46.1,177.3,5,3.65,1,79.4,82.48
EMP01567,Sales,Mid,2.0,30.6,181.0,2,10.8,0,74.2,44.42
EMP01568,Sales,Mid,7.5,42.8,190.7,8,10.07,1,78.3,69.85
EMP01569,HR,Senior,8.2,66.3,199.0,7,9.35,4,54.8,67.32
EMP01570,HR,Lead,15.1,19.6,169.7,8,8.58,3,77.5,69.51
EMP01571,HR,Senior,9.8,31.7,177.6,9,6.78,2,78.2,76.02
EMP01572,Marketing,Mid,3.3,63.6,178.0,2,8.85,6,56.2,47.84
EMP01573,Marketing,Senior,14.7,38.9,184.1,8,6.73,2,76.7,76.18
EMP01574,Operations,Senior,5.0,41.3,182.5,5,6.01,2,65.6,67.81
EMP01575,Sales,Mid,4.0,63.1,195.0,0,8.4,2,41.6,40.8
EMP01576,Engineering,Senior,5.0,32.2,142.4,9,8.99,4,77.0,70.56
EMP01577,Operations,Mid,3.3,25.0,180.9,5,10.81,4,50.8,43.03
EMP01578,Operations,Senior,6.6,22.2,181.8,5,9.25,6,39.9,50.13
EMP01579,Customer_Support,Manager,23.1,43.7,171.7,8,4.64,8,62.4,81.46
EMP01580,Operations,Manager,14.4,38.9,143.3,10,8.07,4,59.2,68.93
EMP01581,Operations,Lead,13.5,28.6,174.1,9,7.64,1,76.8,76.7
EMP01582,Engineering,Senior,11.4,25.6,165.1,10,5.57,3,72.2,78.97
EMP01583,HR,Senior,5.0,38.9,198.5,5,9.04,0,75.3,66.25
EMP01584,Engineering,Junior,1.2,67.7,180.3,4,11.12,3,76.1,62.76
EMP01585,Marketing,Mid,4.3,34.5,163.9,6,9.99,3,76.3,56.41
EMP01586,Customer_Support,Junior,2.1,41.1,146.3,3,8.25,3,47.4,40.58
EMP01587,Engineering,Junior,2.0,33.1,183.3,0,8.6,4,72.4,56.2
EMP01588,Marketing,Manager,23.1,29.5,184.7,5,8.46,4,62.3,78.25
EMP01589,Engineering,Lead,14.4,44.1,172.0,7,5.87,5,77.8,77.71
EMP01590,Sales,Mid,7.1,78.7,183.5,5,8.94,0,65.1,63.3
EMP01591,Engineering,Junior,0.8,54.3,170.1,3,6.56,2,62.6,58.31
EMP01592,Sales,Senior,10.8,42.2,189.9,6,9.83,2,57.9,66.81
EMP01593,Customer_Support,Mid,8.0,59.9,188.9,6,9.84,5,77.8,64.75
EMP01594,HR,Lead,13.3,49.4,152.1,9,9.71,5,45.7,68.36
EMP01595,Operations,Manager,21.7,26.3,155.5,6,4.29,2,68.5,81.57
EMP01596,Finance,Mid,6.0,81.5,203.4,5,10.72,2,77.9,67.76
EMP01597,Engineering,Junior,2.3,50.6,188.1,3,8.42,2,76.9,52.73
EMP01598,Sales,Junior,0.9,54.5,157.3,3,12.25,1,85.7,50.46
EMP01599,Operations,Junior,1.0,59.3,153.0,3,6.69,3,71.3,58.85
EMP01600,Engineering,Mid,6.7,52.2,177.9,5,10.38,2,74.6,69.26
EMP01601,Customer_Support,Junior,0.9,73.9,159.0,4,10.13,4,52.4,45.95
EMP01602,Sales,Junior,2.9,42.2,170.6,3,10.75,1,66.8,48.01
EMP01603,Finance,Junior,1.2,62.8,174.3,7,10.82,1,71.2,57.18
EMP01604,Operations,Junior,3.1,53.5,173.7,0,10.41,7,60.0,36.31
EMP01605,Engineering,Senior,10.6,57.7,190.8,6,11.42,4,61.1,71.16
EMP01606,Engineering,Junior,3.6,47.8,200.7,4,12.28,4,55.5,49.21
EMP01607,Customer_Support,Lead,18.3,33.7,168.3,7,7.41,3,60.2,72.96
EMP01608,Engineering,Junior,0.6,62.0,159.2,5,10.43,3,52.2,62.76
EMP01609,HR,Junior,0.0,56.4,180.4,5,12.3,0,60.3,50.37
EMP01610,HR,Junior,2.8,38.7,197.8,1,12.01,5,36.8,31.11
EMP01611,Engineering,Senior,15.0,63.2,169.4,4,7.58,0,80.0,81.85
EMP01612,Operations,Junior,1.1,62.0,186.9,7,10.16,7,73.8,60.94
EMP01613,Operations,Mid,7.9,45.9,163.3,4,7.43,7,60.9,45.87
EMP01614,Engineering,Junior,0.5,44.0,175.3,2,10.6,2,92.0,63.84
EMP01615,Operations,Manager,16.3,40.5,158.7,15,6.86,3,76.2,87.47
EMP01616,Engineering,Junior,0.8,60.9,175.2,2,11.5,6,75.8,59.29
EMP01617,Sales,Mid,5.0,23.1,173.4,4,11.72,1,60.6,55.87
EMP01618,Marketing,Lead,22.9,44.6,183.5,10,7.71,2,59.8,83.84
EMP01619,Customer_Support,Junior,1.0,60.8,199.9,3,11.57,1,64.7,44.76
EMP01620,Sales,Junior,3.1,15.7,169.6,1,9.48,1,60.3,47.72
EMP01621,Engineering,Lead,14.7,41.9,147.0,5,6.56,2,76.6,80.21
EMP01622,Marketing,Junior,1.7,61.4,172.2,4,11.04,6,71.5,48.39
EMP01623,Operations,Junior,3.0,59.7,179.2,4,10.63,3,57.2,50.86
EMP01624,Sales,Mid,7.6,59.0,177.8,2,9.8,1,75.1,53.51
EMP01625,Engineering,Junior,2.1,46.1,172.8,4,8.56,2,67.3,58.46
EMP01626,Finance,Lead,14.0,23.4,195.8,4,5.84,3,63.3,71.98
EMP01627,Engineering,Senior,12.1,16.0,176.9,6,7.11,7,58.3,67.4
EMP01628,Engineering,Mid,6.1,63.4,173.5,6,10.02,4,66.8,70.0
EMP01629,Engineering,Junior,1.1,61.5,164.1,2,10.06,1,95.9,59.95
EMP01630,HR,Senior,10.1,60.5,150.5,11,10.25,1,55.2,67.58
EMP01631,HR,Senior,13.1,32.1,179.6,4,6.26,2,71.3,68.03
EMP01632,Operations,Junior,1.0,63.1,178.4,4,8.67,0,54.5,54.38
EMP01633,Finance,Lead,15.0,16.5,160.2,3,6.74,1,36.4,58.62
EMP01634,Finance,Mid,4.8,34.0,174.4,2,8.4,6,69.7,46.85
EMP01635,Customer_Support,Senior,10.6,44.9,173.0,3,6.86,7,51.3,53.85
EMP01636,HR,Junior,2.2,60.9,166.3,3,9.98,3,69.8,52.28
EMP01637,HR,Junior,2.5,76.2,163.9,2,9.99,2,77.9,51.03
EMP01638,Customer_Support,Senior,7.6,39.4,180.7,9,6.64,1,60.8,58.56
EMP01639,Engineering,Senior,5.6,30.0,171.8,6,7.85,3,73.9,70.34
EMP01640,Finance,Mid,5.2,33.2,166.7,8,10.09,6,52.6,50.64
EMP01641,Finance,Junior,2.7,40.7,162.9,2,9.41,2,71.5,56.13
EMP01642,Sales,Lead,11.4,72.3,173.2,8,6.37,3,59.7,85.85
EMP01643,HR,Junior,1.2,62.4,187.9,2,9.49,8,42.0,35.85
EMP01644,Engineering,Mid,2.0,63.7,177.9,6,7.82,3,79.9,70.99
EMP01645,Engineering,Senior,7.3,39.4,171.7,6,10.93,4,83.6,71.13
EMP01646,HR,Junior,1.7,51.0,179.3,3,11.16,2,83.8,47.36
EMP01647,Engineering,Junior,2.2,61.5,194.1,3,13.29,0,96.0,51.7
EMP01648,Operations,Junior,1.0,43.4,181.9,1,10.15,6,69.3,37.49
EMP01649,Customer_Support,Lead,17.1,34.6,178.6,9,6.22,2,64.2,76.36
EMP01650,Operations,Mid,5.1,36.9,183.9,3,7.88,2,73.1,68.29
EMP01651,Engineering,Senior,8.9,36.3,172.8,7,8.85,3,59.4,70.15
EMP01652,Engineering,Manager,26.8,35.7,177.6,9,4.37,5,49.9,82.75
EMP01653,Engineering,Senior,9.5,30.7,168.2,7,6.78,6,64.3,65.23
EMP01654,Sales,Mid,2.0,51.3,153.3,6,11.37,1,77.3,56.01
EMP01655,Customer_Support,Mid,2.0,51.3,179.8,7,9.57,3,50.1,45.02
EMP01656,HR,Mid,4.9,44.3,179.9,0,9.48,3,71.6,47.24
EMP01657,Engineering,Mid,2.3,34.6,171.0,3,9.79,0,76.9,62.24
EMP01658,Operations,Manager,11.7,36.6,189.5,7,7.69,0,62.9,72.77
EMP01659,Engineering,Senior,5.0,35.4,164.9,6,6.3,2,54.7,63.53
EMP01660,Sales,Mid,4.5,47.7,150.2,4,7.56,1,66.1,61.37
EMP01661,Sales,Mid,4.8,63.5,165.2,3,11.71,4,56.9,44.32
EMP01662,Marketing,Lead,15.8,20.2,153.4,11,6.82,2,84.4,87.59
EMP01663,Operations,Junior,0.1,83.6,179.7,3,10.71,1,73.6,48.52
EMP01664,Engineering,Lead,12.3,37.9,164.5,4,8.49,2,65.4,73.95
EMP01665,Customer_Support,Junior,0.5,57.2,188.8,4,9.56,1,79.2,55.93
EMP01666,Operations,Senior,8.3,31.7,188.5,4,6.79,2,64.1,62.57
EMP01667,Operations,Lead,17.6,56.1,162.1,6,4.72,2,39.9,68.95
EMP01668,Engineering,Mid,4.9,45.1,163.7,6,7.7,1,69.1,69.01
EMP01669,Sales,Junior,1.2,45.1,182.5,5,9.02,4,81.6,52.99
EMP01670,Operations,Lead,14.1,30.4,188.7,5,6.06,10,50.2,66.29
EMP01671,Engineering,Mid,2.7,43.0,146.8,3,7.62,7,69.2,55.33
EMP01672,Marketing,Mid,6.3,53.3,178.9,4,10.21,5,47.7,53.4
EMP01673,Finance,Mid,4.3,49.6,144.2,2,11.26,8,48.6,46.56
EMP01674,Sales,Mid,5.4,46.4,167.3,5,7.74,6,52.0,49.65
EMP01675,Operations,Senior,9.1,32.3,190.3,6,5.78,4,45.3,62.2
EMP01676,Customer_Support,Junior,2.3,39.5,215.0,0,9.91,4,50.6,35.54
EMP01677,Finance,Mid,2.1,40.1,171.7,2,11.63,0,83.9,49.95
EMP01678,HR,Lead,10.1,45.9,157.5,8,5.82,1,65.6,76.34
EMP01679,Operations,Junior,3.0,60.9,167.8,2,7.91,1,69.4,62.46
EMP01680,Marketing,Mid,4.1,59.0,175.9,5,5.91,1,77.1,64.82
EMP01681,Finance,Senior,10.6,43.0,165.6,8,8.33,7,49.7,66.25
EMP01682,Operations,Lead,15.4,44.8,162.1,6,5.54,5,50.0,71.38
EMP01683,Finance,Mid,6.7,44.5,169.0,6,10.09,4,72.2,57.14
EMP01684,Engineering,Lead,14.9,12.9,180.5,3,8.03,2,62.4,65.01
EMP01685,Sales,Junior,0.0,47.8,172.6,4,12.24,5,70.4,52.61
EMP01686,Engineering,Mid,6.4,41.4,162.7,6,10.44,2,90.1,72.66
EMP01687,Marketing,Manager,27.3,19.4,165.6,8,2.71,5,46.5,81.41
EMP01688,Marketing,Lead,17.8,30.5,169.2,5,6.22,3,59.7,64.43
EMP01689,Marketing,Mid,2.9,49.0,161.0,7,10.99,5,61.6,53.68
EMP01690,Engineering,Mid,3.4,30.0,165.1,6,7.41,2,63.7,64.78
EMP01691,Operations,Mid,2.5,36.3,184.0,4,8.92,5,52.7,34.37
EMP01692,Customer_Support,Junior,0.8,74.2,171.8,1,10.14,4,52.1,45.26
EMP01693,Engineering,Lead,17.3,15.0,150.5,10,6.61,0,69.8,89.3
EMP01694,Finance,Lead,13.6,36.3,189.3,5,7.61,3,65.0,79.76
EMP01695,Finance,Mid,3.2,29.5,180.8,6,8.4,1,74.4,69.3
EMP01696,Marketing,Junior,1.1,39.7,155.6,1,8.68,4,63.7,47.07
EMP01697,Engineering,Mid,2.0,44.0,169.9,3,10.15,5,83.4,63.2
EMP01698,Operations,Junior,2.5,36.2,163.9,3,9.55,6,52.9,40.31
EMP01699,Customer_Support,Senior,13.9,51.6,184.5,4,10.46,1,43.6,54.12
EMP01700,Finance,Mid,4.2,67.3,169.8,4,7.66,5,59.3,60.32
EMP01701,Customer_Support,Junior,0.9,63.6,174.0,5,9.94,2,63.5,48.13
EMP01702,Customer_Support,Senior,9.6,58.4,172.4,5,6.25,1,68.3,66.16
EMP01703,Engineering,Manager,20.6,14.3,154.3,6,6.38,1,87.5,96.57
EMP01704,Marketing,Junior,1.0,47.4,194.7,6,9.72,2,67.5,53.31
EMP01705,HR,Mid,5.8,54.0,184.3,7,9.72,0,75.0,67.53
EMP01706,Customer_Support,Mid,2.9,60.1,164.5,6,8.39,6,74.4,52.27
EMP01707,Sales,Junior,0.0,77.3,177.7,7,7.58,6,52.6,50.48
EMP01708,HR,Mid,4.3,63.0,188.6,2,10.99,1,63.5,49.66
EMP01709,Operations,Senior,6.3,56.4,175.8,12,9.83,2,93.3,80.35
EMP01710,Engineering,Junior,2.1,90.5,196.8,3,11.18,2,80.3,58.11
EMP01711,Operations,Junior,1.3,52.4,215.0,6,11.21,2,66.1,52.76
EMP01712,Engineering,Lead,12.1,34.7,173.2,6,7.55,1,80.7,77.21
EMP01713,Customer_Support,Mid,4.1,49.7,166.8,3,10.08,4,42.0,43.1
EMP01714,Operations,Senior,5.0,29.3,161.1,4,7.48,5,52.2,45.19
EMP01715,Engineering,Senior,11.1,44.0,144.0,9,7.31,4,57.9,65.24
EMP01716,Operations,Lead,14.0,13.1,192.5,5,8.73,6,65.0,67.27
EMP01717,Engineering,Senior,6.4,35.1,170.1,6,11.4,2,65.6,61.34
EMP01718,Marketing,Lead,15.5,37.3,187.3,4,7.39,3,65.1,71.24
EMP01719,Finance,Senior,11.6,57.2,190.1,4,3.2,5,59.3,71.83
EMP01720,Operations,Mid,6.6,63.7,159.9,8,9.37,4,40.5,55.62
EMP01721,Sales,Mid,3.3,32.5,162.0,5,11.32,1,72.6,49.22
EMP01722,Engineering,Mid,3.3,78.1,199.4,7,8.91,5,48.9,53.13
EMP01723,Finance,Mid,2.8,49.2,174.0,4,8.0,3,54.3,53.22
EMP01724,Marketing,Junior,0.7,54.6,165.8,2,11.4,3,48.2,41.54
EMP01725,HR,Mid,2.2,22.7,160.4,3,9.0,3,55.4,53.49
EMP01726,Sales,Mid,5.6,37.7,173.0,5,8.51,0,64.4,67.52
EMP01727,Engineering,Junior,1.2,66.7,196.1,7,7.64,4,84.8,71.21
EMP01728,Operations,Junior,2.9,53.5,184.6,6,7.43,1,41.3,50.64
EMP01729,Sales,Senior,13.2,44.6,177.5,9,8.77,6,55.3,66.41
EMP01730,Engineering,Mid,4.2,50.4,197.2,5,7.48,4,49.0,58.69
EMP01731,Customer_Support,Lead,15.9,17.4,194.5,10,9.35,5,50.7,65.25
EMP01732,Sales,Mid,4.6,45.6,179.7,8,11.95,1,62.9,65.25
EMP01733,Finance,Lead,15.2,60.1,213.9,7,5.51,2,72.2,82.16
EMP01734,Engineering,Senior,5.0,59.3,171.5,3,7.78,6,44.6,57.8
EMP01735,Operations,Junior,0.3,49.1,190.4,1,11.1,2,66.6,45.83
EMP01736,Finance,Manager,10.0,58.5,169.5,10,9.49,6,51.3,62.66
EMP01737,Operations,Junior,0.5,32.1,187.6,2,10.32,3,45.4,33.58
EMP01738,Engineering,Mid,7.0,32.4,171.5,1,7.91,5,70.8,58.3
EMP01739,Marketing,Senior,10.7,71.0,181.5,5,7.41,2,71.5,77.44
EMP01740,Operations,Mid,7.2,55.7,208.5,5,8.95,5,58.8,58.21
EMP01741,Engineering,Mid,2.0,42.7,188.3,6,8.77,2,56.9,63.31
EMP01742,Engineering,Mid,5.8,46.2,181.7,2,10.7,0,68.8,53.64
EMP01743,Sales,Junior,3.0,38.9,164.2,3,8.76,2,53.3,46.28
EMP01744,Customer_Support,Junior,1.6,55.1,177.6,0,10.57,2,65.2,38.03
EMP01745,Finance,Junior,2.3,54.0,160.9,7,10.89,1,75.9,64.53
EMP01746,Marketing,Junior,2.0,51.3,187.4,4,9.88,1,76.1,57.23
EMP01747,Finance,Senior,12.9,25.6,187.1,3,7.33,2,62.8,71.92
EMP01748,Marketing,Mid,5.0,51.0,172.5,3,9.07,3,77.5,59.57
EMP01749,HR,Mid,3.6,39.1,198.3,8,8.08,4,53.7,52.04
EMP01750,HR,Senior,12.1,28.2,196.3,3,8.84,4,87.4,68.4
EMP01751,Finance,Junior,1.5,70.0,177.1,3,9.76,7,50.7,44.77
EMP01752,Engineering,Junior,1.1,83.5,182.9,2,9.64,5,45.6,52.58
EMP01753,Operations,Senior,5.0,72.1,166.8,4,7.22,5,76.4,61.48
EMP01754,Operations,Lead,13.6,48.8,171.2,6,9.92,4,51.5,69.27
EMP01755,Engineering,Mid,5.2,43.0,159.9,6,10.27,2,71.4,57.43
EMP01756,Marketing,Junior,2.5,49.9,168.3,4,7.76,2,51.6,57.19
EMP01757,Sales,Senior,6.4,49.1,173.5,8,9.35,3,90.4,67.18
EMP01758,Customer_Support,Lead,18.0,32.7,151.8,8,5.73,0,79.9,78.16
EMP01759,Customer_Support,Mid,2.0,66.8,183.1,5,8.25,1,76.6,65.52
EMP01760,Customer_Support,Junior,2.9,20.5,189.3,2,8.72,2,59.1,54.09
EMP01761,Engineering,Junior,2.8,46.6,174.9,2,10.48,3,81.8,56.64
EMP01762,Sales,Mid,7.4,59.0,137.2,5,8.56,4,61.4,50.94
EMP01763,Engineering,Lead,11.3,26.3,171.5,7,7.45,2,83.5,69.64
EMP01764,Sales,Senior,5.2,39.4,155.5,11,9.12,2,57.1,70.9
EMP01765,Sales,Mid,5.5,55.9,166.5,5,10.34,2,81.0,69.52
EMP01766,Sales,Senior,10.6,65.8,195.3,12,11.2,3,56.5,77.32
EMP01767,Customer_Support,Lead,23.0,19.6,140.9,11,5.51,6,53.8,77.38
EMP01768,Sales,Mid,2.8,26.5,163.6,2,8.81,5,56.4,41.97
EMP01769,Sales,Lead,17.1,24.8,186.6,6,6.85,5,64.3,73.26
EMP01770,Operations,Mid,3.3,23.9,165.2,5,10.32,1,55.3,51.57
EMP01771,Marketing,Mid,2.0,25.0,164.1,3,11.06,1,69.8,60.58
EMP01772,Operations,Mid,3.9,32.4,203.5,3,7.86,4,54.2,52.56
EMP01773,Marketing,Mid,3.5,65.5,180.3,6,12.7,4,73.5,63.65
EMP01774,Operations,Manager,27.0,30.3,188.1,9,3.32,2,78.2,92.47
EMP01775,Marketing,Mid,2.0,47.5,181.9,4,10.77,5,64.9,48.45
EMP01776,Marketing,Mid,6.1,32.7,177.3,4,10.0,6,90.6,61.31
EMP01777,Finance,Mid,7.1,56.5,192.7,4,6.84,3,76.5,56.04
EMP01778,HR,Mid,4.4,75.1,201.7,4,9.56,6,91.7,65.5
EMP01779,Engineering,Mid,3.9,33.7,151.4,3,6.81,3,69.3,60.92
EMP01780,HR,Senior,10.2,68.9,174.5,6,6.86,4,46.1,61.14
EMP01781,Sales,Mid,5.4,52.5,174.4,6,8.95,2,53.5,58.49
EMP01782,Operations,Mid,4.5,47.3,169.0,4,9.37,3,52.8,55.58
EMP01783,Engineering,Senior,5.0,49.0,188.7,3,10.49,6,58.6,57.81
EMP01784,Sales,Junior,0.1,56.9,178.6,4,9.17,4,35.6,41.24
EMP01785,Engineering,Senior,8.1,70.9,202.0,4,8.83,2,82.3,72.62
EMP01786,Operations,Mid,2.3,54.8,190.4,6,10.77,5,37.7,46.01
EMP01787,Engineering,Mid,3.2,55.1,194.1,4,9.27,1,81.1,75.4
EMP01788,Finance,Senior,11.4,36.7,158.2,4,7.85,2,89.2,68.61
EMP01789,Operations,Senior,9.4,55.6,163.7,7,6.09,6,50.7,60.32
EMP01790,Sales,Lead,9.5,24.6,164.9,9,5.51,4,66.7,77.68
EMP01791,Operations,Mid,3.9,48.6,193.5,6,8.08,1,55.2,54.49
EMP01792,Engineering,Mid,5.0,90.2,161.5,3,11.05,0,79.9,70.3
EMP01793,Engineering,Senior,9.4,5.4,161.9,6,10.09,6,55.7,54.38
EMP01794,Finance,Mid,4.5,50.5,159.3,1,10.92,2,61.4,50.26
EMP01795,Customer_Support,Senior,7.9,47.1,213.5,4,8.86,6,71.5,65.58
EMP01796,Engineering,Mid,4.9,43.6,173.0,4,9.84,2,69.4,55.25
EMP01797,Marketing,Senior,5.8,39.9,182.4,5,8.06,3,44.5,60.11
EMP01798,Engineering,Junior,3.1,52.4,159.0,2,9.19,0,84.9,64.42
EMP01799,Marketing,Mid,2.0,43.2,188.4,3,6.68,4,48.4,50.03
EMP01800,Marketing,Junior,1.1,54.3,150.2,1,10.29,2,64.9,51.96
EMP01801,Marketing,Mid,5.8,39.7,161.3,4,9.65,1,71.0,57.87
EMP01802,Marketing,Senior,8.9,73.3,164.8,3,7.34,6,65.4,62.9
EMP01803,Sales,Mid,4.5,43.2,178.1,3,10.45,2,92.4,64.06
EMP01804,Finance,Mid,8.0,55.5,163.9,4,10.4,2,71.8,66.96
EMP01805,Finance,Lead,14.7,29.0,196.3,10,5.47,4,60.6,67.58
EMP01806,Finance,Senior,9.2,57.0,182.0,5,11.4,2,70.2,56.59
EMP01807,Sales,Mid,3.7,58.0,165.3,2,10.04,3,64.5,45.51
EMP01808,HR,Manager,23.9,41.3,189.0,14,7.58,5,66.5,94.4
EMP01809,HR,Mid,5.1,31.6,169.5,8,8.12,2,68.9,64.67
EMP01810,Sales,Senior,10.8,31.7,166.7,6,9.97,3,56.8,51.32
EMP01811,Engineering,Junior,0.6,76.3,187.5,2,10.99,2,72.6,64.48
EMP01812,HR,Junior,1.3,39.5,140.7,5,9.56,1,59.9,52.26
EMP01813,Finance,Mid,8.0,56.6,185.3,4,7.14,4,40.2,54.21
EMP01814,Engineering,Junior,2.5,36.8,165.0,5,9.81,2,83.7,63.64
EMP01815,Operations,Mid,4.9,62.1,165.0,4,10.2,3,53.2,50.09
EMP01816,Marketing,Junior,2.1,40.7,202.4,2,9.96,3,65.7,54.04
EMP01817,Operations,Senior,11.1,28.6,167.6,7,8.02,3,50.9,67.24
EMP01818,HR,Junior,1.2,40.3,188.4,2,9.3,1,57.2,53.36
EMP01819,HR,Junior,2.5,42.7,178.9,4,7.95,4,53.5,51.0
EMP01820,Marketing,Manager,16.9,41.1,180.4,9,6.63,2,75.4,86.25
EMP01821,Customer_Support,Senior,9.3,44.0,171.5,3,6.85,2,72.3,67.89
EMP01822,HR,Manager,14.2,18.6,170.8,6,8.09,3,66.3,78.59
EMP01823,Marketing,Mid,4.4,46.6,196.4,7,10.36,2,57.6,58.25
EMP01824,Marketing,Junior,1.7,33.8,188.0,0,12.25,4,43.7,41.33
EMP01825,Finance,Mid,2.5,56.7,168.0,4,8.92,1,72.5,58.58
EMP01826,Sales,Mid,7.6,59.4,160.4,6,8.68,4,53.9,54.03
EMP01827,Marketing,Junior,0.8,50.6,166.8,3,7.98,2,50.6,49.45
EMP01828,HR,Lead,17.1,43.1,188.7,7,5.93,3,66.4,74.4
EMP01829,Customer_Support,Senior,12.3,69.3,191.5,2,7.72,4,54.0,50.53
EMP01830,HR,Senior,7.9,40.6,182.8,7,8.45,7,47.8,57.76
EMP01831,HR,Mid,2.2,32.8,152.4,7,8.96,2,49.4,64.04
EMP01832,Customer_Support,Senior,5.0,51.7,185.6,3,7.87,2,62.0,49.64
EMP01833,HR,Junior,0.7,34.0,193.3,4,10.39,1,58.1,51.78
EMP01834,Engineering,Manager,11.2,31.8,177.4,10,6.76,1,76.1,85.65
EMP01835,Engineering,Mid,5.4,38.0,202.7,0,10.88,3,71.8,51.15
EMP01836,Sales,Junior,2.0,40.5,156.5,1,10.22,3,74.6,42.71
EMP01837,Sales,Junior,1.4,47.2,184.6,3,9.21,2,52.0,46.49
EMP01838,HR,Senior,10.4,56.5,160.7,6,9.51,3,68.8,65.17
EMP01839,Operations,Manager,31.1,51.6,189.8,9,2.99,6,67.7,95.21
EMP01840,Finance,Lead,12.6,52.9,183.6,6,6.79,4,55.5,81.61
EMP01841,Sales,Senior,9.4,48.0,200.2,4,6.67,5,75.5,68.0
EMP01842,Marketing,Manager,14.4,31.1,182.0,8,6.38,5,44.0,68.31
EMP01843,Sales,Senior,10.5,7.6,169.3,5,9.9,4,52.0,55.58
EMP01844,Customer_Support,Mid,3.6,52.5,168.1,5,9.56,6,37.6,42.54
EMP01845,Sales,Senior,5.2,8.8,171.5,9,6.3,2,53.2,60.87
EMP01846,Marketing,Junior,0.0,22.1,167.8,5,9.61,7,62.1,43.57
EMP01847,Engineering,Junior,2.5,48.6,193.9,1,10.17,4,80.0,59.0
EMP01848,Finance,Mid,4.1,51.0,192.9,3,9.63,4,61.1,58.85
EMP01849,HR,Junior,0.9,44.2,154.0,5,9.78,2,58.9,48.61
EMP01850,Finance,Manager,12.7,58.0,175.5,15,8.05,4,44.4,77.0
EMP01851,Engineering,Manager,20.3,41.9,175.9,11,6.73,6,55.4,81.41
EMP01852,Customer_Support,Mid,2.0,43.3,164.1,5,9.31,4,61.7,51.87
EMP01853,Marketing,Senior,14.4,63.8,181.1,11,7.77,1,74.6,89.21
EMP01854,Finance,Mid,7.2,70.5,195.5,4,8.6,4,58.0,46.86
EMP01855,Operations,Junior,3.4,58.7,187.5,8,9.75,6,74.5,60.98
EMP01856,Customer_Support,Mid,3.9,35.4,193.9,1,9.52,5,46.6,44.85
EMP01857,Engineering,Junior,0.0,42.7,164.9,2,11.57,5,65.3,49.84
EMP01858,Engineering,Mid,2.1,25.3,175.5,10,10.17,3,66.3,68.49
EMP01859,Engineering,Junior,1.3,50.4,164.3,2,9.97,1,88.4,63.81
EMP01860,Engineering,Junior,0.7,35.2,178.4,5,9.49,2,71.6,56.48
EMP01861,Marketing,Junior,0.3,46.1,179.6,4,11.04,4,42.4,45.62
EMP01862,Customer_Support,Lead,8.0,42.9,188.4,6,8.42,4,69.4,58.88
EMP01863,Customer_Support,Junior,0.9,21.2,193.4,7,9.89,3,80.2,54.08
EMP01864,Marketing,Mid,7.0,28.0,184.6,8,8.39,3,61.0,64.32
EMP01865,Marketing,Mid,3.5,39.4,163.0,2,9.4,3,53.2,45.84
EMP01866,Operations,Mid,5.2,46.2,156.1,6,8.14,5,70.4,54.68
EMP01867,Customer_Support,Mid,6.2,39.6,182.3,1,6.91,3,81.6,54.6
EMP01868,Engineering,Junior,3.6,46.9,196.0,3,11.85,2,80.2,60.73
EMP01869,Marketing,Senior,11.1,32.4,174.7,1,10.14,4,44.5,48.94
EMP01870,Operations,Mid,5.4,25.3,153.6,1,9.26,2,69.1,49.02
EMP01871,Engineering,Senior,8.1,35.0,204.2,4,9.07,2,74.9,70.16
EMP01872,HR,Mid,2.0,43.8,181.9,5,9.22,1,54.5,55.14
EMP01873,Customer_Support,Mid,5.9,42.3,177.4,4,9.71,5,73.5,62.2
EMP01874,Customer_Support,Mid,4.3,48.7,158.6,8,9.37,5,63.3,63.63
EMP01875,Customer_Support,Junior,1.7,57.3,175.2,3,10.21,2,73.8,53.21
EMP01876,Operations,Mid,3.8,57.2,184.6,1,7.92,7,47.3,43.69
EMP01877,Engineering,Junior,0.5,41.5,182.0,4,12.6,1,74.8,60.76
EMP01878,Engineering,Mid,4.3,23.4,165.5,6,7.67,5,59.3,66.65
EMP01879,Marketing,Senior,6.2,62.1,174.2,5,9.79,3,67.0,56.9
EMP01880,Marketing,Junior,0.0,56.8,166.4,2,9.06,2,81.7,54.17
EMP01881,Marketing,Junior,0.0,36.7,198.3,7,7.43,2,46.9,52.32
EMP01882,Marketing,Senior,12.2,47.2,187.5,6,9.1,2,47.6,58.94
EMP01883,HR,Mid,2.0,63.0,167.7,5,9.79,2,77.5,58.82
EMP01884,Finance,Lead,9.8,64.9,158.6,11,5.86,0,62.8,82.09
EMP01885,Engineering,Manager,10.8,38.8,178.9,5,8.21,4,84.1,83.35
EMP01886,Engineering,Manager,14.1,50.9,168.1,9,6.32,4,60.3,76.22
EMP01887,Sales,Mid,4.9,28.9,169.1,4,11.71,3,62.6,51.18
EMP01888,Engineering,Junior,0.9,50.5,159.1,4,8.1,1,78.3,57.43
EMP01889,Operations,Senior,5.7,38.0,160.8,6,7.81,1,62.5,67.69
EMP01890,HR,Senior,15.8,48.1,177.3,6,8.43,3,44.5,63.66
EMP01891,Engineering,Senior,7.2,67.2,171.3,2,7.89,0,100.0,80.86
EMP01892,Finance,Mid,2.0,50.7,210.0,6,8.42,2,65.5,63.46
EMP01893,Marketing,Junior,0.7,36.9,183.3,2,10.42,7,47.9,31.94
EMP01894,Sales,Junior,1.2,32.0,158.9,7,11.57,3,65.8,48.46
EMP01895,Engineering,Junior,0.0,75.7,153.5,3,10.13,4,75.1,64.01
EMP01896,Sales,Junior,1.4,58.7,180.6,1,9.7,2,73.9,52.53
EMP01897,Finance,Manager,24.0,41.7,169.4,8,4.38,3,74.1,99.32
EMP01898,Engineering,Junior,2.7,45.8,193.6,4,9.19,1,67.4,65.26
EMP01899,Sales,Senior,14.2,47.0,178.9,5,5.95,3,41.3,59.16
EMP01900,Sales,Manager,21.3,20.2,147.2,12,7.53,0,67.5,79.93
EMP01901,Marketing,Mid,3.9,52.8,160.7,6,10.29,3,44.3,57.35
EMP01902,Sales,Mid,4.8,29.4,165.5,7,7.37,2,76.6,68.92
EMP01903,Operations,Senior,8.4,37.6,181.2,6,7.52,4,51.2,59.82
EMP01904,Sales,Mid,6.6,37.4,160.3,4,9.97,3,69.6,48.93
EMP01905,Marketing,Mid,2.9,4.0,177.1,6,10.35,4,56.1,48.04
EMP01906,HR,Lead,16.2,33.8,156.3,3,6.74,6,60.1,64.95
EMP01907,HR,Senior,13.7,29.5,175.1,6,7.22,3,56.4,68.43
EMP01908,Sales,Lead,8.0,35.8,180.2,7,8.02,1,70.6,66.74
EMP01909,Operations,Manager,17.1,35.0,195.5,13,5.77,4,52.5,87.89
EMP01910,Operations,Mid,7.4,73.5,178.4,4,10.31,5,69.2,61.74
EMP01911,Sales,Senior,6.8,47.6,163.6,5,9.52,5,54.9,59.97
EMP01912,Sales,Senior,9.1,48.0,195.9,4,8.62,2,59.2,63.64
EMP01913,Customer_Support,Senior,11.4,50.4,172.4,6,6.37,4,58.4,55.37
EMP01914,Marketing,Senior,11.0,56.1,185.8,7,7.09,4,65.8,72.96
EMP01915,Sales,Senior,12.3,49.8,166.4,7,6.89,3,50.9,63.92
EMP01916,Engineering,Lead,8.2,43.2,176.3,6,7.48,3,78.4,79.25
EMP01917,Finance,Mid,6.4,57.7,163.8,7,9.19,0,59.7,57.19
EMP01918,Finance,Senior,7.5,6.6,179.5,8,10.65,2,69.5,56.23
EMP01919,Marketing,Junior,3.4,82.3,186.3,4,9.96,1,63.8,59.77
EMP01920,Customer_Support,Mid,3.6,70.8,168.1,5,7.41,0,65.0,57.13
EMP01921,HR,Senior,9.3,46.3,167.3,5,9.14,6,61.1,50.34
EMP01922,Engineering,Senior,12.7,21.8,180.0,11,5.82,5,60.5,72.71
EMP01923,HR,Mid,2.3,65.2,163.4,8,10.15,4,71.1,61.85
EMP01924,Engineering,Mid,2.0,36.6,153.7,6,8.94,4,64.1,64.27
EMP01925,Engineering,Mid,5.0,55.0,179.9,3,9.94,4,87.5,65.04
EMP01926,Sales,Junior,0.0,31.8,173.5,2,10.92,2,62.8,40.45
EMP01927,Engineering,Junior,0.5,84.4,173.2,2,10.35,4,53.5,48.64
EMP01928,Finance,Lead,16.1,17.4,182.3,6,5.42,4,56.0,75.03
EMP01929,Sales,Mid,3.0,48.0,184.3,8,8.54,4,50.0,59.51
EMP01930,HR,Manager,19.1,4.0,172.7,11,6.82,3,78.9,88.66
EMP01931,Finance,Junior,0.5,50.4,159.3,2,10.36,4,72.3,57.34
EMP01932,Marketing,Senior,6.9,36.6,166.1,6,11.06,1,63.3,61.69
EMP01933,Operations,Mid,6.9,64.1,183.2,3,9.06,2,63.5,60.0
EMP01934,Operations,Senior,10.7,36.6,176.9,7,9.07,3,58.9,53.72
EMP01935,Finance,Senior,8.3,60.1,167.3,3,7.76,1,73.3,68.28
EMP01936,Sales,Senior,9.6,27.6,164.0,6,6.94,5,68.2,58.2
EMP01937,HR,Lead,13.1,34.8,183.6,3,8.9,1,74.4,65.47
EMP01938,Marketing,Mid,3.1,43.1,171.9,9,8.38,4,61.7,60.82
EMP01939,Engineering,Junior,1.7,58.4,185.5,4,7.93,6,62.4,55.77
EMP01940,Sales,Junior,0.0,56.5,187.3,3,8.29,1,70.0,50.65
EMP01941,Engineering,Senior,9.3,53.8,170.6,3,8.67,2,88.6,70.84
EMP01942,HR,Mid,2.7,51.0,188.3,2,8.49,1,79.3,61.64
EMP01943,HR,Mid,5.0,56.9,176.9,3,6.99,3,85.0,64.37
EMP01944,Sales,Mid,3.1,33.5,178.7,0,12.06,4,63.9,42.6
EMP01945,Operations,Mid,4.5,52.8,144.4,5,6.11,5,48.4,53.06
EMP01946,Customer_Support,Senior,6.6,67.1,161.4,7,7.95,3,47.4,59.79
EMP01947,Engineering,Senior,8.2,17.8,162.2,1,10.57,2,86.6,66.59
EMP01948,Customer_Support,Senior,9.4,50.3,170.5,4,8.22,6,35.7,50.38
EMP01949,Sales,Senior,8.7,53.2,176.6,7,11.68,1,80.1,79.17
EMP01950,Customer_Support,Lead,11.2,60.9,177.2,5,8.63,1,48.5,65.89
EMP01951,Customer_Support,Mid,6.5,57.9,179.0,4,7.24,1,81.1,68.1
EMP01952,Sales,Manager,16.8,36.5,165.4,5,7.45,2,61.2,70.15
EMP01953,Operations,Junior,3.5,57.5,184.7,1,8.87,5,68.7,50.76
EMP01954,Customer_Support,Senior,13.7,32.0,200.3,7,7.18,0,86.6,81.61
EMP01955,Customer_Support,Senior,12.0,37.2,170.1,3,6.36,6,54.0,57.78
EMP01956,Customer_Support,Mid,4.7,27.0,165.7,2,8.23,2,53.8,45.36
EMP01957,Marketing,Junior,1.6,73.3,165.4,3,10.94,5,55.7,51.98
EMP01958,Sales,Mid,4.7,53.8,176.2,6,7.87,1,50.0,66.22
EMP01959,Operations,Mid,4.9,33.3,167.6,7,6.4,2,56.0,52.39
EMP01960,Marketing,Lead,12.0,43.1,150.8,3,7.99,6,57.3,59.21
EMP01961,Marketing,Mid,2.0,64.4,154.6,8,9.18,5,49.0,56.67
EMP01962,HR,Junior,1.4,65.9,189.3,3,11.24,3,63.5,47.65
EMP01963,Marketing,Mid,5.3,33.1,192.9,1,7.98,3,69.4,54.16
EMP01964,Sales,Mid,4.8,4.0,197.4,4,10.56,5,51.2,40.82
EMP01965,Finance,Junior,3.4,56.9,178.2,6,10.67,2,61.1,60.47
EMP01966,Sales,Mid,6.3,33.7,161.1,7,9.64,5,78.9,61.92
EMP01967,Finance,Mid,5.7,56.3,168.9,8,7.11,2,46.0,63.82
EMP01968,Operations,Junior,1.5,65.3,154.1,2,9.86,2,83.2,51.95
EMP01969,HR,Mid,4.1,63.7,153.6,4,10.49,1,57.9,50.84
EMP01970,Marketing,Mid,6.6,73.2,178.6,1,8.1,3,66.4,54.59
EMP01971,Engineering,Senior,9.9,61.5,182.5,7,5.13,5,85.3,89.04
EMP01972,Customer_Support,Mid,3.9,73.2,202.4,6,8.31,4,77.0,60.5
EMP01973,Finance,Junior,2.0,71.7,173.8,1,8.54,3,68.6,51.08
EMP01974,Engineering,Manager,18.7,57.0,156.0,8,5.28,4,61.7,76.88
EMP01975,Sales,Mid,5.0,46.4,173.3,5,7.08,6,52.6,56.19
EMP01976,Engineering,Junior,0.6,31.7,171.0,3,11.15,3,63.1,52.63
EMP01977,HR,Lead,8.1,76.2,168.1,2,8.82,2,88.7,63.42
EMP01978,Customer_Support,Junior,0.0,51.9,179.8,1,8.88,6,53.4,36.68
EMP01979,Finance,Senior,6.7,61.4,158.0,7,7.91,2,66.9,66.54
EMP01980,Engineering,Senior,6.5,34.7,176.8,9,7.32,1,57.5,70.06
EMP01981,Operations,Manager,15.2,49.5,184.1,8,7.3,6,46.1,72.96
EMP01982,Engineering,Manager,16.1,4.0,194.9,6,5.09,3,70.3,79.87
EMP01983,Operations,Junior,0.8,44.8,179.3,2,8.84,2,56.1,44.8
EMP01984,Engineering,Senior,14.9,41.5,189.6,6,7.5,4,67.0,67.26
EMP01985,Marketing,Mid,3.9,53.9,168.8,7,8.07,2,46.3,57.71
EMP01986,Customer_Support,Senior,6.0,59.1,170.7,4,10.96,3,57.1,59.15
EMP01987,Engineering,Mid,5.4,30.6,193.9,7,8.04,2,88.6,73.6
EMP01988,Finance,Junior,4.0,60.9,155.8,6,10.62,7,52.8,41.9
EMP01989,Customer_Support,Junior,2.3,69.4,169.4,3,11.06,3,68.8,55.32
EMP01990,Sales,Junior,1.8,86.2,190.8,7,7.93,5,20.4,53.17
EMP01991,Sales,Junior,0.3,61.6,172.0,3,9.74,1,52.4,49.02
EMP01992,Finance,Junior,2.6,44.1,171.0,5,8.57,2,40.1,52.88
EMP01993,Engineering,Lead,15.9,19.9,171.3,8,8.14,1,84.8,85.98
EMP01994,Sales,Mid,3.7,74.4,176.6,4,9.17,3,72.5,62.92
EMP01995,HR,Senior,9.3,54.1,190.2,4,9.39,2,53.6,57.1
EMP01996,Finance,Lead,10.8,38.7,187.9,7,9.87,1,66.5,76.13
EMP01997,Engineering,Senior,10.1,18.7,175.2,3,10.45,2,84.4,56.39
EMP01998,Engineering,Mid,7.8,33.0,190.3,3,7.21,2,86.3,67.64
EMP01999,Operations,Lead,11.9,48.5,179.8,4,5.78,4,55.1,69.58
EMP02000,Marketing,Senior,8.1,48.3,187.0,5,6.66,4,37.5,64.58
EMP02001,Operations,Senior,6.0,13.8,160.6,5,10.2,1,49.2,53.47
EMP02002,HR,Lead,15.4,48.5,199.3,7,8.0,5,75.2,82.4
EMP02003,Customer_Support,Mid,8.0,23.5,178.1,6,9.63,1,83.2,63.05
EMP02004,Finance,Mid,6.2,67.3,136.5,3,9.7,6,62.3,57.5
EMP02005,Sales,Lead,13.0,42.1,198.2,7,6.71,2,54.7,74.63
EMP02006,Operations,Mid,7.6,40.0,175.1,5,8.86,2,88.8,54.85
EMP02007,HR,Lead,11.2,53.9,169.5,6,8.0,2,70.9,76.32
EMP02008,Sales,Junior,0.0,56.3,166.5,4,10.31,3,47.3,44.42
EMP02009,Sales,Junior,0.0,70.9,181.2,4,9.24,0,60.6,53.74
EMP02010,Finance,Mid,2.0,48.2,162.6,2,11.77,3,75.0,57.06
EMP02011,Sales,Junior,0.8,53.1,166.9,4,8.36,1,61.2,49.04
EMP02012,Engineering,Manager,15.9,30.7,167.3,12,5.94,0,79.5,94.64
EMP02013,Sales,Junior,3.8,54.9,170.9,5,11.66,6,42.7,43.42
EMP02014,HR,Senior,6.6,68.5,167.8,2,9.83,3,48.8,54.81
EMP02015,HR,Junior,3.8,43.5,186.9,6,7.84,6,57.2,43.57
EMP02016,Marketing,Manager,15.4,44.7,178.8,6,3.53,4,60.6,81.31
EMP02017,Engineering,Mid,2.0,33.8,180.5,5,8.08,0,74.0,67.71
EMP02018,Sales,Junior,1.0,20.0,183.5,4,10.18,4,69.6,41.9
EMP02019,Marketing,Junior,0.7,54.1,173.7,0,10.14,1,93.6,51.29
EMP02020,Engineering,Mid,3.9,52.6,160.7,4,9.21,1,61.1,64.49
EMP02021,Finance,Manager,24.2,33.3,200.3,7,6.17,2,59.2,78.82
EMP02022,Sales,Manager,22.9,12.6,188.0,10,5.58,3,53.5,87.34
EMP02023,Sales,Mid,4.6,51.6,197.6,6,10.49,1,75.0,58.41
EMP02024,Engineering,Mid,4.1,51.0,189.5,5,10.29,2,83.6,71.47
EMP02025,HR,Junior,0.0,37.7,168.6,3,7.13,3,60.6,44.17
EMP02026,Engineering,Mid,2.0,26.7,142.1,6,9.64,2,94.8,71.02
EMP02027,Operations,Mid,6.8,43.2,157.8,2,8.55,4,51.5,48.94
EMP02028,Engineering,Junior,1.6,60.8,183.9,1,10.31,3,82.4,57.23
EMP02029,Marketing,Senior,7.4,49.2,173.6,5,8.08,2,81.5,65.25
EMP02030,Marketing,Lead,8.0,25.8,169.1,11,5.72,2,47.7,72.73
EMP02031,Sales,Junior,1.7,53.1,140.1,3,10.55,4,68.9,43.99
EMP02032,Marketing,Junior,2.4,64.3,174.8,4,10.79,3,31.3,38.53
EMP02033,Engineering,Junior,2.6,33.4,159.9,0,7.2,8,79.9,57.25
EMP02034,HR,Junior,1.3,51.9,164.9,3,12.39,3,52.8,55.24
EMP02035,Sales,Junior,2.2,71.1,186.9,2,11.16,5,68.8,45.16
EMP02036,Operations,Senior,6.9,23.9,160.6,8,7.23,5,69.1,66.85
EMP02037,Customer_Support,Junior,0.7,68.3,161.9,5,8.51,4,71.4,58.8
EMP02038,Sales,Senior,13.0,67.3,177.6,7,7.91,5,72.7,69.71
EMP02039,Marketing,Lead,15.5,35.7,187.2,4,7.11,1,64.7,67.54
EMP02040,Operations,Manager,14.3,29.9,169.4,7,7.62,6,55.4,68.27
EMP02041,Engineering,Senior,9.0,58.5,195.5,2,8.88,3,69.1,65.71
EMP02042,Operations,Junior,2.1,48.2,157.1,5,10.68,1,46.6,34.08
EMP02043,Marketing,Junior,0.9,15.7,154.6,1,8.47,5,61.5,42.88
EMP02044,Customer_Support,Junior,2.1,49.5,153.4,3,9.66,5,54.5,46.64
EMP02045,Customer_Support,Manager,13.0,42.1,151.9,9,7.41,4,48.5,72.25
EMP02046,Sales,Manager,18.2,46.1,179.7,11,5.87,6,41.1,75.81
EMP02047,HR,Mid,8.0,33.8,161.3,5,9.59,2,50.7,46.75
EMP02048,Marketing,Mid,7.1,43.0,155.3,3,10.31,6,26.2,43.0
EMP02049,Sales,Mid,6.7,61.7,180.3,5,7.7,4,58.3,55.41
EMP02050,Engineering,Junior,2.0,50.1,186.5,1,9.82,2,74.3,52.63
EMP02051,Customer_Support,Manager,29.8,12.1,189.7,10,3.84,4,25.8,76.53
EMP02052,Sales,Junior,1.6,69.6,187.3,5,9.33,2,64.8,59.03
EMP02053,HR,Mid,5.0,43.8,162.1,5,6.8,3,64.5,64.01
EMP02054,Operations,Mid,2.8,63.4,178.9,6,9.99,3,45.9,53.2
EMP02055,Engineering,Junior,2.5,30.1,182.0,4,13.81,3,64.8,49.31
EMP02056,HR,Mid,4.6,45.2,168.4,8,9.74,3,78.6,68.75
EMP02057,Customer_Support,Lead,14.3,46.6,177.3,8,10.3,6,46.3,59.73
EMP02058,HR,Junior,0.0,49.7,157.5,3,11.96,3,66.9,42.75
EMP02059,Sales,Mid,8.0,29.3,166.2,5,7.63,4,66.2,64.81
EMP02060,Sales,Mid,3.8,11.2,180.2,7,9.86,3,52.1,58.35
EMP02061,Customer_Support,Junior,0.2,73.8,196.1,0,11.22,4,70.1,36.88
EMP02062,Engineering,Junior,1.2,54.7,191.1,2,11.01,3,74.8,51.91
EMP02063,Marketing,Junior,0.0,68.5,184.3,2,9.14,4,61.0,53.14
EMP02064,Sales,Junior,1.0,64.9,176.1,3,10.31,2,90.4,59.28
EMP02065,HR,Mid,3.6,56.0,173.9,5,11.64,2,78.2,58.92
EMP02066,Customer_Support,Lead,11.9,34.2,154.7,2,5.26,2,37.8,50.35
EMP02067,Marketing,Senior,7.4,50.3,163.3,9,9.86,3,59.3,64.53
EMP02068,Customer_Support,Manager,13.9,56.5,163.8,6,8.46,3,87.6,74.97
EMP02069,Engineering,Mid,6.7,48.2,183.0,4,6.46,3,58.2,68.56
EMP02070,Marketing,Senior,9.3,71.5,188.2,5,7.27,2,64.8,66.23
EMP02071,Operations,Senior,11.0,20.5,185.3,4,7.52,2,74.8,65.06
EMP02072,HR,Junior,1.1,26.9,191.6,1,11.22,5,73.8,45.99
EMP02073,Engineering,Mid,6.8,61.8,176.0,6,8.86,0,79.6,71.7
EMP02074,Operations,Mid,2.8,34.7,161.2,4,8.64,2,68.9,54.24
EMP02075,Engineering,Senior,8.0,73.7,174.3,6,8.44,2,70.3,67.8
EMP02076,Marketing,Mid,4.0,67.1,164.9,3,9.85,6,54.5,49.28
EMP02077,Customer_Support,Junior,3.1,74.8,184.2,4,9.49,4,63.2,50.82
EMP02078,Engineering,Manager,18.2,48.3,170.0,7,8.48,2,65.2,78.75
EMP02079,Engineering,Junior,1.7,37.2,173.6,2,9.96,3,64.2,56.2
EMP02080,Sales,Manager,19.4,10.1,184.7,15,7.07,4,79.8,100.0
EMP02081,Engineering,Lead,9.9,61.4,164.6,2,6.23,3,65.4,74.42
EMP02082,Engineering,Lead,14.1,16.5,188.5,12,7.63,5,90.5,96.46
EMP02083,Finance,Senior,11.7,66.8,156.1,7,7.1,3,66.1,70.59
EMP02084,Engineering,Junior,2.7,61.0,179.3,4,9.06,2,68.1,58.07
EMP02085,Finance,Senior,5.2,41.9,173.7,4,10.88,4,41.2,47.22
EMP02086,Engineering,Senior,12.5,49.6,186.6,5,6.78,1,95.4,82.93
EMP02087,Engineering,Senior,9.0,50.0,155.8,5,7.47,1,69.9,66.88
EMP02088,Engineering,Junior,1.9,48.0,153.6,6,7.46,2,42.8,48.85
EMP02089,Finance,Junior,0.9,72.4,185.5,4,8.78,6,74.9,45.27
EMP02090,HR,Mid,3.5,67.9,169.5,7,6.93,1,65.4,67.7
EMP02091,Engineering,Mid,4.6,49.3,173.7,10,10.81,4,58.8,70.77
EMP02092,Operations,Mid,6.7,38.0,165.8,7,9.38,2,71.2,66.57
EMP02093,Marketing,Lead,15.9,58.6,187.8,5,8.0,5,33.4,66.54
EMP02094,Engineering,Senior,8.9,12.7,179.2,6,8.85,2,61.4,68.72
EMP02095,Customer_Support,Senior,6.9,49.7,178.4,7,7.14,6,54.4,59.88
EMP02096,Engineering,Junior,1.7,62.1,158.6,2,11.06,4,80.2,47.77
EMP02097,Sales,Mid,2.9,34.6,182.0,1,9.12,0,88.9,52.73
EMP02098,HR,Mid,6.7,61.6,161.1,3,9.67,1,63.1,54.96
EMP02099,Sales,Junior,2.4,50.6,165.8,1,5.99,3,67.5,40.85
EMP02100,Engineering,Junior,2.9,42.8,155.9,4,8.07,1,100.0,70.12
EMP02101,Finance,Mid,4.7,61.4,172.8,3,8.16,3,63.1,60.12
EMP02102,Sales,Junior,1.3,34.7,189.9,3,10.4,1,67.6,51.27
EMP02103,Operations,Mid,8.0,60.0,178.2,2,6.47,4,45.2,55.58
EMP02104,Customer_Support,Junior,0.0,21.3,168.8,6,13.33,3,81.5,41.5
EMP02105,Marketing,Junior,0.0,55.3,176.5,2,11.92,1,55.4,40.68
EMP02106,Finance,Junior,1.1,51.7,176.5,1,11.82,1,66.2,42.03
EMP02107,Finance,Senior,5.3,34.9,175.9,5,10.72,7,65.9,55.5
EMP02108,Customer_Support,Mid,5.1,52.8,177.5,2,9.85,3,59.0,46.41
EMP02109,Engineering,Mid,4.3,45.8,160.4,6,7.62,8,64.8,51.37
EMP02110,Sales,Junior,0.0,66.8,176.5,1,10.79,4,64.9,47.85
EMP02111,Marketing,Manager,18.5,43.4,150.4,6,5.47,5,85.1,89.45
EMP02112,Marketing,Mid,5.6,53.8,183.1,1,8.69,2,91.4,59.33
EMP02113,Sales,Senior,5.0,47.4,159.6,2,9.95,2,59.9,50.15
EMP02114,Marketing,Mid,3.8,39.9,191.5,5,8.48,4,58.6,60.08
EMP02115,Sales,Lead,14.4,34.5,140.8,7,6.22,1,52.3,69.16
EMP02116,Customer_Support,Lead,20.6,42.7,198.4,7,7.56,1,90.2,87.45
EMP02117,Engineering,Mid,2.0,44.4,152.1,6,8.37,0,71.5,60.4
EMP02118,Sales,Senior,6.7,59.7,158.2,6,8.08,4,75.4,69.86
EMP02119,Sales,Junior,3.7,52.4,179.2,3,9.51,7,70.4,51.82
EMP02120,Engineering,Senior,10.8,48.6,183.7,4,8.75,0,96.5,76.34
EMP02121,Engineering,Mid,4.0,26.0,171.0,3,10.26,2,67.0,55.44
EMP02122,Sales,Junior,2.2,65.1,187.5,6,8.91,5,48.7,41.31
EMP02123,Engineering,Manager,16.7,26.3,163.8,12,4.07,4,92.3,96.83
EMP02124,Engineering,Lead,16.8,23.4,169.4,7,8.54,6,80.8,78.73
EMP02125,Engineering,Junior,0.7,75.7,170.8,4,6.9,0,75.5,62.86
EMP02126,Engineering,Manager,24.8,45.5,167.5,7,5.85,3,88.4,90.18
EMP02127,Engineering,Mid,4.0,61.7,147.9,6,9.17,3,76.2,72.72
EMP02128,Engineering,Mid,2.0,53.8,174.7,5,9.89,3,88.8,72.67
EMP02129,Sales,Lead,13.6,37.6,173.4,5,7.63,4,65.0,68.27
EMP02130,Sales,Mid,4.4,42.8,190.1,4,8.85,2,72.8,60.34
EMP02131,Engineering,Mid,2.0,58.7,157.0,2,9.4,4,76.3,50.13
EMP02132,Finance,Senior,6.1,60.0,166.0,5,9.06,3,59.1,57.56
EMP02133,Customer_Support,Junior,0.2,50.0,191.8,1,10.5,3,55.5,38.74
EMP02134,Customer_Support,Mid,3.8,78.1,179.1,3,5.38,2,53.3,52.07
EMP02135,Marketing,Mid,5.0,44.0,182.7,3,9.0,1,67.2,61.99
EMP02136,Marketing,Senior,5.0,22.1,181.3,2,9.87,5,58.5,48.05
EMP02137,Engineering,Junior,2.7,25.2,181.4,6,8.76,5,75.2,54.1
EMP02138,Operations,Junior,0.2,25.7,200.5,3,10.77,3,64.8,53.95
EMP02139,Operations,Senior,6.3,36.8,176.3,4,10.0,4,62.5,63.95
EMP02140,Operations,Junior,0.3,47.5,160.8,2,10.24,4,62.7,46.69
EMP02141,Operations,Mid,4.7,57.2,183.9,1,9.32,2,53.2,39.63
EMP02142,HR,Senior,7.8,42.6,167.1,5,6.46,2,62.6,70.95
EMP02143,Operations,Senior,8.0,55.7,173.5,6,8.2,6,40.0,62.17
EMP02144,Operations,Junior,0.6,51.7,180.2,2,10.76,4,58.6,35.16
EMP02145,Engineering,Lead,17.0,39.2,163.5,6,6.11,4,58.2,65.26
EMP02146,Customer_Support,Senior,8.6,34.3,167.9,7,7.71,5,59.2,59.12
EMP02147,Sales,Mid,3.7,68.3,181.7,3,10.01,7,53.4,50.72
EMP02148,Customer_Support,Senior,12.1,20.0,167.3,10,8.25,2,33.4,66.61
EMP02149,Operations,Senior,12.7,47.5,188.6,7,8.32,0,87.0,68.45
EMP02150,Sales,Senior,15.0,40.3,161.2,9,5.15,4,59.2,81.18
EMP02151,Finance,Mid,4.3,58.7,161.1,4,9.79,3,80.4,54.75
EMP02152,Sales,Senior,5.0,42.7,201.7,8,6.51,3,55.7,69.69
EMP02153,Operations,Manager,21.3,35.1,153.6,11,5.39,4,80.4,89.33
EMP02154,Operations,Mid,2.9,43.0,174.6,2,12.11,7,46.2,44.92
EMP02155,Marketing,Lead,14.2,59.9,200.9,11,7.91,4,66.1,84.56
EMP02156,Operations,Senior,6.4,43.0,174.6,5,9.01,1,46.9,55.62
EMP02157,Sales,Lead,14.2,68.5,193.9,12,5.94,1,93.2,98.56
EMP02158,Engineering,Manager,23.2,39.1,184.1,8,7.66,2,67.0,83.35
EMP02159,HR,Junior,1.6,51.3,174.9,3,10.36,2,75.9,52.04
EMP02160,Sales,Junior,2.2,48.8,173.2,2,6.59,4,67.4,44.93
EMP02161,HR,Mid,4.5,55.5,145.3,4,8.22,2,65.7,60.6
EMP02162,Engineering,Mid,4.6,38.2,170.5,6,9.54,3,76.2,70.28
EMP02163,Engineering,Mid,2.7,49.2,178.3,3,9.11,4,86.3,65.54
EMP02164,HR,Senior,11.1,43.1,178.2,7,9.41,3,74.0,70.43
EMP02165,Operations,Manager,21.9,39.9,209.5,16,4.1,4,61.9,95.03
EMP02166,Engineering,Mid,5.0,52.3,178.9,5,9.34,3,76.2,76.39
EMP02167,Operations,Senior,7.6,49.0,183.8,4,7.51,0,83.0,68.81
EMP02168,HR,Junior,2.9,52.4,191.3,4,9.96,5,61.0,42.94
EMP02169,Engineering,Mid,5.0,70.5,182.6,5,8.33,3,47.8,62.67
EMP02170,Marketing,Junior,2.8,57.3,173.8,3,9.84,4,50.8,46.99
EMP02171,HR,Mid,4.2,86.1,173.9,2,11.33,5,53.7,58.81
EMP02172,Engineering,Mid,8.0,47.7,170.1,1,6.47,2,59.4,58.62
EMP02173,Marketing,Senior,11.6,57.4,181.2,6,10.71,2,53.8,57.62
EMP02174,Sales,Senior,9.6,32.1,172.6,5,12.98,1,61.7,64.71
EMP02175,Engineering,Mid,4.2,68.0,183.7,3,8.51,1,73.0,66.1
EMP02176,Marketing,Junior,1.5,40.4,160.9,5,11.9,4,66.8,46.98
EMP02177,HR,Junior,2.7,57.8,177.1,5,11.03,4,57.2,59.84
EMP02178,Operations,Manager,23.5,31.0,196.7,9,6.54,2,71.9,85.93
EMP02179,Engineering,Manager,26.9,41.8,171.9,4,3.92,1,76.4,87.3
EMP02180,Customer_Support,Mid,3.9,43.5,200.8,2,7.93,0,77.0,62.4
EMP02181,Operations,Junior,0.7,39.2,177.3,3,9.38,6,70.2,51.46
EMP02182,Customer_Support,Mid,3.7,42.9,174.2,8,8.69,5,53.8,60.06
EMP02183,Operations,Senior,13.7,66.1,176.6,7,5.81,1,75.7,83.74
EMP02184,Sales,Mid,2.6,54.0,170.6,4,8.33,2,65.3,47.83
EMP02185,Marketing,Junior,0.0,31.7,147.3,3,11.56,1,73.6,51.94
EMP02186,Sales,Mid,5.9,63.4,187.3,3,11.14,2,70.6,57.07
EMP02187,Operations,Junior,0.7,37.6,205.7,2,8.78,8,58.5,43.18
EMP02188,Marketing,Mid,3.1,58.2,181.7,1,12.78,4,65.2,45.92
EMP02189,Engineering,Junior,0.5,59.3,182.6,3,8.07,2,68.4,55.46
EMP02190,Customer_Support,Senior,12.1,52.2,172.4,7,6.1,3,47.8,63.85
EMP02191,Sales,Mid,3.4,74.8,191.2,5,6.68,2,36.3,55.06
EMP02192,Marketing,Junior,0.7,38.6,174.5,4,7.52,5,55.7,38.93
EMP02193,Finance,Mid,3.4,56.2,178.7,5,10.92,5,65.4,60.23
EMP02194,Sales,Mid,2.5,65.9,153.1,2,8.78,5,75.0,58.79
EMP02195,Marketing,Senior,12.2,33.3,167.6,5,7.68,0,73.6,71.99
EMP02196,Operations,Manager,25.7,23.8,180.1,11,4.64,2,56.6,89.25
EMP02197,Sales,Junior,0.3,46.7,187.7,0,8.23,0,53.8,47.78
EMP02198,Marketing,Lead,19.2,43.9,188.1,13,3.91,4,61.8,90.88
EMP02199,Engineering,Senior,7.8,21.8,152.9,5,5.16,1,58.3,76.18
EMP02200,Finance,Senior,8.7,51.3,154.3,7,7.71,4,37.6,60.4
EMP02201,Sales,Mid,2.0,25.9,183.2,7,9.96,9,43.5,50.75
EMP02202,Customer_Support,Mid,3.6,66.4,164.5,5,7.8,4,74.5,56.75
EMP02203,Operations,Junior,0.9,58.7,187.5,2,6.66,2,82.3,56.23
EMP02204,Engineering,Manager,30.6,63.7,152.2,11,5.56,2,79.0,100.0
EMP02205,Engineering,Senior,8.1,53.0,173.6,5,9.6,1,69.3,68.13
EMP02206,Marketing,Mid,6.2,42.4,174.5,8,6.75,0,47.3,60.17
EMP02207,Finance,Mid,4.9,35.0,181.7,3,7.21,4,61.1,57.51
EMP02208,HR,Junior,2.2,54.6,160.6,2,10.71,3,73.3,49.55
EMP02209,Sales,Junior,3.6,50.5,147.5,2,6.71,5,72.0,47.42
EMP02210,Sales,Senior,5.0,60.8,177.4,9,6.6,2,70.3,71.33
EMP02211,Customer_Support,Mid,7.6,33.1,182.4,3,10.56,4,72.5,54.5
EMP02212,HR,Senior,13.4,73.3,189.1,6,6.61,4,89.3,68.76
EMP02213,Operations,Senior,11.2,62.1,170.0,9,7.72,4,55.1,69.1
EMP02214,HR,Senior,8.0,39.9,185.9,5,6.45,5,99.7,70.32
EMP02215,Customer_Support,Lead,10.4,66.0,181.8,8,9.03,2,33.8,62.33
EMP02216,Sales,Junior,0.0,39.3,193.5,1,9.81,0,52.7,36.57
EMP02217,Sales,Senior,12.9,46.1,174.2,4,8.84,3,64.4,61.4
EMP02218,Customer_Support,Senior,7.1,23.9,150.8,6,7.49,2,64.6,69.05
EMP02219,Customer_Support,Junior,0.0,78.7,174.1,2,8.31,7,55.8,40.19
EMP02220,Engineering,Junior,0.6,26.3,176.2,7,9.66,2,64.1,54.21
EMP02221,Engineering,Junior,2.4,29.4,182.3,4,8.39,1,96.4,63.9
EMP02222,HR,Junior,1.3,41.5,153.5,4,9.0,2,59.5,39.15
EMP02223,HR,Mid,6.0,66.8,170.6,2,7.52,4,53.8,45.31
EMP02224,Engineering,Junior,0.6,65.3,187.2,3,8.04,2,90.3,67.23
EMP02225,Operations,Senior,5.0,44.8,173.5,3,9.59,1,70.2,55.72
EMP02226,Engineering,Junior,2.4,66.3,170.7,3,10.23,1,83.1,69.24
EMP02227,Finance,Junior,2.6,49.3,201.7,3,8.13,3,65.4,50.48
EMP02228,Sales,Mid,5.5,53.3,160.0,5,11.28,3,45.5,57.66
EMP02229,Sales,Junior,1.5,75.8,192.3,3,8.65,6,63.0,43.04
EMP02230,Finance,Manager,25.1,31.3,189.3,10,6.17,6,44.8,80.57
EMP02231,Engineering,Mid,8.0,35.5,171.8,4,4.76,4,72.9,63.05
EMP02232,Finance,Junior,0.5,58.1,174.5,4,9.42,4,70.8,58.02
EMP02233,Sales,Junior,1.8,62.1,174.5,1,7.05,0,74.9,51.47
EMP02234,Customer_Support,Mid,4.3,48.7,177.5,9,7.73,3,56.9,59.15
EMP02235,Finance,Senior,12.0,58.1,166.7,4,8.1,4,72.0,67.94
EMP02236,Operations,Senior,5.2,40.0,169.0,4,8.89,8,49.2,61.54
EMP02237,Sales,Mid,4.6,48.9,170.0,6,7.84,4,73.6,68.23
EMP02238,Engineering,Senior,8.4,48.6,170.5,5,8.09,3,78.1,69.52
EMP02239,Engineering,Mid,4.5,51.3,170.6,3,9.35,1,60.4,53.61
EMP02240,Marketing,Lead,14.1,63.2,143.6,11,5.99,2,70.4,81.3
EMP02241,Engineering,Mid,7.6,52.5,176.4,6,9.44,2,83.1,65.97
EMP02242,Sales,Junior,1.2,46.4,167.6,2,9.93,8,62.9,47.31
EMP02243,Engineering,Senior,9.6,50.9,148.9,6,7.1,5,60.1,64.48
EMP02244,Engineering,Lead,18.8,54.1,170.1,7,8.78,3,72.1,86.94
EMP02245,Engineering,Mid,4.5,58.6,169.7,2,8.37,1,76.6,68.37
EMP02246,Engineering,Manager,15.7,45.8,192.9,8,4.8,2,60.0,84.08
EMP02247,Engineering,Lead,15.2,16.5,167.5,6,8.11,5,57.9,62.75
EMP02248,Marketing,Junior,1.2,13.6,184.3,6,10.61,6,70.3,54.05
EMP02249,Engineering,Senior,10.2,62.1,194.4,6,4.93,5,79.9,73.78
EMP02250,Engineering,Senior,11.5,49.6,166.2,10,4.82,3,95.8,90.2
EMP02251,Marketing,Mid,3.2,46.7,174.3,10,9.77,2,72.0,74.4
EMP02252,Operations,Mid,5.7,57.4,199.2,4,7.77,0,45.5,43.88
EMP02253,Engineering,Lead,12.5,67.9,178.2,8,7.53,3,94.5,88.22
EMP02254,Marketing,Senior,10.7,64.2,180.2,7,7.15,4,76.7,72.2
EMP02255,Customer_Support,Mid,2.9,61.4,169.3,3,9.89,3,33.9,40.82
EMP02256,Marketing,Junior,0.9,37.7,184.6,3,10.84,7,51.6,35.24
EMP02257,Customer_Support,Mid,5.6,35.6,174.4,1,6.14,2,52.1,58.33
EMP02258,Operations,Lead,8.0,4.0,149.4,8,6.32,4,70.1,68.69
EMP02259,Sales,Senior,10.6,52.5,170.0,6,9.95,9,33.4,42.37
EMP02260,HR,Junior,2.6,67.6,158.4,1,10.16,6,64.6,47.18
EMP02261,Finance,Lead,8.0,56.9,176.6,2,8.71,2,72.4,71.96
EMP02262,Customer_Support,Lead,22.3,49.1,162.2,7,8.99,6,24.0,60.53
EMP02263,HR,Mid,5.3,44.7,181.7,2,10.48,1,75.0,63.1
EMP02264,Sales,Junior,1.8,42.5,175.6,4,9.82,2,72.4,43.08
EMP02265,Marketing,Mid,4.1,34.6,157.5,5,7.41,4,53.8,59.42
EMP02266,Sales,Junior,2.7,48.5,168.1,3,11.45,5,48.2,39.82
EMP02267,Finance,Mid,5.6,32.3,183.7,10,10.73,3,52.7,57.47
EMP02268,Marketing,Senior,6.6,69.3,191.1,5,8.71,3,31.9,59.6
EMP02269,Finance,Lead,15.2,19.5,162.4,8,9.57,3,59.1,74.12
EMP02270,Operations,Mid,2.0,44.0,159.6,2,9.92,5,62.6,53.51
EMP02271,Marketing,Lead,11.7,10.0,202.3,10,7.55,4,49.4,76.94
EMP02272,Marketing,Lead,15.4,43.4,174.9,9,8.62,6,75.7,78.95
EMP02273,Finance,Junior,3.1,51.0,176.3,3,10.41,4,64.2,43.51
EMP02274,Operations,Junior,2.1,45.6,164.6,4,10.92,2,63.1,39.81
EMP02275,Operations,Senior,9.9,29.0,178.0,6,5.05,5,55.2,55.04
EMP02276,Sales,Senior,5.0,43.0,199.0,6,9.25,3,70.9,62.09
EMP02277,Marketing,Mid,4.8,38.8,178.6,6,8.43,1,79.5,66.89
EMP02278,Engineering,Senior,13.7,40.9,189.9,8,6.74,2,65.1,80.01
EMP02279,Operations,Senior,5.0,72.4,175.4,3,8.42,1,69.1,64.8
EMP02280,Finance,Senior,8.0,45.6,160.6,8,7.35,3,72.3,68.92
EMP02281,HR,Senior,5.0,51.0,165.4,5,9.75,1,71.0,69.15
EMP02282,Engineering,Junior,0.9,44.0,159.4,2,8.33,2,90.1,66.97
EMP02283,Engineering,Junior,2.7,39.2,178.0,2,7.23,5,61.3,47.35
EMP02284,Finance,Junior,2.1,50.7,192.1,1,9.64,3,57.9,46.63
EMP02285,Engineering,Manager,23.2,72.6,177.3,10,7.36,3,60.7,94.13
EMP02286,Sales,Lead,10.2,34.7,170.7,6,6.93,2,70.7,77.54
EMP02287,Operations,Senior,6.8,48.4,163.9,8,8.12,2,56.7,67.11
EMP02288,Operations,Junior,4.0,38.6,180.0,1,9.18,1,51.7,40.52
EMP02289,Engineering,Mid,3.6,5.7,157.7,7,12.81,3,90.0,58.19
EMP02290,Engineering,Junior,1.9,39.2,159.1,6,11.2,3,91.7,58.09
EMP02291,Customer_Support,Mid,8.0,82.7,187.6,6,7.84,2,54.1,61.11
EMP02292,Finance,Junior,2.3,59.9,171.1,2,9.53,5,46.6,42.22
EMP02293,Marketing,Lead,12.7,63.6,170.8,10,6.21,2,86.4,82.88
EMP02294,Engineering,Junior,1.8,45.8,172.6,2,12.5,3,75.6,54.66
EMP02295,Engineering,Senior,9.0,7.6,185.2,6,6.03,4,75.0,69.31
EMP02296,Sales,Manager,22.6,18.4,177.3,12,4.21,3,63.3,90.24
EMP02297,Finance,Senior,7.4,49.0,164.6,6,9.65,3,53.4,55.56
EMP02298,Sales,Junior,1.4,54.6,165.1,3,12.33,1,57.0,49.16
EMP02299,Sales,Lead,10.2,38.8,172.3,10,7.64,6,70.1,78.44
EMP02300,Finance,Senior,12.4,35.0,179.2,1,7.32,4,57.6,63.82
EMP02301,Customer_Support,Mid,4.8,61.1,174.5,3,9.18,3,63.2,53.2
EMP02302,Finance,Senior,9.7,35.5,173.3,6,8.19,2,63.2,65.7
EMP02303,HR,Lead,8.3,43.6,175.6,10,10.88,3,53.3,70.64
EMP02304,HR,Mid,3.3,49.9,174.5,4,9.95,8,85.5,63.81
EMP02305,HR,Mid,2.0,41.5,164.1,3,9.0,4,73.1,53.83
EMP02306,Engineering,Mid,7.1,33.8,190.5,8,9.36,2,74.0,62.97
EMP02307,Marketing,Junior,1.2,44.6,168.2,3,11.29,2,70.7,47.79
EMP02308,HR,Senior,7.6,71.1,176.8,4,7.06,3,44.5,65.28
EMP02309,Marketing,Junior,1.9,67.7,146.2,6,10.24,3,58.1,56.75
EMP02310,Operations,Mid,3.8,62.3,172.0,4,9.3,3,41.7,50.12
EMP02311,Customer_Support,Mid,2.9,35.2,159.6,3,7.78,7,59.5,45.82
EMP02312,Sales,Junior,2.1,29.4,161.3,3,9.26,2,65.9,55.51
EMP02313,Engineering,Mid,5.2,63.4,208.9,5,8.4,4,71.7,62.48
EMP02314,Engineering,Senior,8.6,56.6,178.5,8,7.55,1,84.1,81.29
EMP02315,Engineering,Mid,5.8,49.1,192.2,1,11.61,1,52.0,53.33
EMP02316,Engineering,Junior,2.9,45.4,187.0,4,9.77,7,60.4,53.97
EMP02317,Sales,Lead,8.0,17.0,188.8,10,8.47,5,67.0,67.12
EMP02318,Operations,Manager,28.6,48.0,172.2,20,5.67,5,63.2,100.0
EMP02319,HR,Mid,5.8,64.8,197.5,3,8.9,4,50.2,55.63
EMP02320,Customer_Support,Mid,4.5,36.8,186.9,10,8.55,5,72.4,66.03
EMP02321,Sales,Junior,1.9,39.6,175.6,8,11.97,2,80.5,60.64
EMP02322,Sales,Junior,0.9,69.6,178.7,1,12.12,1,67.1,44.04
EMP02323,HR,Mid,4.8,37.4,173.1,3,10.4,5,47.9,54.15
EMP02324,Sales,Manager,14.2,61.7,175.7,12,6.61,3,63.9,91.56
EMP02325,Engineering,Senior,12.7,41.4,174.4,6,8.16,3,74.1,70.87
EMP02326,Customer_Support,Mid,5.0,41.2,180.3,5,7.96,4,54.7,52.82
EMP02327,Engineering,Manager,21.8,35.7,199.4,5,5.84,0,86.2,95.68
EMP02328,Engineering,Mid,5.2,41.2,158.1,6,7.42,2,68.6,68.75
EMP02329,Marketing,Junior,1.1,67.9,191.0,6,11.11,1,89.3,64.78
EMP02330,HR,Mid,5.3,60.3,169.8,5,11.36,2,75.4,55.9
EMP02331,Marketing,Junior,0.0,67.3,192.8,4,8.57,3,67.3,51.55
EMP02332,Engineering,Lead,8.0,41.8,170.3,5,10.44,2,81.0,73.08
EMP02333,Operations,Mid,6.7,40.2,180.8,5,9.74,1,78.4,69.35
EMP02334,Sales,Senior,11.7,42.9,172.8,7,6.72,2,72.8,77.58
EMP02335,HR,Mid,4.6,40.6,150.8,8,9.51,2,65.1,63.87
EMP02336,Finance,Lead,18.1,61.0,199.3,11,8.72,3,55.1,85.93
EMP02337,Operations,Senior,5.6,58.0,161.8,3,10.4,5,46.5,39.26
EMP02338,Engineering,Mid,2.9,45.6,176.2,3,11.09,2,40.7,49.97
EMP02339,Marketing,Junior,3.5,37.1,160.3,2,9.14,5,66.1,49.29
EMP02340,Sales,Lead,10.1,62.1,156.3,5,6.37,2,57.3,61.64
EMP02341,Sales,Mid,4.2,49.1,172.1,7,9.21,0,58.0,69.77
EMP02342,Sales,Junior,0.9,49.0,166.7,2,10.19,3,74.3,50.95
EMP02343,Finance,Lead,16.1,62.2,158.6,10,6.55,2,61.7,85.84
EMP02344,Engineering,Junior,2.7,43.4,174.5,3,8.92,1,92.7,60.32
EMP02345,Finance,Mid,6.0,42.2,154.3,6,7.55,3,56.1,61.03
EMP02346,Sales,Mid,2.0,43.5,176.8,3,10.52,2,50.3,47.6
EMP02347,Operations,Mid,2.0,27.3,173.2,3,8.53,4,44.9,52.77
EMP02348,Operations,Mid,6.3,51.7,140.3,5,10.05,2,68.7,61.71
EMP02349,Sales,Junior,1.8,39.6,167.7,1,9.48,4,75.8,48.44
EMP02350,Sales,Junior,1.9,42.4,181.6,7,9.75,3,54.9,45.2
EMP02351,Sales,Junior,1.4,40.4,160.1,3,8.3,1,49.2,39.61
EMP02352,Operations,Junior,0.6,42.2,182.2,1,10.63,2,78.4,36.25
EMP02353,Engineering,Manager,15.6,22.4,181.1,8,6.18,6,52.6,74.7
EMP02354,Marketing,Mid,7.5,50.7,160.8,4,7.24,2,76.1,66.77
EMP02355,HR,Mid,2.0,44.7,174.8,5,9.2,3,59.1,54.52
EMP02356,Operations,Mid,4.7,47.7,186.5,7,7.93,6,64.8,62.99
EMP02357,HR,Senior,7.0,78.3,162.7,5,6.26,1,78.9,82.72
EMP02358,Marketing,Junior,0.3,48.7,172.1,4,11.16,5,69.7,45.58
EMP02359,Customer_Support,Junior,3.6,60.1,191.1,2,8.04,1,54.5,44.64
EMP02360,Sales,Senior,10.4,53.8,163.0,10,8.63,4,78.8,76.27
EMP02361,Operations,Mid,3.7,46.1,181.4,9,12.48,0,63.5,53.22
EMP02362,Sales,Senior,10.1,47.1,159.9,8,6.72,1,100.0,81.38
EMP02363,HR,Lead,17.8,39.3,172.7,14,7.26,3,45.5,78.61
EMP02364,Operations,Lead,14.1,42.0,181.3,10,6.56,5,39.4,63.95
EMP02365,Finance,Junior,1.6,42.2,141.3,3,10.27,0,74.9,47.5
EMP02366,Finance,Junior,2.9,43.6,167.5,0,7.26,7,62.6,43.85
EMP02367,Engineering,Junior,3.2,51.3,181.0,3,10.27,1,79.5,56.43
EMP02368,HR,Senior,5.8,13.4,178.2,5,8.78,3,52.8,53.2
EMP02369,Engineering,Lead,12.8,61.4,167.7,6,10.68,3,70.6,80.93
EMP02370,Marketing,Manager,21.6,67.4,159.5,6,2.87,5,69.5,90.88
EMP02371,HR,Junior,1.0,53.6,183.8,6,9.33,2,59.5,55.74
EMP02372,Engineering,Lead,14.5,49.0,170.5,10,7.71,2,72.8,88.62
EMP02373,Engineering,Mid,4.0,63.2,182.6,5,10.47,5,53.7,52.69
EMP02374,Engineering,Lead,12.3,19.1,180.3,11,7.2,0,74.7,88.37
EMP02375,Engineering,Mid,5.1,60.9,168.7,5,10.86,1,87.3,64.43
EMP02376,Sales,Junior,2.0,44.6,190.0,4,9.96,3,47.1,47.86
EMP02377,Operations,Junior,1.6,85.4,166.7,5,10.12,2,44.4,57.02
EMP02378,Marketing,Manager,17.9,32.2,191.7,8,3.82,3,78.3,92.28
EMP02379,Sales,Mid,2.0,60.6,193.5,5,10.34,3,46.2,54.87
EMP02380,Finance,Mid,2.3,44.3,189.7,2,11.6,3,73.1,48.83
EMP02381,Operations,Mid,3.9,80.0,172.5,0,7.87,4,60.7,51.01
EMP02382,Engineering,Mid,4.2,39.3,210.7,8,8.59,1,65.0,69.91
EMP02383,Sales,Manager,21.4,52.5,177.1,12,3.77,3,79.6,100.0
EMP02384,Sales,Junior,0.1,60.4,178.4,2,10.79,6,73.1,44.16
EMP02385,Sales,Junior,1.3,57.1,174.7,4,9.74,8,65.4,48.12
EMP02386,Operations,Senior,11.2,46.4,159.2,9,9.02,5,34.2,66.2
EMP02387,Customer_Support,Mid,2.2,37.0,193.1,7,9.38,1,66.5,59.44
EMP02388,Sales,Junior,2.2,12.2,167.0,6,9.71,8,49.1,32.5
EMP02389,Finance,Junior,0.9,67.1,187.9,3,9.94,5,60.3,45.62
EMP02390,Sales,Junior,1.1,43.7,191.2,4,10.23,4,62.1,45.48
EMP02391,Marketing,Junior,1.3,68.5,183.4,3,10.0,3,86.8,54.32
EMP02392,Finance,Junior,4.0,56.3,165.3,4,10.19,5,60.0,52.85
EMP02393,Engineering,Junior,0.0,69.0,170.2,3,12.15,2,52.9,53.88
EMP02394,Sales,Senior,6.3,55.0,137.5,6,9.93,2,79.6,72.22
EMP02395,Marketing,Lead,18.8,4.0,173.4,7,8.93,1,72.7,81.42
EMP02396,Customer_Support,Lead,21.5,48.2,186.2,9,4.45,3,67.2,81.78
EMP02397,Engineering,Mid,6.1,41.8,171.7,5,7.89,3,87.9,69.27
EMP02398,Engineering,Mid,3.7,64.5,166.7,5,10.83,0,90.7,69.87
EMP02399,Sales,Manager,11.9,43.9,170.8,10,5.67,2,51.3,90.35
EMP02400,Marketing,Senior,12.9,52.0,192.0,3,9.91,4,47.3,59.53
EMP02401,Marketing,Mid,3.7,42.9,174.2,7,8.57,2,74.1,64.45
EMP02402,Operations,Junior,2.1,37.3,201.0,2,9.65,2,56.9,41.28
EMP02403,Finance,Mid,5.1,40.5,167.0,6,8.57,4,60.9,65.09
EMP02404,Operations,Mid,4.2,20.0,178.0,5,9.23,3,46.5,42.83
EMP02405,Operations,Mid,6.2,38.1,168.9,2,11.25,4,67.0,50.73
EMP02406,Engineering,Junior,1.2,29.0,204.0,3,11.83,2,74.8,53.37
EMP02407,Marketing,Manager,23.0,13.4,177.5,8,8.27,6,62.1,75.47
EMP02408,Engineering,Mid,2.6,48.7,204.8,3,12.63,5,53.3,59.1
EMP02409,Engineering,Mid,2.0,55.0,169.1,5,8.88,0,84.5,71.27
EMP02410,Customer_Support,Junior,0.7,50.5,196.4,4,8.64,2,61.1,55.4
EMP02411,Finance,Senior,10.6,35.5,176.7,5,8.2,1,76.4,65.34
EMP02412,Customer_Support,Senior,5.6,28.8,186.7,8,9.12,5,32.8,57.29
EMP02413,HR,Junior,1.2,46.2,157.9,2,7.92,3,66.7,55.54
EMP02414,Marketing,Mid,3.9,34.7,179.9,7,10.37,3,55.4,57.59
EMP02415,HR,Senior,7.4,42.1,160.0,3,6.96,3,66.4,58.86
EMP02416,Sales,Lead,19.8,16.2,178.6,4,5.76,1,73.3,70.77
EMP02417,Engineering,Junior,2.3,61.5,153.7,5,10.87,3,74.4,59.13
EMP02418,Marketing,Lead,8.0,30.5,173.7,13,8.64,6,64.2,75.52
EMP02419,Sales,Mid,4.6,52.6,190.3,4,9.26,0,62.2,54.82
EMP02420,Customer_Support,Junior,2.4,64.3,182.7,1,10.15,4,39.3,40.47
EMP02421,Sales,Junior,1.7,55.9,157.7,1,10.83,3,51.1,41.36
EMP02422,Engineering,Junior,2.8,63.0,148.4,3,8.91,2,83.5,59.75
EMP02423,Operations,Junior,3.0,20.0,182.0,1,10.19,2,53.9,38.49
EMP02424,Sales,Mid,2.0,39.6,197.1,9,9.51,1,75.7,58.58
EMP02425,Customer_Support,Senior,7.4,59.5,161.5,7,8.61,3,67.9,65.4
EMP02426,Finance,Junior,2.5,58.6,204.4,2,11.42,1,73.6,48.7
EMP02427,Sales,Manager,20.0,62.7,174.9,13,6.35,5,66.0,88.59
EMP02428,Finance,Junior,0.8,76.6,147.6,3,12.03,2,57.8,49.86
EMP02429,Marketing,Mid,2.0,51.5,153.1,4,8.83,4,62.2,45.88
EMP02430,Finance,Manager,19.8,31.2,185.8,6,5.85,2,70.7,81.1
EMP02431,Operations,Lead,12.3,24.6,176.8,7,5.25,3,34.5,64.65
EMP02432,Finance,Senior,9.5,35.9,195.8,4,6.77,6,77.9,61.4
EMP02433,Marketing,Senior,8.4,36.9,158.2,3,7.75,2,58.0,56.08
EMP02434,Engineering,Junior,2.1,42.1,176.7,0,10.52,5,69.0,41.41
EMP02435,Finance,Junior,2.1,37.2,175.1,4,9.16,3,62.1,55.71
EMP02436,Customer_Support,Mid,4.9,53.0,173.0,6,7.59,1,57.5,56.11
EMP02437,Marketing,Junior,0.5,76.4,169.6,3,10.56,4,48.2,42.67
EMP02438,Finance,Mid,3.0,61.0,169.9,8,7.05,2,64.8,71.35
EMP02439,HR,Junior,0.0,46.2,177.4,5,7.87,1,73.1,55.86
EMP02440,Finance,Lead,14.0,54.2,179.2,6,5.99,4,38.5,76.35
EMP02441,Customer_Support,Lead,15.9,44.2,178.5,11,7.43,5,42.4,74.15
EMP02442,Sales,Lead,8.0,38.4,191.9,9,6.76,1,72.8,79.27
EMP02443,Engineering,Senior,5.6,41.5,158.2,12,8.8,4,78.5,81.17
EMP02444,Marketing,Junior,0.0,48.0,149.6,2,11.2,1,67.6,52.78
EMP02445,HR,Junior,1.6,60.8,189.2,1,10.59,4,57.8,30.17
EMP02446,Marketing,Senior,5.0,45.1,161.8,5,11.17,4,72.6,63.66
EMP02447,Sales,Senior,10.6,32.1,169.7,6,8.2,4,47.6,54.82
EMP02448,HR,Mid,2.0,35.3,166.4,3,11.51,4,64.4,42.73
EMP02449,Marketing,Mid,6.4,51.6,166.1,2,9.78,6,48.3,46.83
EMP02450,Marketing,Mid,3.2,53.4,154.6,7,8.8,3,62.1,59.9
EMP02451,Finance,Junior,1.9,46.3,167.0,4,8.54,4,50.6,40.96
EMP02452,Finance,Mid,6.8,30.0,184.1,5,9.07,1,72.1,57.36
EMP02453,Finance,Mid,4.6,65.8,174.9,8,7.34,6,68.2,61.13
EMP02454,Operations,Senior,9.9,58.6,182.1,5,7.76,6,53.2,56.43
EMP02455,Marketing,Manager,28.8,5.2,168.1,10,4.51,1,77.1,95.47
EMP02456,Marketing,Mid,5.1,67.1,187.6,7,10.74,6,52.5,55.64
EMP02457,Marketing,Senior,9.3,39.9,167.9,10,7.15,4,63.6,73.63
EMP02458,Sales,Lead,8.0,41.8,145.5,9,8.6,1,54.6,64.61
EMP02459,Engineering,Junior,0.1,68.1,179.4,2,8.78,3,78.9,64.24
EMP02460,Marketing,Senior,9.8,67.8,185.7,7,9.29,6,71.7,68.24
EMP02461,Operations,Mid,4.1,62.0,167.2,6,11.35,0,75.6,65.47
EMP02462,Finance,Mid,2.0,50.6,191.8,3,8.36,5,64.0,55.67
EMP02463,Sales,Junior,2.8,30.4,163.1,3,9.96,0,26.5,33.4
EMP02464,Marketing,Lead,19.2,8.6,184.4,9,10.04,2,58.8,82.95
EMP02465,Engineering,Manager,17.1,48.2,199.4,6,5.32,2,88.8,96.55
EMP02466,Finance,Junior,1.7,71.1,175.5,5,7.88,7,59.1,53.81
EMP02467,Operations,Junior,3.1,38.8,171.8,3,10.03,6,37.0,41.67
EMP02468,Marketing,Junior,1.9,47.0,173.5,2,8.39,3,69.4,51.26
EMP02469,Marketing,Senior,7.1,34.6,197.8,6,8.98,6,70.3,63.06
EMP02470,Engineering,Mid,2.2,38.2,180.6,4,10.71,3,61.3,51.96
EMP02471,HR,Junior,0.2,67.1,205.0,2,8.69,2,63.0,50.91
EMP02472,Operations,Lead,11.8,42.3,178.9,10,5.39,2,49.8,75.7
EMP02473,Finance,Mid,4.2,43.6,165.8,8,10.65,5,69.3,62.89
EMP02474,Marketing,Mid,5.2,86.9,166.8,5,11.5,6,64.7,60.8
EMP02475,Engineering,Mid,2.0,25.5,175.9,7,9.09,4,56.0,57.88
EMP02476,Sales,Mid,4.4,55.2,146.4,5,11.12,2,61.9,48.17
EMP02477,Sales,Mid,2.3,31.3,168.4,5,11.95,3,53.2,49.1
EMP02478,Engineering,Junior,2.0,48.6,168.7,3,10.87,6,87.5,53.7
EMP02479,Engineering,Mid,5.0,49.2,178.4,3,9.3,4,80.7,55.35
EMP02480,Customer_Support,Lead,8.1,51.7,202.2,3,8.92,4,56.5,58.29
EMP02481,Marketing,Mid,4.5,43.1,175.8,5,10.39,3,65.0,54.22
EMP02482,Engineering,Lead,9.6,33.5,148.1,10,4.61,2,82.2,82.58
EMP02483,Sales,Mid,6.0,42.8,162.2,2,8.8,1,59.9,45.96
EMP02484,Engineering,Senior,9.6,26.8,178.7,4,6.27,3,79.1,72.27
EMP02485,Operations,Junior,2.3,60.5,176.3,5,8.56,2,77.7,55.5
EMP02486,Engineering,Senior,16.0,47.2,197.7,9,7.66,2,64.1,75.61
EMP02487,Operations,Junior,0.8,57.5,188.4,3,9.9,4,79.8,54.45
EMP02488,Operations,Junior,0.0,50.0,188.0,4,10.2,3,76.3,51.29
EMP02489,Sales,Junior,1.6,48.1,172.0,4,9.74,4,65.0,50.95
EMP02490,Marketing,Junior,0.3,68.6,190.4,4,9.85,4,58.7,50.17
EMP02491,Customer_Support,Manager,20.7,50.3,162.5,6,5.83,2,60.8,78.59
EMP02492,HR,Manager,19.5,56.2,188.6,6,8.21,4,63.1,69.86
EMP02493,Sales,Senior,12.5,48.6,171.0,2,8.61,2,52.5,63.22
EMP02494,Customer_Support,Junior,2.8,71.3,154.7,2,8.45,4,64.4,40.85
EMP02495,Operations,Lead,15.6,32.8,183.3,6,6.3,2,47.7,71.14
EMP02496,Marketing,Senior,8.1,40.0,194.6,5,9.28,3,59.9,61.06
EMP02497,Marketing,Mid,6.6,64.9,169.3,3,8.5,4,60.1,66.22
EMP02498,Engineering,Mid,5.4,59.7,196.9,1,9.76,4,53.6,53.05
EMP02499,Operations,Senior,7.4,38.6,151.8,6,8.38,4,67.9,64.87
EMP02500,HR,Junior,1.0,35.3,158.2,3,10.31,5,63.3,35.07
EMP02501,Sales,Mid,6.2,43.9,172.9,2,10.72,2,77.6,60.69
EMP02502,Finance,Senior,5.0,32.7,169.8,4,9.31,4,60.1,59.2
EMP02503,Customer_Support,Junior,3.6,76.9,165.7,4,12.36,3,53.1,38.15
EMP02504,Operations,Mid,3.8,58.4,176.9,4,8.34,3,49.1,48.6
EMP02505,Engineering,Mid,8.0,35.5,167.6,6,7.4,1,70.5,66.63
EMP02506,Sales,Senior,12.2,27.3,170.0,9,8.3,7,62.5,71.14
EMP02507,Customer_Support,Manager,20.0,23.3,178.9,10,5.65,1,66.9,82.38
EMP02508,Customer_Support,Lead,10.7,30.6,165.7,7,7.79,5,58.8,59.11
EMP02509,Marketing,Senior,11.4,40.5,173.5,7,8.36,4,89.1,73.06
EMP02510,Finance,Mid,2.1,63.7,166.0,3,7.7,2,68.5,61.73
EMP02511,HR,Senior,7.4,28.5,158.1,9,5.36,1,54.2,67.29
EMP02512,HR,Mid,3.4,81.3,185.7,3,10.33,2,53.1,55.99
EMP02513,Sales,Junior,0.0,36.9,198.9,5,8.14,0,68.4,44.07
EMP02514,Sales,Senior,5.0,21.9,189.9,5,8.04,5,49.8,61.93
EMP02515,Engineering,Senior,5.5,68.3,179.6,2,8.44,4,77.1,66.09
EMP02516,Operations,Mid,6.3,66.8,166.0,2,8.8,3,70.7,57.65
EMP02517,Sales,Lead,15.0,36.3,171.0,2,8.1,6,73.0,68.35
EMP02518,Engineering,Senior,10.3,48.7,189.8,8,8.94,1,59.6,78.46
EMP02519,Marketing,Mid,6.0,53.1,143.1,2,9.29,3,75.1,61.73
EMP02520,Engineering,Junior,1.7,53.1,169.9,4,10.71,2,73.9,53.53
EMP02521,Sales,Junior,3.2,31.6,185.3,3,8.26,3,54.7,39.15
EMP02522,Marketing,Mid,5.5,9.8,159.1,3,7.98,3,62.1,54.01
EMP02523,Engineering,Mid,5.9,34.3,180.9,2,14.01,2,75.7,60.08
EMP02524,Marketing,Junior,0.4,78.2,180.3,2,10.31,2,55.9,50.44
EMP02525,Customer_Support,Junior,1.3,78.8,154.6,5,11.2,1,61.6,41.91
EMP02526,Sales,Junior,1.0,47.1,176.2,4,8.4,2,79.3,65.31
EMP02527,Customer_Support,Senior,8.7,28.6,166.4,9,9.26,6,69.6,62.67
EMP02528,Customer_Support,Senior,11.1,47.2,180.8,1,7.54,2,59.0,60.76
EMP02529,Operations,Mid,2.0,53.6,184.4,5,8.77,5,62.8,46.14
EMP02530,Marketing,Junior,0.7,60.0,180.6,2,12.51,2,57.5,50.94
EMP02531,Marketing,Junior,1.8,13.1,176.0,2,12.06,2,57.9,45.49
EMP02532,Marketing,Junior,0.0,98.4,179.0,4,10.11,8,45.6,45.07
EMP02533,Finance,Mid,7.7,64.0,158.5,6,9.07,5,66.0,68.9
EMP02534,Sales,Junior,1.4,48.0,174.6,1,9.42,2,70.2,48.53
EMP02535,Customer_Support,Mid,4.1,36.2,163.8,2,7.63,7,57.1,50.24
EMP02536,Marketing,Manager,30.1,49.8,189.4,9,4.67,4,53.5,88.17
EMP02537,Operations,Mid,7.0,54.4,184.6,4,9.17,2,60.8,53.4
EMP02538,Engineering,Lead,10.1,40.4,184.5,9,9.16,6,86.1,89.46
EMP02539,Sales,Junior,2.1,57.9,199.0,6,10.69,2,72.8,59.59
EMP02540,Marketing,Junior,1.2,49.3,170.4,1,8.6,2,63.6,41.76
EMP02541,Marketing,Manager,19.3,41.0,167.3,11,3.19,1,88.6,98.68
EMP02542,HR,Mid,2.0,57.9,170.0,5,9.08,0,98.4,71.85
EMP02543,Engineering,Senior,9.3,48.1,152.6,6,6.36,0,64.2,77.38
EMP02544,Engineering,Manager,16.2,39.4,153.7,7,6.35,1,67.0,91.89
EMP02545,Marketing,Mid,5.0,67.9,183.7,4,9.74,6,72.3,62.26
EMP02546,Engineering,Mid,3.4,23.0,155.5,3,9.8,2,59.0,49.22
EMP02547,Customer_Support,Mid,5.6,35.0,160.0,4,8.41,1,68.2,55.06
EMP02548,Sales,Junior,0.3,51.4,173.6,2,10.7,2,63.2,51.41
EMP02549,Engineering,Junior,2.7,40.1,169.2,4,11.75,2,74.5,52.35
EMP02550,Engineering,Junior,2.4,45.1,187.4,0,10.4,4,63.1,48.04
EMP02551,Marketing,Lead,8.0,58.3,175.8,7,8.52,2,54.5,66.67
EMP02552,HR,Senior,11.9,40.8,163.8,2,7.06,8,42.2,49.95
EMP02553,Finance,Junior,0.3,23.6,188.6,4,10.37,4,80.8,52.57
EMP02554,Customer_Support,Junior,0.0,44.6,185.2,1,12.32,3,69.3,43.08
EMP02555,Engineering,Senior,10.1,43.9,155.2,6,7.99,2,78.1,73.17
EMP02556,Finance,Lead,19.7,39.6,178.5,7,5.93,5,67.2,72.26
EMP02557,Sales,Junior,0.4,59.3,165.0,3,11.84,4,34.3,42.14
EMP02558,Engineering,Mid,5.1,54.1,164.6,7,8.91,4,61.0,68.79
EMP02559,HR,Lead,15.6,36.9,201.2,4,7.8,2,62.9,70.34
EMP02560,Sales,Lead,12.7,21.1,176.7,9,7.68,4,49.0,73.26
EMP02561,Marketing,Lead,11.9,32.4,172.0,5,8.22,7,43.7,62.72
EMP02562,Finance,Junior,2.2,41.7,176.2,4,11.08,3,51.3,50.47
EMP02563,Finance,Junior,1.8,46.7,187.2,3,11.75,6,63.6,48.77
EMP02564,Marketing,Mid,5.2,57.4,165.2,3,10.62,2,64.6,58.52
EMP02565,Marketing,Junior,2.4,57.1,167.6,5,11.92,2,74.9,50.87
EMP02566,Engineering,Lead,19.9,51.4,184.2,6,6.03,4,94.8,88.7
EMP02567,Sales,Junior,1.1,45.2,153.8,3,8.38,0,70.2,45.37
EMP02568,Sales,Senior,11.5,65.6,188.9,1,7.69,0,59.9,56.23
EMP02569,Finance,Lead,16.4,49.1,152.5,7,10.9,2,84.6,84.66
EMP02570,Customer_Support,Manager,28.4,36.7,171.6,10,4.71,3,39.0,82.92
EMP02571,Sales,Senior,5.0,52.1,152.6,6,6.21,6,37.1,52.44
EMP02572,Marketing,Manager,17.5,24.9,160.2,9,10.1,1,53.4,69.45
EMP02573,Finance,Junior,0.4,19.4,193.2,2,10.45,4,72.7,41.5
EMP02574,Operations,Mid,2.4,37.9,189.6,4,8.38,4,62.0,47.33
EMP02575,Marketing,Junior,2.6,62.2,191.1,3,8.24,5,50.5,46.13
EMP02576,Marketing,Manager,11.0,36.2,154.7,7,7.5,1,55.3,58.57
EMP02577,Finance,Lead,18.6,36.9,160.3,3,7.64,1,48.1,70.17
EMP02578,Operations,Junior,0.8,38.3,179.8,2,11.08,4,45.1,38.71
EMP02579,Sales,Junior,1.7,21.7,185.0,2,11.27,3,80.6,49.72
EMP02580,Customer_Support,Mid,4.4,68.4,163.8,3,7.19,5,56.3,55.7
EMP02581,Sales,Junior,0.0,47.9,166.9,5,8.6,1,83.2,58.27
EMP02582,Operations,Lead,11.7,32.6,159.2,9,7.54,5,49.3,67.68
EMP02583,Sales,Junior,0.8,40.9,198.2,5,11.72,2,67.9,50.64
EMP02584,Engineering,Senior,5.3,61.8,168.4,11,8.2,0,72.7,87.26
EMP02585,Sales,Mid,4.1,60.2,175.4,3,6.12,3,72.6,56.41
EMP02586,HR,Mid,5.5,32.5,176.2,5,10.31,4,69.1,59.74
EMP02587,Engineering,Junior,2.7,68.5,190.5,3,5.99,3,81.8,60.7
EMP02588,Sales,Manager,15.3,32.8,161.7,12,6.0,1,68.7,80.57
EMP02589,HR,Senior,7.9,33.8,191.4,9,9.54,3,52.9,57.36
EMP02590,HR,Mid,6.5,42.6,157.1,8,10.04,5,74.8,54.38
EMP02591,Operations,Mid,4.8,35.3,191.3,4,6.9,4,58.8,55.7
EMP02592,Operations,Lead,14.2,19.2,151.0,7,8.47,0,50.7,60.71
EMP02593,Finance,Lead,15.6,50.6,173.5,9,8.93,1,71.3,82.95
EMP02594,Sales,Lead,11.8,35.7,197.8,9,8.46,4,73.1,83.15
EMP02595,Engineering,Senior,12.2,52.3,184.8,6,7.5,2,64.2,71.27
EMP02596,Customer_Support,Lead,13.6,43.3,180.9,5,7.95,2,53.8,66.98
EMP02597,Sales,Junior,0.6,59.2,160.3,4,9.13,3,45.4,49.63
EMP02598,HR,Senior,14.6,12.3,164.7,3,9.01,5,44.3,53.08
EMP02599,Customer_Support,Mid,2.0,34.0,193.8,3,11.74,2,55.1,46.13
EMP02600,Customer_Support,Mid,4.7,55.5,181.6,4,8.64,1,67.5,50.42
EMP02601,HR,Manager,12.8,15.9,187.5,10,8.15,6,59.1,73.63
EMP02602,Finance,Manager,10.0,40.6,176.0,9,8.87,2,80.1,84.42
EMP02603,HR,Mid,8.0,26.1,171.1,0,8.45,5,63.5,56.51
EMP02604,Finance,Mid,7.8,47.2,185.7,6,5.59,2,60.6,64.82
EMP02605,Sales,Lead,11.7,63.1,178.6,10,7.76,3,58.5,81.75
EMP02606,Sales,Manager,17.2,46.6,172.6,8,2.09,2,73.8,84.77
EMP02607,Marketing,Senior,8.5,15.2,155.2,5,10.61,2,52.5,59.08
EMP02608,Engineering,Junior,2.5,63.7,188.4,2,10.74,3,68.5,50.32
EMP02609,Finance,Mid,2.0,74.3,181.2,5,9.25,2,56.4,59.49
EMP02610,Engineering,Lead,15.6,81.0,166.5,3,8.34,3,63.3,70.86
EMP02611,Operations,Senior,7.2,50.1,191.5,1,6.88,5,60.4,55.57
EMP02612,Operations,Senior,5.0,22.5,178.4,3,10.44,1,58.6,52.0
EMP02613,HR,Senior,11.6,49.5,178.7,6,8.22,2,78.6,72.43
EMP02614,Operations,Mid,4.6,70.9,187.4,6,9.58,1,59.9,56.52
EMP02615,Engineering,Mid,6.4,44.2,184.4,5,8.39,0,76.7,68.38
EMP02616,HR,Lead,8.7,54.6,179.1,10,7.52,0,68.1,80.61
EMP02617,Engineering,Junior,0.0,38.4,172.4,3,10.99,3,86.8,54.87
EMP02618,Operations,Senior,7.3,48.6,202.8,4,7.2,4,56.4,55.78
EMP02619,Operations,Senior,16.0,5.7,164.7,3,5.49,2,56.4,56.66
EMP02620,Customer_Support,Lead,16.3,24.7,185.4,9,8.35,2,66.9,79.49
EMP02621,Operations,Mid,4.1,46.9,173.8,8,9.98,4,56.2,56.92
EMP02622,Customer_Support,Senior,6.8,37.5,181.4,7,7.17,1,64.0,71.99
EMP02623,Engineering,Junior,0.8,31.5,192.3,5,10.2,1,98.1,64.35
EMP02624,Customer_Support,Junior,1.3,43.5,170.6,2,10.04,3,46.3,38.61
EMP02625,Marketing,Mid,3.6,51.9,183.4,2,8.29,3,82.4,62.57
EMP02626,HR,Junior,3.6,49.7,178.7,4,9.96,4,60.1,52.36
EMP02627,Marketing,Manager,18.6,35.9,166.0,11,6.11,1,80.1,97.34
EMP02628,Engineering,Lead,15.2,50.0,192.6,8,8.24,2,78.2,74.92
EMP02629,Engineering,Junior,0.1,45.9,185.0,6,10.72,0,77.2,63.65
EMP02630,Engineering,Lead,13.2,59.4,168.9,4,6.5,1,68.2,71.82
EMP02631,Sales,Mid,4.0,32.2,190.5,8,8.45,4,59.0,58.48
EMP02632,HR,Senior,15.3,71.9,163.4,7,7.92,4,57.3,65.12
EMP02633,Operations,Lead,15.8,55.7,174.6,5,4.37,2,60.1,74.82
EMP02634,Marketing,Mid,5.6,41.7,169.0,4,7.44,2,61.8,53.36
EMP02635,Marketing,Junior,2.3,46.7,185.5,8,9.57,2,66.3,51.35
EMP02636,HR,Junior,2.8,54.1,168.3,2,9.57,6,49.1,37.06
EMP02637,HR,Mid,2.2,56.0,185.6,7,10.88,2,66.3,64.87
EMP02638,Engineering,Manager,24.9,51.4,183.3,16,3.28,4,85.2,100.0
EMP02639,Operations,Mid,6.9,26.9,169.7,3,8.21,2,71.3,61.52
EMP02640,Engineering,Mid,4.4,53.6,200.6,5,9.17,5,70.3,54.72
EMP02641,Finance,Junior,0.6,19.3,164.6,4,9.61,2,93.7,66.18
EMP02642,Finance,Lead,12.5,36.3,155.3,12,6.3,5,56.1,89.28
EMP02643,Marketing,Mid,2.6,68.8,187.0,2,8.55,0,63.0,52.26
EMP02644,Operations,Senior,11.2,21.7,144.9,3,8.24,5,42.6,51.07
EMP02645,Engineering,Senior,5.9,19.0,195.9,8,8.24,3,65.2,66.3
EMP02646,Operations,Junior,1.1,54.3,176.4,5,9.47,2,81.5,61.01
EMP02647,Finance,Junior,1.7,71.8,155.0,2,8.26,2,58.6,58.81
EMP02648,Operations,Mid,6.7,51.9,161.7,5,12.06,4,41.7,42.46
EMP02649,Finance,Mid,2.0,18.4,152.1,7,9.72,4,73.5,52.95
EMP02650,Operations,Senior,9.7,17.8,180.4,8,10.3,1,64.7,62.98
EMP02651,Customer_Support,Lead,11.3,40.5,156.4,10,7.12,3,68.0,91.8
EMP02652,HR,Junior,0.0,33.3,182.0,2,10.32,6,62.4,46.16
EMP02653,Operations,Mid,3.4,49.1,170.7,4,10.04,1,47.9,51.53
EMP02654,Finance,Junior,1.0,53.9,168.3,5,9.84,4,60.8,57.01
EMP02655,HR,Junior,3.0,43.7,182.1,3,9.9,3,72.7,57.13
EMP02656,Customer_Support,Senior,11.3,70.2,183.7,7,8.2,3,57.1,68.75
EMP02657,Engineering,Senior,8.3,51.9,191.0,1,7.99,3,74.7,65.23
EMP02658,Marketing,Senior,11.5,61.2,166.1,3,7.7,2,57.6,60.5
EMP02659,Sales,Junior,2.1,64.8,174.6,2,11.3,3,67.1,48.85
EMP02660,Engineering,Mid,3.4,44.7,166.1,4,7.97,1,70.0,67.72
EMP02661,Operations,Mid,8.0,44.1,177.3,4,11.12,1,51.5,56.35
EMP02662,Engineering,Manager,22.1,30.5,164.1,6,6.47,7,71.7,78.94
EMP02663,Engineering,Senior,11.4,53.2,169.1,5,7.45,4,65.4,69.57
EMP02664,Engineering,Manager,21.9,25.2,169.1,9,6.96,3,77.4,83.76
EMP02665,HR,Junior,1.3,76.9,179.1,3,11.15,6,76.5,57.09
EMP02666,Operations,Mid,3.1,35.8,175.0,2,9.83,2,66.0,52.21
EMP02667,Operations,Senior,10.8,46.2,182.1,5,7.8,1,40.4,57.1
EMP02668,Sales,Mid,2.0,43.6,173.5,4,7.25,3,50.4,49.4
EMP02669,Marketing,Senior,9.0,36.2,166.9,4,7.23,6,56.4,54.45
EMP02670,HR,Mid,3.3,79.6,177.7,5,9.46,3,56.4,57.62
EMP02671,Marketing,Manager,14.5,28.4,162.2,6,7.42,4,57.5,77.02
EMP02672,HR,Junior,1.6,46.4,183.0,4,10.05,3,77.1,50.64
EMP02673,Engineering,Manager,23.4,25.0,171.0,6,6.08,3,78.4,80.3
EMP02674,HR,Mid,5.4,47.6,177.9,5,8.73,3,60.9,57.9
EMP02675,Marketing,Mid,6.1,45.5,178.1,2,9.87,1,71.1,61.98
EMP02676,Marketing,Mid,8.0,30.2,197.4,6,11.74,3,67.9,63.54
EMP02677,HR,Junior,2.2,44.6,180.3,3,10.1,3,65.6,54.58
EMP02678,Operations,Manager,26.0,44.1,176.0,12,4.96,7,73.8,89.96
EMP02679,Finance,Lead,16.2,54.4,165.3,6,6.85,8,55.1,74.65
EMP02680,Engineering,Manager,21.0,35.4,186.2,10,6.98,3,70.6,91.57
EMP02681,Operations,Manager,21.1,35.9,171.2,6,5.77,8,47.4,68.43
EMP02682,Operations,Senior,5.5,37.6,153.6,3,9.83,8,48.0,46.55
EMP02683,Sales,Mid,7.3,39.5,172.3,4,10.1,7,45.7,50.7
EMP02684,Marketing,Lead,16.3,25.2,177.7,11,9.35,3,52.2,76.99
EMP02685,Engineering,Junior,2.4,27.7,163.5,8,10.49,3,71.0,62.51
EMP02686,Finance,Lead,12.0,28.5,173.3,6,7.61,2,59.4,72.86
EMP02687,Engineering,Mid,4.9,60.6,174.0,10,9.64,2,66.8,69.73
EMP02688,Finance,Senior,8.8,36.6,174.2,6,8.25,1,59.4,59.8
EMP02689,Engineering,Mid,2.7,41.8,192.3,2,9.72,2,91.3,60.54
EMP02690,Marketing,Mid,7.7,41.5,156.6,2,10.69,1,50.4,53.14
EMP02691,Customer_Support,Junior,0.8,69.7,203.5,5,9.42,5,43.1,39.96
EMP02692,Engineering,Mid,3.8,33.1,174.5,4,7.48,5,59.9,57.32
EMP02693,Operations,Mid,3.2,51.2,183.1,1,9.58,6,59.1,46.87
EMP02694,Customer_Support,Junior,3.3,50.0,176.8,3,10.0,2,64.2,52.11
EMP02695,Operations,Junior,3.1,52.0,150.8,3,11.15,6,67.4,40.16
EMP02696,Sales,Mid,3.7,50.7,160.2,9,9.11,1,73.3,56.2
EMP02697,Operations,Mid,2.0,47.9,167.7,4,8.93,4,58.7,48.52
EMP02698,Sales,Lead,11.6,50.9,188.9,6,6.66,1,57.2,73.44
EMP02699,Engineering,Junior,2.3,50.6,155.6,7,8.99,3,89.6,73.84
EMP02700,Operations,Mid,3.6,73.2,163.0,3,8.16,5,26.6,40.36
EMP02701,Finance,Junior,0.5,51.7,177.3,1,8.43,1,63.8,46.18
EMP02702,Marketing,Mid,4.0,21.4,181.6,1,6.21,5,69.2,53.99
EMP02703,Engineering,Mid,6.0,56.6,181.2,2,10.14,0,92.5,76.89
EMP02704,Operations,Senior,9.5,48.9,161.2,5,8.42,4,40.1,56.71
EMP02705,Finance,Mid,3.7,47.5,152.6,5,12.25,7,58.0,52.88
EMP02706,HR,Mid,2.0,43.1,182.5,8,7.48,4,49.7,66.3
EMP02707,Operations,Junior,0.3,19.3,195.1,5,12.87,4,38.4,40.76
EMP02708,Engineering,Mid,2.0,17.8,170.2,8,9.32,4,67.5,62.54
EMP02709,Sales,Mid,4.9,71.7,159.0,3,6.91,3,72.0,55.33
EMP02710,Finance,Senior,5.0,34.2,169.0,7,5.95,1,77.5,73.11
EMP02711,Customer_Support,Mid,4.6,61.5,180.5,9,8.42,3,51.6,64.12
EMP02712,Engineering,Senior,9.5,19.0,171.7,7,9.4,5,78.0,65.32
EMP02713,Engineering,Mid,3.4,31.3,194.7,2,9.71,4,67.6,59.09
EMP02714,Sales,Junior,1.1,61.2,187.9,6,9.49,3,68.7,55.86
EMP02715,Operations,Junior,1.6,49.5,177.6,1,11.52,1,73.9,46.03
EMP02716,Engineering,Junior,0.0,59.1,147.6,4,10.32,2,67.7,50.38
EMP02717,Marketing,Mid,3.6,46.8,165.3,5,7.09,3,76.9,64.97
EMP02718,Customer_Support,Lead,13.3,35.9,167.3,5,9.05,3,43.4,62.09
EMP02719,Sales,Senior,8.7,32.8,164.5,8,6.78,2,69.9,65.04
EMP02720,Marketing,Mid,5.3,29.1,177.7,5,7.57,3,76.4,64.7
EMP02721,Marketing,Junior,2.1,72.0,178.0,6,9.55,2,75.2,65.56
EMP02722,Operations,Lead,11.8,62.5,151.6,7,7.92,3,45.8,69.67
EMP02723,Engineering,Junior,3.0,35.4,186.3,3,8.83,4,67.5,55.31
EMP02724,HR,Mid,7.3,30.4,175.2,4,6.32,3,69.6,58.79
EMP02725,Sales,Lead,20.1,33.8,180.0,3,5.44,2,67.3,71.36
EMP02726,Finance,Mid,2.9,52.1,185.4,5,10.78,0,64.4,52.91
EMP02727,Operations,Junior,2.2,48.3,164.3,4,9.84,3,77.2,50.37
EMP02728,Sales,Junior,0.7,58.5,192.6,5,11.62,5,46.5,43.04
EMP02729,Engineering,Senior,5.1,42.3,173.0,3,9.46,3,67.1,57.69
EMP02730,Operations,Junior,0.5,49.3,196.2,3,9.31,5,39.7,40.93
EMP02731,Sales,Senior,8.0,79.2,162.5,5,7.33,1,69.5,75.77
EMP02732,Engineering,Mid,4.7,39.1,195.1,2,9.41,3,76.7,67.52
EMP02733,Marketing,Mid,6.4,71.6,162.3,2,9.18,3,100.0,64.49
EMP02734,Engineering,Junior,1.9,72.7,210.7,4,10.05,4,82.3,71.0
EMP02735,Engineering,Lead,15.3,46.6,161.7,13,7.25,4,74.0,94.96
EMP02736,HR,Mid,2.9,18.1,189.8,5,9.2,1,69.1,53.42
EMP02737,Engineering,Senior,8.1,43.5,169.9,7,8.15,3,66.2,72.78
EMP02738,Marketing,Mid,4.5,39.3,185.0,10,8.03,1,65.6,68.5
EMP02739,Finance,Junior,1.3,51.3,174.4,4,8.49,2,66.3,45.9
EMP02740,Marketing,Mid,4.4,31.1,159.7,6,10.23,3,40.4,43.48
EMP02741,Sales,Mid,2.0,58.3,135.8,2,8.13,7,64.4,52.28
EMP02742,Operations,Mid,4.8,61.8,210.1,6,6.5,4,61.2,55.34
EMP02743,Sales,Lead,14.1,56.6,176.0,6,6.64,2,83.0,87.66
EMP02744,Operations,Lead,10.3,33.3,133.8,5,8.04,1,58.4,67.48
EMP02745,Engineering,Senior,14.8,27.1,179.2,8,7.14,5,60.8,76.03
EMP02746,Operations,Mid,4.6,52.3,184.7,1,7.48,1,63.2,46.41
EMP02747,Engineering,Mid,5.6,73.3,165.0,3,10.56,3,70.9,66.02
EMP02748,Engineering,Senior,9.7,44.0,165.1,4,8.42,3,68.4,71.17
EMP02749,HR,Junior,2.0,57.8,174.7,2,11.49,5,50.7,45.44
EMP02750,Sales,Lead,17.0,35.5,191.8,7,6.66,1,60.1,79.16
EMP02751,Engineering,Lead,11.6,31.4,176.4,10,8.16,7,63.0,84.0
EMP02752,Finance,Junior,2.2,60.9,195.5,3,8.25,5,60.4,49.44
EMP02753,Operations,Lead,11.4,37.4,190.8,6,3.21,2,68.8,74.86
EMP02754,Sales,Lead,17.1,45.1,171.8,3,6.76,8,53.9,58.95
EMP02755,Operations,Mid,2.1,54.6,153.0,6,7.63,4,57.3,58.95
EMP02756,Operations,Lead,15.5,44.2,171.8,8,8.15,1,66.5,74.47
EMP02757,Operations,Junior,2.8,59.4,182.4,4,11.05,3,56.8,41.9
EMP02758,Finance,Junior,0.1,38.2,175.8,1,10.57,4,94.3,53.81
EMP02759,Finance,Mid,4.5,33.3,183.9,3,7.99,3,66.0,47.79
EMP02760,Marketing,Mid,7.3,46.4,187.1,4,8.76,5,49.1,53.71
EMP02761,Finance,Mid,8.0,46.7,182.4,3,9.46,2,52.9,55.57
EMP02762,Customer_Support,Manager,12.7,27.2,171.1,6,7.54,7,46.7,60.01
EMP02763,Sales,Junior,1.8,54.6,182.3,4,8.61,2,52.1,53.72
EMP02764,Engineering,Junior,1.1,64.6,206.3,4,7.35,1,76.4,56.35
EMP02765,Sales,Senior,12.1,60.8,154.1,6,8.28,3,48.7,62.77
EMP02766,Customer_Support,Junior,1.4,72.2,181.8,1,9.93,3,54.0,44.37
EMP02767,HR,Senior,8.6,23.3,200.6,4,9.05,3,79.7,64.09
EMP02768,Finance,Mid,7.1,29.6,158.6,1,8.78,2,56.8,56.13
EMP02769,Operations,Manager,24.3,30.7,189.0,7,5.12,4,68.1,79.39
EMP02770,Customer_Support,Senior,5.0,44.2,190.9,3,8.5,5,37.8,47.42
EMP02771,Sales,Junior,2.5,47.4,154.3,3,9.36,3,57.6,46.9
EMP02772,Operations,Junior,2.7,42.7,185.0,3,13.13,1,49.4,39.51
EMP02773,Operations,Junior,3.2,46.4,171.2,6,9.37,4,63.6,45.85
EMP02774,Sales,Manager,27.9,42.2,174.2,11,4.39,6,49.6,92.7
EMP02775,Finance,Senior,11.0,23.1,170.5,6,8.92,3,87.8,68.63
EMP02776,Engineering,Mid,2.1,82.2,193.4,3,10.14,4,50.3,51.7
EMP02777,Finance,Junior,2.0,51.3,173.4,0,9.99,3,76.6,39.91
EMP02778,Marketing,Lead,8.0,54.8,168.5,5,6.78,3,74.5,72.62
EMP02779,Engineering,Junior,1.4,42.3,168.8,2,8.12,2,73.7,56.31
EMP02780,Sales,Senior,7.0,51.6,170.2,7,8.39,1,62.7,71.69
EMP02781,Sales,Senior,8.0,44.5,159.9,7,8.06,4,84.3,68.98
EMP02782,Sales,Junior,1.2,63.9,168.4,3,9.28,1,91.7,60.48
EMP02783,Marketing,Mid,5.4,44.0,176.6,1,10.16,2,61.5,55.21
EMP02784,Engineering,Junior,0.0,74.3,180.7,3,11.44,5,71.9,60.41
EMP02785,Engineering,Mid,3.5,24.6,191.9,3,10.92,3,63.4,55.4
EMP02786,Finance,Manager,20.6,49.2,178.4,8,4.43,2,49.0,80.84
EMP02787,Finance,Senior,5.8,44.8,168.4,6,10.09,1,68.6,70.85
EMP02788,Marketing,Lead,13.4,23.7,160.8,9,4.57,2,67.0,84.58
EMP02789,Customer_Support,Mid,5.1,76.3,179.1,4,9.01,4,38.7,41.7
EMP02790,Engineering,Junior,3.1,78.7,173.4,1,10.92,3,75.5,57.17
EMP02791,Operations,Senior,9.2,11.9,173.8,6,6.72,3,63.4,66.68
EMP02792,Sales,Mid,3.0,49.7,178.7,1,7.51,2,54.8,52.7
EMP02793,Finance,Junior,1.1,61.6,182.3,1,9.92,8,55.0,42.13
EMP02794,Customer_Support,Mid,2.0,53.6,178.8,0,11.83,3,63.1,41.72
EMP02795,Operations,Senior,12.2,65.7,172.6,12,10.13,3,79.3,86.08
EMP02796,Marketing,Senior,11.8,62.6,163.8,3,9.44,3,68.8,65.31
EMP02797,Marketing,Junior,2.1,55.0,166.4,3,8.46,5,73.4,52.75
EMP02798,Engineering,Lead,14.5,73.2,186.9,9,7.08,4,60.0,82.05
EMP02799,Finance,Mid,3.8,61.1,169.1,5,12.4,3,58.0,54.57
EMP02800,Operations,Junior,2.3,45.7,156.2,6,11.09,0,67.3,52.5
EMP02801,Customer_Support,Junior,0.0,42.7,191.2,1,7.98,6,41.7,42.14
EMP02802,HR,Lead,12.6,57.7,161.8,6,8.46,2,68.5,74.39
EMP02803,Sales,Mid,5.9,35.1,175.5,1,7.95,3,67.9,54.02
EMP02804,Marketing,Mid,5.1,40.9,181.9,1,8.68,5,63.5,50.13
EMP02805,Sales,Junior,0.4,47.4,175.0,2,11.14,2,65.8,48.15
EMP02806,Engineering,Senior,13.8,48.3,140.3,7,7.01,1,70.7,72.62
EMP02807,Engineering,Senior,14.2,40.1,180.5,6,6.74,4,62.5,73.08
EMP02808,Finance,Mid,5.3,27.2,193.6,2,10.57,4,48.9,39.61
EMP02809,Engineering,Manager,16.0,52.4,186.0,7,7.57,4,68.9,81.21
EMP02810,Sales,Junior,3.4,44.9,145.3,3,10.14,0,77.7,50.79
EMP02811,Sales,Junior,1.8,81.3,204.8,0,12.85,3,74.3,47.69
EMP02812,Operations,Mid,4.9,51.6,156.4,3,9.42,5,55.9,47.2
EMP02813,Finance,Senior,5.0,62.0,159.9,2,9.21,4,58.6,58.62
EMP02814,Sales,Junior,0.8,60.5,185.9,0,9.6,4,56.7,39.11
EMP02815,Sales,Mid,5.3,66.7,181.3,3,7.71,7,56.7,57.23
EMP02816,Marketing,Mid,5.6,55.6,176.1,3,7.04,2,67.5,67.39
EMP02817,Engineering,Mid,4.0,50.5,167.0,2,10.45,2,82.7,55.98
EMP02818,Marketing,Senior,5.4,59.4,193.6,11,8.07,1,91.2,86.47
EMP02819,HR,Manager,18.2,72.3,174.4,9,9.83,0,56.0,78.89
EMP02820,Customer_Support,Mid,4.7,43.0,153.1,2,7.91,2,65.8,56.35
EMP02821,Engineering,Senior,5.0,54.9,192.3,8,7.69,3,76.5,71.19
EMP02822,Finance,Mid,8.0,46.9,178.1,4,9.15,3,59.0,63.53
EMP02823,Sales,Mid,4.8,54.6,190.6,3,7.7,7,49.7,48.43
EMP02824,Customer_Support,Junior,1.3,51.6,183.0,1,7.88,8,61.3,42.12
EMP02825,Customer_Support,Manager,16.9,4.0,208.5,4,7.34,2,83.4,73.29
EMP02826,Finance,Junior,2.8,48.0,170.7,0,6.7,2,66.2,46.03
EMP02827,HR,Senior,10.9,58.0,175.2,2,8.21,5,56.6,61.25
EMP02828,Engineering,Junior,2.6,39.5,185.1,0,10.1,2,68.1,46.82
EMP02829,Operations,Lead,14.6,52.8,170.7,5,8.36,4,46.3,65.37
EMP02830,Finance,Junior,0.0,53.8,186.2,2,10.83,2,63.2,47.31
EMP02831,Engineering,Manager,17.2,32.1,133.7,9,10.25,4,78.2,80.95
EMP02832,HR,Senior,6.9,56.6,174.0,5,7.96,6,57.7,64.68
EMP02833,HR,Junior,3.5,61.2,173.6,0,7.81,3,26.9,30.56
EMP02834,Operations,Senior,7.5,49.3,173.1,2,12.26,4,63.3,41.66
EMP02835,Finance,Senior,8.4,58.2,162.7,7,8.42,4,57.0,63.12
EMP02836,Finance,Mid,4.6,50.0,187.7,4,7.94,5,54.0,55.21
EMP02837,Finance,Junior,2.7,26.3,167.9,3,7.56,4,53.9,46.67
EMP02838,Engineering,Senior,10.1,37.3,177.8,2,7.6,2,74.8,63.66
EMP02839,Engineering,Senior,5.0,15.9,174.5,3,7.66,6,65.1,65.95
EMP02840,Sales,Mid,4.7,56.9,182.0,2,8.06,3,73.2,62.84
EMP02841,Operations,Lead,8.0,52.4,195.0,5,5.08,3,71.4,60.13
EMP02842,HR,Junior,1.3,65.1,177.7,1,9.45,2,62.8,44.75
EMP02843,HR,Junior,0.1,58.3,186.8,4,10.74,2,59.7,50.99
EMP02844,Engineering,Mid,4.1,61.5,177.0,2,7.82,2,71.5,63.4
EMP02845,Engineering,Junior,2.8,27.4,167.9,5,9.15,4,68.3,52.08
EMP02846,Marketing,Junior,2.1,49.4,173.0,3,9.18,3,43.0,50.43
EMP02847,Engineering,Mid,3.6,25.8,171.0,4,9.42,2,93.0,61.63
EMP02848,Sales,Junior,0.0,45.6,183.0,5,12.49,2,70.6,50.09
EMP02849,Operations,Junior,1.2,75.2,176.5,2,10.28,4,54.4,44.41
EMP02850,Engineering,Senior,5.2,59.4,163.9,7,7.1,3,47.0,66.79
EMP02851,Engineering,Mid,4.9,56.9,171.9,2,8.94,2,67.8,56.78
EMP02852,HR,Lead,8.0,36.3,153.6,6,8.48,4,58.9,65.6
EMP02853,Operations,Mid,3.5,32.1,172.4,0,7.6,2,59.3,43.09
EMP02854,Engineering,Mid,4.2,49.8,175.0,1,7.93,3,44.0,51.72
EMP02855,Finance,Junior,4.0,67.7,200.3,2,8.28,3,57.3,50.53
EMP02856,Customer_Support,Senior,9.0,49.1,193.9,7,7.93,3,53.1,69.64
EMP02857,Finance,Junior,1.5,27.2,160.5,3,9.41,5,60.7,45.26
EMP02858,HR,Junior,0.6,52.6,177.8,4,7.71,1,63.2,54.31
EMP02859,Finance,Lead,10.1,10.3,178.1,5,6.87,2,63.6,72.52
EMP02860,HR,Senior,12.6,55.1,171.8,5,7.64,2,84.3,74.55
EMP02861,HR,Senior,8.9,32.6,172.7,7,9.71,7,59.8,63.79
EMP02862,Marketing,Junior,0.3,32.7,170.0,8,8.25,4,53.1,47.77
EMP02863,Engineering,Junior,3.6,63.3,201.2,1,8.36,6,49.3,51.24
EMP02864,Sales,Mid,2.9,55.4,169.2,8,7.8,4,55.9,58.79
EMP02865,HR,Senior,6.6,46.5,179.8,6,6.23,5,49.2,64.58
EMP02866,Sales,Mid,4.7,79.9,139.6,2,5.44,3,73.5,62.95
EMP02867,HR,Junior,2.5,60.5,186.5,8,10.42,4,64.8,60.32
EMP02868,Marketing,Junior,3.2,41.3,191.6,2,9.87,3,75.3,55.5
EMP02869,Customer_Support,Mid,5.7,54.8,160.3,5,9.58,3,75.6,64.15
EMP02870,Sales,Senior,5.0,38.7,167.8,4,9.12,2,51.6,44.8
EMP02871,Marketing,Junior,1.8,70.0,181.3,0,9.27,3,59.8,43.34
EMP02872,HR,Junior,3.0,55.2,175.3,2,8.82,1,82.0,56.15
EMP02873,Sales,Junior,0.5,56.7,181.5,2,11.56,3,64.3,40.04
EMP02874,Engineering,Junior,1.7,29.4,171.0,3,10.81,4,76.3,51.74
EMP02875,Sales,Mid,4.1,47.9,201.1,3,9.04,3,74.4,58.51
EMP02876,Engineering,Junior,1.8,50.2,165.6,4,8.49,2,80.8,68.45
EMP02877,Engineering,Senior,11.9,27.6,212.7,4,7.91,2,74.9,74.64
EMP02878,HR,Senior,6.8,39.7,192.4,4,8.76,4,82.8,68.56
EMP02879,Marketing,Manager,22.2,41.5,186.6,11,4.76,6,63.2,88.59
EMP02880,Sales,Manager,20.4,34.9,160.4,9,6.23,3,68.2,74.71
EMP02881,Sales,Junior,3.2,29.8,187.7,6,10.51,4,59.9,46.81
EMP02882,Sales,Junior,1.9,46.9,183.5,3,10.49,5,74.2,42.51
EMP02883,Marketing,Mid,2.0,40.0,145.3,2,10.86,3,55.6,48.23
EMP02884,Engineering,Senior,5.6,45.9,155.3,10,9.86,4,49.8,66.73
EMP02885,Marketing,Junior,0.7,52.3,180.0,3,11.5,0,71.9,52.99
EMP02886,Engineering,Mid,5.7,40.8,173.1,4,8.25,4,57.8,60.37
EMP02887,Sales,Junior,1.6,44.2,167.8,4,11.02,4,48.6,40.58
EMP02888,Customer_Support,Junior,0.0,52.0,190.1,2,10.82,2,73.2,42.11
EMP02889,Sales,Senior,5.0,57.4,162.6,8,9.89,2,73.6,65.94
EMP02890,Sales,Senior,5.0,47.2,168.6,5,8.92,0,57.9,61.83
EMP02891,Sales,Mid,4.7,68.3,165.9,4,9.82,3,25.5,36.95
EMP02892,Customer_Support,Lead,15.1,56.0,182.1,3,5.56,2,64.4,70.99
EMP02893,Marketing,Junior,0.0,73.5,150.9,3,10.81,1,72.0,47.44
EMP02894,Marketing,Junior,2.5,71.5,168.0,2,11.5,1,70.2,54.47
EMP02895,Customer_Support,Mid,2.5,70.4,150.9,3,11.76,3,63.7,44.03
EMP02896,Sales,Senior,6.1,25.7,170.6,5,8.42,0,59.8,62.96
EMP02897,Customer_Support,Mid,6.0,56.7,185.1,1,11.46,2,53.1,39.91
EMP02898,Engineering,Junior,1.1,69.3,185.4,4,9.77,2,56.7,50.74
EMP02899,Marketing,Manager,24.0,56.0,164.8,10,6.36,3,55.6,88.97
EMP02900,HR,Mid,2.0,35.4,182.5,1,9.61,2,69.9,49.55
EMP02901,Engineering,Mid,6.6,56.9,172.4,5,10.65,4,74.1,55.18
EMP02902,Customer_Support,Senior,8.3,44.1,194.1,8,8.57,5,67.5,69.79
EMP02903,Sales,Manager,20.9,62.7,173.2,12,4.98,4,45.1,75.22
EMP02904,Customer_Support,Senior,5.4,22.2,133.4,7,10.15,2,38.1,49.09
EMP02905,Engineering,Manager,14.7,23.5,187.5,8,6.0,2,65.4,91.49
EMP02906,Finance,Junior,1.2,23.8,168.6,4,10.42,4,50.8,44.63
EMP02907,Customer_Support,Senior,9.6,45.2,171.2,6,5.74,2,60.2,64.33
EMP02908,Sales,Lead,8.0,73.0,179.7,6,9.14,6,46.3,61.7
EMP02909,Customer_Support,Mid,4.4,46.3,155.1,6,6.56,3,72.2,56.73
EMP02910,Marketing,Mid,2.0,48.5,176.0,4,8.82,8,54.1,50.79
EMP02911,Finance,Manager,16.5,43.3,182.5,12,4.53,2,82.1,100.0
EMP02912,Sales,Junior,2.5,49.3,180.1,3,8.23,6,68.3,48.53
EMP02913,Marketing,Mid,4.9,52.5,166.6,5,9.06,2,51.3,51.78
EMP02914,Finance,Lead,10.6,44.9,188.9,9,6.68,1,88.1,88.44
EMP02915,HR,Lead,8.0,26.3,161.0,7,9.01,2,69.2,71.27
EMP02916,Sales,Manager,16.2,33.6,166.2,9,6.14,4,64.0,79.03
EMP02917,Engineering,Lead,13.0,50.1,173.1,3,7.52,5,69.2,69.73
EMP02918,Operations,Junior,3.2,64.9,179.1,1,8.56,6,65.6,49.98
EMP02919,Sales,Manager,18.1,54.5,170.5,14,7.26,0,68.3,85.53
EMP02920,Finance,Mid,3.7,52.0,192.2,2,9.54,3,52.6,49.06
EMP02921,Customer_Support,Senior,8.3,48.3,179.1,10,9.02,1,55.4,57.3
EMP02922,Sales,Mid,3.4,58.3,176.1,2,10.39,4,63.4,49.85
EMP02923,Sales,Lead,21.8,30.1,178.6,7,7.26,1,69.0,77.55
EMP02924,Finance,Mid,3.0,37.5,185.3,7,9.96,5,70.2,65.6
EMP02925,Sales,Lead,13.1,37.1,178.4,8,7.51,1,64.0,70.4
EMP02926,Marketing,Junior,2.1,31.9,149.7,5,11.4,5,57.4,50.44
EMP02927,Finance,Junior,3.8,57.1,190.3,2,9.85,4,55.8,47.87
EMP02928,Marketing,Mid,4.2,62.7,176.7,2,8.63,1,49.7,55.09
EMP02929,Engineering,Junior,2.1,40.3,184.6,1,11.14,3,77.1,55.37
EMP02930,Finance,Senior,15.7,49.5,169.3,5,8.72,3,55.6,66.51
EMP02931,Marketing,Junior,1.9,41.6,149.4,6,9.81,4,61.7,53.04
EMP02932,Engineering,Mid,3.5,31.8,143.1,3,10.18,0,72.9,55.21
EMP02933,Marketing,Junior,1.8,81.8,161.8,0,10.54,1,64.0,53.59
EMP02934,Operations,Junior,0.0,36.0,182.2,1,10.28,1,59.9,54.23
EMP02935,Finance,Senior,5.0,23.8,193.2,5,6.69,2,52.1,53.97
EMP02936,HR,Mid,2.0,50.2,179.2,5,7.98,3,69.2,59.43
EMP02937,Engineering,Junior,2.6,55.0,160.3,2,9.27,4,66.2,51.21
EMP02938,Sales,Junior,0.0,61.0,164.0,5,10.21,3,61.0,52.09
EMP02939,Engineering,Junior,0.8,81.0,194.1,4,8.39,0,83.9,59.89
EMP02940,Sales,Senior,9.5,31.3,156.6,5,5.19,0,68.1,62.59
EMP02941,Customer_Support,Junior,1.5,42.3,204.4,2,9.8,9,51.2,46.83
EMP02942,Engineering,Mid,7.0,71.1,201.3,3,8.83,4,68.2,70.45
EMP02943,Operations,Senior,9.5,57.1,204.9,7,9.33,2,79.2,65.02
EMP02944,Sales,Mid,4.0,59.0,180.3,6,11.95,6,58.3,61.83
EMP02945,Engineering,Mid,3.0,38.2,170.2,4,7.48,5,70.5,57.0
EMP02946,HR,Junior,0.6,67.9,180.0,2,10.54,5,74.0,53.64
EMP02947,Engineering,Manager,28.0,47.0,187.7,7,8.16,4,72.6,88.42
EMP02948,Operations,Mid,2.2,49.8,165.9,6,7.65,6,55.5,55.04
EMP02949,Customer_Support,Junior,1.0,42.2,159.6,1,8.64,7,49.1,37.84
EMP02950,Operations,Lead,13.6,40.6,171.0,6,8.56,3,59.9,71.74
EMP02951,Sales,Senior,5.9,67.7,164.2,6,8.89,1,69.9,64.62
EMP02952,Operations,Senior,9.3,26.6,192.4,8,8.53,3,75.9,78.02
EMP02953,Sales,Lead,17.4,27.0,166.4,5,7.53,3,44.4,68.43
EMP02954,Customer_Support,Junior,3.7,41.6,176.3,2,10.67,1,79.2,49.45
EMP02955,Marketing,Lead,14.1,32.8,188.8,5,7.72,2,60.5,69.99
EMP02956,Engineering,Senior,11.3,42.8,192.9,4,8.63,1,81.1,74.11
EMP02957,Sales,Mid,6.0,61.4,177.9,0,7.28,5,53.1,47.07
EMP02958,Sales,Junior,2.8,57.9,180.4,2,11.13,5,42.7,38.22
EMP02959,Engineering,Junior,0.7,51.9,160.8,5,12.24,2,54.2,53.98
EMP02960,Customer_Support,Manager,28.8,39.2,189.3,5,6.27,1,54.0,80.91
EMP02961,Operations,Junior,0.9,60.4,192.7,2,10.72,3,66.3,45.14
EMP02962,Customer_Support,Junior,0.0,25.8,148.8,0,12.79,1,58.4,34.91
EMP02963,Sales,Senior,9.3,59.1,199.7,6,8.41,6,59.0,59.38
EMP02964,Marketing,Senior,13.2,30.6,165.2,7,8.99,3,77.4,79.12
EMP02965,Engineering,Junior,2.3,44.3,183.3,2,12.2,3,70.0,54.23
EMP02966,Marketing,Lead,13.1,44.1,176.1,5,6.76,5,67.4,70.91
EMP02967,Engineering,Mid,2.0,45.9,174.2,3,11.35,0,100.0,67.36
EMP02968,Engineering,Lead,17.7,46.3,172.1,10,5.04,2,69.9,92.82
EMP02969,Marketing,Junior,1.2,53.1,161.1,1,8.77,4,55.6,42.02
EMP02970,Engineering,Junior,0.0,46.7,182.3,1,8.77,5,75.8,52.43
EMP02971,HR,Senior,5.0,65.9,171.0,6,5.74,0,74.8,75.63
EMP02972,Finance,Junior,1.6,61.6,156.7,4,8.92,6,66.6,47.7
EMP02973,Sales,Mid,4.8,51.5,160.5,6,9.24,6,63.9,59.04
EMP02974,Customer_Support,Junior,2.0,61.4,156.9,5,9.44,2,75.8,67.05
EMP02975,Marketing,Senior,6.5,32.4,167.7,6,6.75,2,80.3,62.79
EMP02976,Operations,Lead,15.9,71.6,181.8,4,3.42,3,58.6,78.37
EMP02977,Finance,Lead,15.2,22.7,165.0,6,5.92,2,55.3,65.82
EMP02978,Finance,Manager,23.2,36.7,188.7,9,4.31,0,68.2,85.4
EMP02979,Finance,Lead,13.4,34.7,173.3,4,9.88,7,55.2,59.76
EMP02980,Operations,Mid,3.3,42.1,170.9,7,9.31,2,70.6,62.8
EMP02981,Marketing,Mid,3.4,40.2,175.2,6,11.78,6,69.1,58.03
EMP02982,Engineering,Lead,12.6,27.4,194.5,4,6.33,2,100.0,82.77
EMP02983,Sales,Manager,19.6,52.8,155.8,12,7.48,4,79.7,85.17
EMP02984,Marketing,Manager,12.2,16.9,198.2,8,7.38,4,51.1,70.0
EMP02985,Sales,Senior,13.4,57.8,188.4,5,6.44,2,55.8,59.08
EMP02986,Engineering,Junior,2.7,60.7,174.7,3,10.13,4,47.0,52.39
EMP02987,Sales,Manager,20.1,29.3,191.6,8,5.65,4,36.3,70.16
EMP02988,Marketing,Manager,15.0,43.0,170.5,6,6.22,4,65.4,81.03
EMP02989,Sales,Senior,11.7,40.6,179.0,5,5.49,2,47.7,58.45
EMP02990,Marketing,Lead,17.7,22.5,167.4,6,9.38,1,83.7,79.44
EMP02991,Operations,Mid,2.3,30.6,188.5,4,10.24,1,73.9,47.16
EMP02992,Operations,Manager,27.2,44.8,165.1,10,3.38,4,56.7,93.71
EMP02993,Engineering,Junior,1.4,60.1,174.3,1,10.5,5,66.1,51.37
EMP02994,Marketing,Lead,12.7,42.6,184.5,5,6.84,5,81.8,73.76
EMP02995,Marketing,Junior,1.1,45.1,189.7,3,11.96,2,84.6,52.16
EMP02996,HR,Mid,3.3,44.1,163.5,4,8.93,8,54.8,47.47
EMP02997,Finance,Junior,3.9,46.1,185.5,1,9.54,3,50.3,45.21
EMP02998,Engineering,Mid,4.5,20.8,161.3,7,8.29,1,66.4,56.79
EMP02999,Customer_Support,Junior,1.5,51.9,144.9,4,10.61,2,63.2,45.91
EMP03000,Sales,Manager,11.0,42.8,164.5,6,7.19,6,55.8,65.64
EMP03001,Operations,Mid,5.0,48.0,186.7,1,10.85,3,65.4,53.73
EMP03002,Marketing,Lead,18.9,65.5,174.8,8,6.89,3,87.4,85.88
EMP03003,Engineering,Junior,2.4,35.9,167.5,2,13.24,2,53.1,38.94
EMP03004,Finance,Junior,0.9,41.1,175.8,2,9.83,3,57.7,45.88
EMP03005,Sales,Senior,10.6,45.0,175.3,5,6.86,1,45.4,63.5
EMP03006,Operations,Senior,12.7,46.7,183.7,7,6.66,2,50.0,66.7
EMP03007,Marketing,Mid,2.9,18.5,152.4,2,8.39,5,60.5,47.67
EMP03008,Sales,Lead,9.8,48.0,173.6,8,6.59,5,53.3,69.13
EMP03009,Sales,Lead,19.7,42.7,176.7,5,8.47,2,68.2,72.5
EMP03010,Finance,Mid,4.3,15.2,155.9,6,8.84,1,64.8,55.87
EMP03011,Engineering,Manager,20.9,33.2,155.7,5,6.25,1,73.6,79.66
EMP03012,Operations,Senior,5.0,30.9,169.9,8,6.97,3,56.3,62.63
EMP03013,Operations,Senior,11.4,36.2,175.1,6,7.86,5,57.4,63.28
EMP03014,Finance,Mid,6.3,26.9,175.2,1,5.65,1,58.8,55.43
EMP03015,Engineering,Junior,2.3,57.2,167.2,6,10.33,5,67.0,49.67
EMP03016,Finance,Junior,0.0,77.4,166.6,3,9.42,5,68.0,57.17
EMP03017,Customer_Support,Senior,12.2,47.0,169.5,11,9.99,2,34.9,56.99
EMP03018,Sales,Senior,7.0,10.6,179.2,6,9.64,3,65.5,53.13
EMP03019,Engineering,Mid,2.0,51.3,192.4,8,10.66,1,59.6,59.12
EMP03020,Engineering,Senior,16.0,40.1,143.9,6,5.99,1,65.9,73.37
EMP03021,Engineering,Junior,0.9,34.5,183.7,1,10.54,1,51.3,44.13
EMP03022,Finance,Junior,0.1,56.3,173.4,5,12.89,1,58.7,54.4
EMP03023,HR,Manager,14.6,48.2,182.4,16,5.65,4,69.3,98.09
EMP03024,Marketing,Mid,4.5,37.0,191.6,7,8.01,7,69.5,53.91
EMP03025,Engineering,Junior,0.8,26.3,164.4,1,10.12,3,55.8,35.63
EMP03026,Sales,Mid,2.6,16.8,188.2,5,9.8,5,66.9,57.0
EMP03027,Engineering,Mid,2.4,37.0,157.4,4,10.42,4,83.7,59.87
EMP03028,Operations,Senior,9.6,40.7,176.8,9,8.88,4,54.1,59.96
EMP03029,Marketing,Manager,19.0,27.3,171.6,9,6.43,4,64.0,83.49
EMP03030,Engineering,Mid,5.0,36.8,175.6,2,8.12,2,45.2,56.75
EMP03031,Operations,Mid,3.4,55.5,161.2,1,12.12,6,49.2,41.97
EMP03032,Sales,Mid,2.1,53.9,181.1,2,11.65,4,65.2,45.05
EMP03033,Engineering,Mid,7.1,50.0,197.2,9,9.49,1,81.5,66.45
EMP03034,Engineering,Mid,6.3,59.2,161.4,4,10.7,5,62.8,60.4
EMP03035,Customer_Support,Junior,3.0,41.2,177.7,3,9.71,2,90.0,55.33
EMP03036,Finance,Lead,15.9,22.6,187.0,6,5.22,3,66.8,72.46
EMP03037,Marketing,Mid,2.0,39.2,170.8,4,10.83,3,48.7,40.75
EMP03038,Sales,Mid,2.0,38.1,194.0,5,7.8,1,77.4,62.76
EMP03039,Engineering,Junior,0.8,20.2,169.0,3,12.99,2,55.0,41.15
EMP03040,Marketing,Lead,10.1,30.8,173.4,10,6.17,2,67.9,79.3
EMP03041,Engineering,Junior,2.4,67.6,161.1,2,11.86,2,58.8,53.82
EMP03042,Customer_Support,Mid,5.7,59.0,176.8,7,11.7,5,41.7,47.13
EMP03043,Operations,Lead,16.0,46.9,175.0,5,5.04,2,71.5,85.33
EMP03044,HR,Mid,3.9,49.0,183.9,7,7.3,4,62.9,61.24
EMP03045,Finance,Manager,22.3,56.7,166.1,13,6.42,3,83.7,100.0
EMP03046,Customer_Support,Junior,3.3,35.1,165.5,2,11.93,3,45.8,34.73
EMP03047,HR,Senior,5.0,28.5,181.5,4,9.83,3,47.3,54.11
EMP03048,Finance,Manager,24.1,51.9,194.6,7,4.31,2,57.2,82.19
EMP03049,Customer_Support,Mid,7.5,47.4,183.8,8,11.01,1,92.7,73.12
EMP03050,Engineering,Senior,10.1,32.9,200.9,9,11.27,4,80.0,86.39
EMP03051,Operations,Mid,5.7,55.3,182.8,3,7.77,5,66.6,51.07
EMP03052,Sales,Senior,6.8,36.4,182.3,6,9.14,4,69.0,52.25
EMP03053,Finance,Lead,11.4,26.4,184.5,4,8.49,5,57.2,60.51
EMP03054,Operations,Senior,12.5,30.0,195.8,7,7.41,4,92.8,77.23
EMP03055,Marketing,Manager,18.7,39.8,192.3,12,4.98,0,69.5,93.43
EMP03056,HR,Mid,5.1,50.1,159.8,7,7.7,3,70.4,62.01
EMP03057,Marketing,Mid,2.5,69.8,186.2,3,7.07,4,75.8,66.7
EMP03058,Sales,Mid,5.5,42.6,178.7,7,10.34,3,46.7,51.58
EMP03059,Engineering,Senior,10.6,38.4,172.3,6,7.35,4,59.4,72.16
EMP03060,Engineering,Lead,14.1,60.6,150.2,6,9.56,3,67.1,73.19
EMP03061,Marketing,Senior,7.2,57.8,153.4,7,9.31,0,75.9,67.07
EMP03062,HR,Junior,1.5,53.2,169.9,4,9.92,5,50.4,45.83
EMP03063,Engineering,Mid,2.0,23.6,154.5,3,11.65,2,69.2,53.55
EMP03064,Operations,Senior,13.5,30.8,170.2,5,7.55,6,57.5,68.85
EMP03065,Engineering,Manager,22.8,19.2,185.0,10,4.87,4,51.1,87.06
EMP03066,HR,Junior,2.7,51.5,166.9,1,10.9,2,59.9,45.54
EMP03067,HR,Junior,2.1,43.4,176.2,0,9.17,3,72.5,47.58
EMP03068,Engineering,Mid,7.1,71.0,160.0,6,9.12,6,52.2,58.3
EMP03069,Finance,Junior,1.6,27.4,179.2,6,10.5,1,79.9,57.66
EMP03070,HR,Manager,15.7,17.6,182.1,11,6.7,1,71.6,81.98
EMP03071,Sales,Mid,5.3,50.7,155.1,4,9.66,3,66.2,55.77
EMP03072,Customer_Support,Mid,2.9,54.8,164.5,12,9.99,3,58.1,56.73
EMP03073,Operations,Junior,2.4,12.2,157.3,3,10.13,4,46.9,30.06
EMP03074,Finance,Mid,6.1,21.0,182.1,5,8.26,2,55.2,53.22
EMP03075,Operations,Manager,20.2,31.0,177.3,8,4.52,2,64.3,77.92
EMP03076,Customer_Support,Mid,8.0,67.3,174.3,8,7.69,6,50.2,61.51
EMP03077,Engineering,Junior,3.7,79.3,173.2,1,8.73,1,72.3,55.94
EMP03078,Marketing,Junior,0.7,44.8,179.5,3,11.02,4,53.2,46.34
EMP03079,Marketing,Manager,24.0,32.4,179.8,17,7.85,3,69.4,94.96
EMP03080,Engineering,Manager,20.7,22.4,168.1,6,5.89,1,76.3,95.17
EMP03081,Engineering,Junior,0.3,60.5,166.1,0,11.87,3,50.5,40.57
EMP03082,Sales,Senior,11.8,65.9,174.2,3,6.85,1,62.8,67.34
EMP03083,Finance,Junior,0.3,69.8,172.3,3,9.94,5,44.7,42.13
EMP03084,Operations,Mid,4.1,46.6,203.8,5,9.03,4,37.7,46.78
EMP03085,Operations,Junior,2.7,38.4,169.6,3,10.64,3,52.9,44.79
EMP03086,Engineering,Lead,12.1,39.1,179.1,9,6.58,2,100.0,91.27
EMP03087,Engineering,Manager,16.4,55.7,181.5,8,7.53,4,79.3,90.72
EMP03088,HR,Junior,2.9,45.0,194.6,4,10.27,5,82.7,60.1
EMP03089,Marketing,Mid,5.6,19.8,163.6,7,9.28,0,71.3,71.74
EMP03090,Customer_Support,Junior,0.9,45.6,193.8,2,9.26,2,60.5,49.1
EMP03091,Operations,Mid,3.6,42.8,172.9,6,7.01,4,70.7,60.74
EMP03092,Customer_Support,Junior,0.0,23.7,210.0,4,9.55,4,50.3,40.7
EMP03093,Operations,Junior,0.7,54.5,180.1,2,11.13,2,65.6,42.91
EMP03094,Customer_Support,Manager,17.6,42.6,157.8,11,3.84,3,72.1,85.75
EMP03095,HR,Junior,2.2,78.9,172.2,5,7.66,1,74.4,62.8
EMP03096,Sales,Lead,13.5,19.0,193.7,12,6.83,1,76.9,89.53
EMP03097,Sales,Junior,1.4,62.0,176.1,2,8.8,3,64.2,50.79
EMP03098,Engineering,Mid,4.7,61.5,174.2,3,13.66,1,90.3,62.23
EMP03099,Engineering,Mid,2.0,54.8,185.1,4,9.87,1,67.5,55.33
EMP03100,Sales,Manager,24.1,19.9,170.2,4,4.83,1,87.4,80.27
EMP03101,Customer_Support,Junior,1.7,35.0,172.0,3,11.52,3,64.9,45.23
EMP03102,Engineering,Junior,0.9,52.5,161.8,4,9.94,2,65.4,57.21
EMP03103,Customer_Support,Senior,6.5,44.4,199.2,4,8.43,5,43.9,56.78
EMP03104,Operations,Senior,8.5,34.6,157.9,6,10.83,5,50.3,58.22
EMP03105,Finance,Senior,10.6,62.4,177.4,6,5.06,4,51.5,64.4
EMP03106,Finance,Junior,2.7,45.0,181.7,4,8.43,0,61.9,52.32
EMP03107,Engineering,Junior,1.9,22.6,174.8,4,10.64,5,54.7,50.99
EMP03108,Finance,Lead,17.8,35.6,157.4,8,5.28,6,78.5,87.07
EMP03109,Engineering,Senior,7.9,50.2,161.0,3,7.0,4,71.3,66.55
EMP03110,Customer_Support,Senior,8.0,48.1,182.3,6,9.5,4,58.8,67.29
EMP03111,Engineering,Junior,2.2,56.0,164.1,3,8.9,2,56.0,57.74
EMP03112,Engineering,Junior,1.7,73.4,146.0,3,10.44,4,60.8,55.01
EMP03113,Finance,Manager,13.5,18.3,180.4,8,6.51,8,36.4,67.69
EMP03114,Finance,Senior,9.1,36.6,162.8,2,8.68,1,82.4,57.82
EMP03115,HR,Junior,2.1,74.2,183.8,2,9.73,2,49.0,42.32
EMP03116,Marketing,Manager,14.3,5.5,172.2,11,7.93,6,47.9,71.33
EMP03117,Sales,Mid,4.5,46.2,171.5,6,10.51,3,79.0,68.31
EMP03118,Finance,Mid,4.6,65.4,175.7,4,8.19,4,67.7,67.06
EMP03119,Engineering,Mid,8.0,65.2,159.1,4,6.43,5,71.4,63.62
EMP03120,Engineering,Senior,5.8,52.9,163.4,1,8.45,1,74.1,67.88
EMP03121,Sales,Mid,2.0,57.3,171.4,7,8.71,4,73.4,58.11
EMP03122,Engineering,Mid,3.9,31.4,159.0,5,8.26,5,71.2,48.88
EMP03123,Engineering,Senior,5.0,63.6,185.0,8,6.33,4,51.5,78.78
EMP03124,HR,Junior,2.1,33.0,170.7,3,9.29,1,74.8,42.23
EMP03125,Engineering,Manager,22.0,17.9,154.7,2,5.73,2,75.1,65.1
EMP03126,Engineering,Mid,7.1,52.8,167.2,2,7.98,1,84.1,67.58
EMP03127,Marketing,Mid,4.0,39.6,176.4,7,9.17,2,49.0,55.0
EMP03128,Sales,Senior,9.7,46.1,168.8,2,9.0,2,53.2,56.43
EMP03129,Finance,Senior,5.0,49.5,180.6,5,10.74,4,67.7,70.07
EMP03130,Customer_Support,Mid,4.2,73.7,183.0,4,11.36,2,46.7,54.18
EMP03131,HR,Senior,6.0,49.5,208.6,9,7.7,4,37.8,64.65
EMP03132,Customer_Support,Lead,16.1,29.7,191.1,6,5.8,4,60.4,66.68
EMP03133,Sales,Lead,9.5,49.1,152.1,9,5.83,1,72.7,76.21
EMP03134,Sales,Lead,9.7,26.5,170.0,7,8.88,2,60.5,68.87
EMP03135,Finance,Junior,0.4,64.7,171.3,1,10.35,4,69.6,46.99
EMP03136,Operations,Mid,2.8,48.0,183.1,2,11.4,4,64.8,51.67
EMP03137,Operations,Mid,2.6,53.0,161.9,6,9.69,3,60.1,56.03
EMP03138,Sales,Junior,1.9,24.3,167.6,1,9.1,3,63.6,42.31
EMP03139,Operations,Senior,5.0,9.2,157.6,2,8.68,4,76.2,58.84
EMP03140,Engineering,Mid,2.0,24.5,166.6,5,9.22,3,58.4,54.34
EMP03141,Engineering,Junior,2.4,77.2,167.1,1,8.81,4,79.3,51.57
EMP03142,Sales,Junior,2.9,33.8,170.6,2,9.86,3,47.8,46.43
EMP03143,Customer_Support,Junior,2.0,62.0,158.4,2,8.65,5,48.5,42.15
EMP03144,Sales,Mid,3.2,37.4,188.7,2,11.3,1,76.4,52.18
EMP03145,Operations,Senior,5.0,39.4,181.6,5,6.34,2,45.5,56.47
EMP03146,Marketing,Mid,2.5,46.3,154.7,2,11.13,3,61.1,45.76
EMP03147,Finance,Junior,0.3,75.7,175.4,1,9.4,2,91.3,70.57
EMP03148,Finance,Junior,0.5,59.8,153.1,2,6.01,2,75.3,51.12
EMP03149,Operations,Lead,15.1,44.8,193.8,4,4.47,3,51.2,69.85
EMP03150,Engineering,Junior,1.0,70.5,197.6,3,9.92,3,63.2,56.13
EMP03151,Sales,Mid,4.7,37.5,174.2,4,8.55,0,60.0,58.92
EMP03152,Marketing,Mid,2.9,63.0,163.1,6,9.97,1,79.7,63.31
EMP03153,Engineering,Mid,3.5,60.5,165.7,11,8.71,2,58.0,76.0
EMP03154,Sales,Lead,15.4,52.3,168.6,12,7.75,7,49.3,73.56
EMP03155,Engineering,Senior,10.3,40.7,173.5,1,8.02,4,78.6,63.11
EMP03156,Engineering,Manager,16.8,28.4,194.2,10,7.31,7,49.8,78.78
EMP03157,Sales,Lead,11.3,26.0,188.4,3,8.73,1,51.1,60.9
EMP03158,Sales,Junior,1.7,38.9,188.6,7,10.62,0,61.0,59.11
EMP03159,Customer_Support,Junior,1.4,37.2,177.4,9,9.54,2,57.6,48.85
EMP03160,Engineering,Mid,3.6,52.5,158.8,12,11.29,3,53.6,70.44
EMP03161,Customer_Support,Mid,4.4,43.6,164.2,5,9.09,5,62.2,57.7
EMP03162,Customer_Support,Mid,3.4,53.5,175.9,6,8.31,2,64.6,62.3
EMP03163,Sales,Junior,0.2,58.3,158.2,3,9.53,2,54.1,45.43
EMP03164,Finance,Junior,0.1,35.1,179.3,5,10.68,2,82.9,55.08
EMP03165,Marketing,Mid,2.4,30.7,186.3,5,10.86,1,68.1,58.53
EMP03166,Finance,Senior,8.3,39.6,182.6,4,9.22,4,50.9,58.71
EMP03167,Sales,Senior,8.2,31.4,182.1,8,9.24,2,81.4,64.23
EMP03168,Engineering,Manager,11.7,21.8,148.9,6,6.6,3,63.7,77.98
EMP03169,Sales,Junior,0.0,76.4,193.7,2,11.67,3,64.1,44.29
EMP03170,Marketing,Mid,4.7,24.0,153.1,4,9.15,3,58.2,48.87
EMP03171,Customer_Support,Manager,25.8,65.3,172.9,7,4.38,5,65.5,89.75
EMP03172,Finance,Senior,5.1,47.3,183.7,12,6.06,3,57.2,76.21
EMP03173,Finance,Mid,6.6,61.8,180.0,2,9.72,3,57.9,54.03
EMP03174,Customer_Support,Mid,4.8,60.0,157.1,2,8.31,4,56.1,47.97
EMP03175,Finance,Junior,0.0,60.3,159.6,5,8.63,5,57.0,50.71
EMP03176,Sales,Lead,20.4,63.9,179.0,5,4.45,3,74.9,81.59
EMP03177,Operations,Senior,7.0,26.8,182.2,8,9.72,5,44.9,63.59
EMP03178,Engineering,Mid,3.3,44.7,159.5,8,9.58,2,69.6,57.55
EMP03179,Sales,Mid,4.3,34.2,180.5,3,9.92,5,63.1,61.41
EMP03180,Marketing,Mid,2.0,21.6,153.8,3,9.21,2,62.5,60.79
EMP03181,Customer_Support,Junior,1.3,41.1,183.7,3,10.02,2,69.6,47.11
EMP03182,Engineering,Senior,10.1,71.1,162.6,6,7.98,2,52.0,69.85
EMP03183,HR,Mid,4.2,44.4,176.1,5,7.58,1,72.8,63.09
EMP03184,Sales,Junior,4.0,80.8,173.8,3,10.73,1,47.1,52.63
EMP03185,Sales,Mid,3.7,78.3,191.2,7,8.08,2,55.9,63.13
EMP03186,Sales,Manager,13.5,79.9,178.4,7,6.1,9,45.8,72.57
EMP03187,Finance,Mid,2.6,75.6,166.6,4,9.95,4,59.0,61.45
EMP03188,Operations,Mid,3.0,82.4,180.0,3,10.83,5,53.1,40.96
EMP03189,Sales,Senior,8.8,47.9,205.0,10,7.35,2,81.7,78.46
EMP03190,Engineering,Lead,17.3,42.4,185.4,7,7.74,3,72.9,82.63
EMP03191,Engineering,Senior,11.5,47.4,174.2,9,8.3,3,75.3,77.3
EMP03192,Sales,Lead,11.5,39.0,163.3,12,7.18,7,48.7,64.18
EMP03193,Marketing,Junior,3.7,53.2,166.4,0,9.51,4,72.9,48.93
EMP03194,Finance,Manager,18.0,46.3,184.5,13,6.1,2,82.7,94.77
EMP03195,Finance,Lead,11.1,32.0,162.6,11,7.87,2,73.4,79.26
EMP03196,Engineering,Mid,3.7,26.3,175.0,3,10.89,4,54.3,50.05
EMP03197,Marketing,Senior,11.9,48.5,195.1,3,8.19,2,58.4,55.32
EMP03198,Sales,Junior,0.3,40.6,177.1,4,9.73,2,63.3,47.61
EMP03199,Sales,Mid,6.5,38.2,159.9,5,8.26,7,55.1,49.34
EMP03200,Customer_Support,Junior,1.7,48.9,205.5,4,10.11,3,88.4,51.43
EMP03201,Operations,Junior,0.0,45.4,199.7,5,9.49,4,54.2,49.93
EMP03202,Customer_Support,Manager,15.9,51.7,182.0,4,4.03,3,57.5,67.0
EMP03203,Customer_Support,Junior,0.0,48.5,192.9,3,11.75,10,50.8,39.67
EMP03204,Finance,Mid,6.7,64.4,171.3,2,8.68,2,65.8,62.74
EMP03205,Customer_Support,Mid,2.6,50.1,185.1,2,9.18,2,74.6,53.74
EMP03206,HR,Mid,3.5,45.7,169.1,4,11.2,3,67.4,58.35
EMP03207,Sales,Mid,3.5,49.4,156.0,1,8.59,4,59.4,58.32
EMP03208,Sales,Mid,6.1,27.6,211.3,7,9.54,3,49.1,57.94
EMP03209,Sales,Senior,8.2,48.1,155.3,4,8.3,2,76.5,63.28
EMP03210,Sales,Manager,17.5,47.7,179.2,5,6.78,2,60.3,79.42
EMP03211,Engineering,Mid,4.8,61.9,179.0,5,8.29,4,67.8,55.8
EMP03212,Finance,Manager,14.6,14.7,182.2,9,7.97,2,34.9,79.84
EMP03213,Operations,Senior,5.0,20.2,173.7,4,11.24,6,58.5,49.96
EMP03214,Marketing,Senior,6.7,34.9,173.9,6,7.2,2,59.2,65.26
EMP03215,Sales,Junior,0.1,71.8,176.9,4,11.2,3,40.1,35.75
EMP03216,Finance,Junior,1.2,54.3,181.7,4,10.15,3,74.9,60.04
EMP03217,Engineering,Lead,13.1,27.4,175.0,11,7.78,3,63.6,81.48
EMP03218,Sales,Mid,4.7,25.2,174.0,5,9.79,2,84.7,60.01
EMP03219,Engineering,Mid,5.6,36.7,156.5,9,7.26,4,87.0,72.03
EMP03220,Engineering,Lead,12.7,27.7,203.2,11,6.21,2,61.4,79.49
EMP03221,Engineering,Mid,3.3,61.0,182.5,2,9.0,4,86.4,60.42
EMP03222,Operations,Senior,8.7,58.2,177.9,8,9.94,0,79.3,65.57
EMP03223,Finance,Mid,7.2,31.3,166.3,8,8.37,2,56.3,63.54
EMP03224,Finance,Manager,22.6,46.3,160.9,6,6.24,3,50.6,84.4
EMP03225,Sales,Junior,1.3,60.8,187.0,1,10.05,4,36.1,39.23
EMP03226,Operations,Junior,1.8,33.3,172.8,4,9.99,3,64.6,44.18
EMP03227,Finance,Senior,6.7,41.7,183.7,8,8.72,3,51.3,66.13
EMP03228,Engineering,Junior,2.3,56.1,156.1,4,8.69,2,74.9,47.89
EMP03229,Finance,Manager,19.6,37.4,196.7,3,5.79,6,56.2,79.55
EMP03230,HR,Senior,5.8,17.3,187.6,6,8.06,4,56.6,55.92
EMP03231,HR,Junior,1.1,53.0,173.9,3,9.92,4,59.3,49.15
EMP03232,Sales,Junior,1.5,60.5,181.5,1,8.99,3,46.4,41.86
EMP03233,Marketing,Manager,23.9,58.7,185.4,8,7.95,3,57.3,85.14
EMP03234,Sales,Senior,9.2,33.0,156.3,5,5.77,2,53.2,71.61
EMP03235,Sales,Lead,19.0,30.8,198.5,12,4.1,3,61.8,76.42
EMP03236,Sales,Junior,0.2,47.9,181.8,1,10.72,1,63.3,45.58
EMP03237,Customer_Support,Manager,16.0,39.4,165.1,3,7.66,5,45.1,61.78
EMP03238,Engineering,Mid,4.5,48.5,159.6,5,11.42,3,83.2,62.26
EMP03239,Engineering,Senior,16.0,52.1,188.8,9,6.84,3,68.1,78.38
EMP03240,Engineering,Mid,2.8,30.1,178.0,1,9.41,1,88.0,64.57
EMP03241,Operations,Junior,0.0,57.0,181.8,5,10.85,8,62.9,46.85
EMP03242,Marketing,Manager,29.7,23.9,175.4,9,6.55,5,64.8,86.12
EMP03243,Customer_Support,Manager,10.0,32.8,161.0,6,5.52,4,52.1,64.82
EMP03244,Engineering,Mid,4.0,72.6,182.1,0,9.51,3,77.4,58.64
EMP03245,Sales,Manager,11.1,14.0,172.2,7,8.09,2,62.4,72.06
EMP03246,Marketing,Junior,0.0,46.8,174.7,2,9.68,1,74.3,54.02
EMP03247,Engineering,Junior,2.3,31.9,208.3,3,10.43,1,89.3,57.36
EMP03248,Operations,Junior,1.1,53.3,187.2,3,9.14,6,51.3,42.4
EMP03249,Operations,Mid,7.0,62.7,188.0,4,10.53,4,67.4,61.56
EMP03250,HR,Junior,0.0,53.5,213.1,2,7.68,3,73.0,60.95
EMP03251,Customer_Support,Mid,3.6,45.2,180.4,6,8.93,3,63.5,64.47
EMP03252,Marketing,Junior,1.4,70.9,176.7,3,10.75,3,58.8,56.62
EMP03253,Engineering,Senior,7.5,48.0,165.5,11,8.0,2,65.0,78.14
EMP03254,HR,Lead,17.9,51.3,168.7,8,7.79,4,59.0,79.61
EMP03255,Sales,Senior,9.0,53.7,146.3,2,8.29,3,54.8,56.69
EMP03256,Operations,Junior,0.0,7.9,186.1,5,10.57,3,49.9,38.1
EMP03257,Sales,Senior,5.1,41.8,157.3,4,9.53,3,60.7,55.2
EMP03258,Engineering,Junior,3.5,34.8,187.6,2,9.59,2,60.9,50.31
EMP03259,Marketing,Senior,12.7,30.6,174.4,6,5.35,4,69.2,74.96
EMP03260,Sales,Mid,6.4,69.1,176.8,3,11.36,1,62.7,58.65
EMP03261,Sales,Mid,3.2,41.4,174.4,4,11.27,3,64.0,50.97
EMP03262,Finance,Junior,0.8,79.4,194.4,3,11.05,0,59.7,52.19
EMP03263,Sales,Lead,14.1,17.9,191.9,8,6.62,5,62.8,68.76
EMP03264,HR,Manager,27.8,18.7,174.6,7,5.48,2,63.0,81.14
EMP03265,Engineering,Senior,11.6,54.4,162.4,6,5.41,4,79.4,77.61
EMP03266,Engineering,Manager,21.4,29.9,187.9,7,3.57,5,64.7,87.19
EMP03267,Engineering,Manager,20.7,39.6,161.4,7,9.23,5,74.5,82.46
EMP03268,Operations,Junior,2.3,49.3,153.2,4,8.09,3,44.3,41.35
EMP03269,Customer_Support,Senior,11.4,40.9,182.0,6,7.43,3,66.5,64.18
EMP03270,Sales,Mid,3.0,42.4,192.1,7,9.58,1,55.3,56.79
EMP03271,Customer_Support,Mid,5.8,49.7,169.3,7,9.47,5,47.1,55.38
EMP03272,Marketing,Junior,2.8,60.6,180.7,4,9.76,4,50.3,46.64
EMP03273,Finance,Manager,21.2,59.2,169.2,3,5.26,5,48.4,66.04
EMP03274,Finance,Senior,13.1,40.0,185.1,4,7.47,5,57.2,58.69
EMP03275,Finance,Junior,0.4,45.1,190.3,2,11.69,1,81.0,54.37
EMP03276,Operations,Mid,2.8,39.2,171.3,3,10.3,4,52.3,47.86
EMP03277,HR,Mid,6.1,69.0,160.6,2,9.9,1,39.5,45.15
EMP03278,Marketing,Senior,7.7,53.4,154.6,4,5.66,3,68.4,61.85
EMP03279,Engineering,Manager,21.9,6.5,188.0,8,6.42,2,56.6,75.01
EMP03280,Sales,Mid,5.2,17.9,159.1,8,9.25,5,71.8,53.33
EMP03281,Finance,Mid,2.8,34.5,180.2,4,8.52,0,57.9,54.36
EMP03282,Sales,Mid,4.4,50.5,185.9,5,11.76,5,58.7,44.75
EMP03283,Engineering,Mid,3.4,46.5,168.0,1,7.27,3,84.4,62.74
EMP03284,Sales,Mid,5.2,54.7,172.7,8,9.02,5,69.4,65.49
EMP03285,Engineering,Junior,1.6,48.4,189.0,2,11.58,2,55.0,41.5
EMP03286,Marketing,Junior,2.2,72.0,163.7,3,10.06,2,50.8,43.68
EMP03287,Marketing,Mid,8.0,58.6,162.3,3,5.93,3,42.6,54.24
EMP03288,HR,Lead,16.7,40.2,171.7,7,8.78,3,97.2,78.98
EMP03289,Sales,Mid,3.8,64.2,192.9,4,6.88,4,51.6,56.2
EMP03290,HR,Junior,1.6,26.3,197.6,1,8.25,2,80.0,55.77
EMP03291,Engineering,Senior,8.1,41.7,173.6,4,9.67,4,63.6,61.79
EMP03292,Finance,Manager,20.5,37.1,165.0,10,4.53,7,50.0,73.59
EMP03293,Marketing,Mid,5.6,56.0,189.9,4,8.66,2,64.3,60.59
EMP03294,HR,Junior,1.9,25.3,151.6,1,8.52,5,62.1,40.72
EMP03295,HR,Senior,14.1,39.1,178.5,8,7.58,2,75.6,77.74
EMP03296,Customer_Support,Mid,4.5,53.0,174.4,2,10.85,2,67.8,61.72
EMP03297,Finance,Senior,10.9,50.2,193.1,9,5.71,0,55.9,71.81
EMP03298,HR,Junior,0.0,68.8,194.5,9,10.49,5,48.7,50.58
EMP03299,HR,Junior,2.2,62.4,161.8,2,7.43,5,51.6,47.47
EMP03300,Sales,Mid,4.5,46.1,177.3,1,12.11,4,34.6,41.53
EMP03301,Customer_Support,Senior,5.0,53.1,167.0,6,7.46,2,54.7,69.62
EMP03302,Engineering,Mid,4.2,44.0,170.9,8,10.0,4,69.9,63.72
EMP03303,Engineering,Junior,0.9,53.2,183.6,2,10.43,4,56.3,44.16
EMP03304,Customer_Support,Mid,2.8,58.9,170.3,6,9.6,3,42.8,46.9
EMP03305,Finance,Senior,10.4,42.3,177.7,8,7.38,0,62.8,71.11
EMP03306,Sales,Junior,1.9,56.4,188.4,1,7.97,4,54.4,44.06
EMP03307,Sales,Senior,7.3,57.4,196.2,7,10.49,4,59.4,63.65
EMP03308,Sales,Senior,11.7,53.7,179.0,9,6.49,4,57.6,71.45
EMP03309,Marketing,Mid,5.2,65.5,176.6,5,8.91,1,67.0,56.97
EMP03310,Sales,Manager,14.2,69.9,159.5,9,6.28,1,55.2,72.79
EMP03311,Customer_Support,Lead,17.3,49.5,197.2,7,8.05,5,52.1,69.09
EMP03312,Customer_Support,Mid,3.9,40.1,181.9,3,12.44,4,35.4,35.53
EMP03313,Marketing,Junior,2.6,58.7,176.9,4,8.83,1,63.4,52.35
EMP03314,Marketing,Mid,2.7,54.0,176.2,7,9.62,6,65.1,63.24
EMP03315,Engineering,Junior,2.3,60.2,180.0,4,11.33,0,67.9,60.24
EMP03316,Sales,Mid,6.5,69.4,185.8,4,10.75,4,84.9,61.15
EMP03317,Finance,Lead,14.2,13.7,187.5,7,6.89,1,65.0,79.33
EMP03318,Sales,Lead,15.6,61.7,197.6,9,6.75,3,60.1,83.89
EMP03319,Sales,Mid,4.7,74.8,178.4,3,10.94,2,68.0,62.42
EMP03320,Engineering,Mid,4.0,55.5,199.6,5,6.66,2,95.4,82.44
EMP03321,Sales,Junior,1.9,59.9,189.8,0,11.16,1,65.0,44.38
EMP03322,HR,Mid,7.2,43.4,174.2,7,7.67,4,39.3,60.11
EMP03323,Finance,Junior,2.3,51.1,151.7,4,10.04,3,68.2,51.73
EMP03324,Operations,Manager,23.1,45.5,176.2,6,5.6,3,49.4,80.87
EMP03325,Marketing,Lead,16.4,48.5,196.8,10,5.95,4,40.9,74.7
EMP03326,Operations,Junior,2.3,61.8,164.1,6,10.26,2,80.4,58.93
EMP03327,HR,Senior,10.2,52.4,176.2,3,7.52,0,83.8,65.55
EMP03328,Operations,Mid,2.0,60.5,177.3,3,10.94,4,49.1,41.48
EMP03329,Marketing,Lead,16.0,50.8,188.2,4,5.79,2,53.2,72.63
EMP03330,Engineering,Mid,7.0,31.6,169.6,5,7.36,5,71.9,68.38
EMP03331,Customer_Support,Junior,3.3,63.5,162.8,2,9.84,6,47.4,36.32
EMP03332,Engineering,Senior,5.0,70.9,183.0,3,8.65,4,68.4,71.23
EMP03333,Sales,Junior,1.5,50.6,164.6,5,12.06,3,53.4,51.03
EMP03334,Engineering,Mid,2.7,69.5,149.3,11,9.39,0,65.2,74.53
EMP03335,Engineering,Junior,1.7,37.2,200.8,6,9.91,5,53.1,57.34
EMP03336,Engineering,Senior,9.8,42.6,188.0,9,6.39,5,79.9,77.9
EMP03337,Marketing,Lead,10.9,29.4,201.4,11,7.84,2,78.4,76.5
EMP03338,Operations,Junior,2.6,71.7,187.2,3,8.19,4,58.8,48.47
EMP03339,Engineering,Mid,4.9,71.6,184.5,6,8.85,1,69.6,74.28
EMP03340,Marketing,Senior,9.6,41.5,180.2,3,6.82,8,71.5,68.17
EMP03341,Engineering,Junior,0.9,68.6,172.4,6,10.74,2,70.0,55.11
EMP03342,Operations,Mid,3.3,71.8,182.2,2,9.19,1,80.8,54.17
EMP03343,Sales,Senior,10.1,42.5,167.3,10,9.65,7,46.2,57.88
EMP03344,Sales,Mid,2.7,48.9,160.0,4,8.02,1,72.3,49.77
EMP03345,Marketing,Lead,11.3,50.0,170.3,4,7.57,2,62.6,65.53
EMP03346,Finance,Mid,7.1,34.4,193.1,2,8.98,5,49.5,52.16
EMP03347,Operations,Senior,10.7,44.7,157.7,4,7.74,2,87.0,55.52
EMP03348,Marketing,Junior,0.0,83.1,158.0,3,11.66,1,92.6,58.99
EMP03349,Operations,Junior,2.1,43.5,183.3,5,9.74,5,57.5,54.5
EMP03350,Engineering,Junior,1.3,63.8,169.2,1,8.49,2,75.3,60.21
EMP03351,Sales,Lead,12.8,46.9,181.8,9,7.85,5,56.3,73.7
EMP03352,Sales,Lead,11.2,36.5,188.9,9,10.02,4,58.3,69.52
EMP03353,Sales,Lead,8.1,42.3,181.5,5,6.99,6,48.4,65.58
EMP03354,Engineering,Junior,0.1,77.3,166.1,2,10.02,5,54.6,51.01
EMP03355,HR,Mid,8.0,55.3,193.0,3,8.95,3,88.1,63.65
EMP03356,Engineering,Senior,13.5,53.6,185.4,5,8.86,0,69.5,78.02
EMP03357,Marketing,Senior,10.2,67.0,175.4,6,9.05,2,64.6,62.61
EMP03358,HR,Junior,2.1,46.7,174.7,4,10.01,3,56.3,51.51
EMP03359,Finance,Lead,16.7,23.3,180.2,9,6.16,4,65.3,81.7
EMP03360,Finance,Junior,3.2,77.5,170.6,2,9.03,2,45.0,49.4
EMP03361,Engineering,Junior,0.0,53.0,152.2,3,10.81,5,60.7,48.68
EMP03362,Engineering,Lead,15.4,52.4,185.5,3,5.93,7,55.6,77.31
EMP03363,Marketing,Mid,4.1,35.6,184.7,4,7.28,2,79.5,67.72
EMP03364,Marketing,Mid,5.2,52.8,142.8,4,8.74,4,44.2,56.38
EMP03365,Engineering,Mid,4.6,30.5,182.1,6,8.42,5,55.8,60.89
EMP03366,Engineering,Manager,22.3,36.0,199.6,9,5.08,1,45.4,90.4
EMP03367,Finance,Junior,2.7,41.3,159.2,5,10.51,3,52.3,50.99
EMP03368,Finance,Senior,9.1,29.8,174.0,6,8.3,1,57.5,63.97
EMP03369,Sales,Mid,8.0,42.5,172.5,6,8.35,3,73.7,66.98
EMP03370,HR,Junior,0.0,16.6,198.2,4,8.48,6,63.3,45.66
EMP03371,Operations,Mid,2.0,29.6,190.7,5,8.95,9,55.1,53.23
EMP03372,Sales,Mid,5.3,58.7,162.7,6,6.79,4,65.6,56.46
EMP03373,Operations,Junior,1.0,56.2,179.8,4,8.92,3,54.7,47.1
EMP03374,Sales,Mid,3.0,30.9,207.2,5,8.25,3,90.9,61.53
EMP03375,Marketing,Senior,12.4,51.2,166.3,10,7.72,3,56.9,83.55
EMP03376,HR,Mid,2.0,33.8,174.8,4,9.6,2,71.0,52.1
EMP03377,Sales,Senior,15.7,53.8,182.2,5,6.9,3,71.9,71.41
EMP03378,Customer_Support,Lead,8.6,37.3,166.5,5,6.3,3,50.6,52.46
EMP03379,HR,Mid,3.8,42.1,199.7,4,6.85,5,68.0,66.04
EMP03380,Customer_Support,Mid,8.0,45.6,168.4,3,10.57,2,52.0,45.75
EMP03381,Engineering,Mid,3.2,85.4,155.6,6,8.16,4,73.3,75.22
EMP03382,Operations,Mid,6.1,35.6,167.7,2,8.54,6,61.2,44.32
EMP03383,Customer_Support,Junior,3.7,54.4,184.1,7,8.96,3,56.3,50.07
EMP03384,Marketing,Mid,6.9,58.7,163.8,7,10.04,1,50.1,63.12
EMP03385,Engineering,Junior,1.1,36.6,179.2,1,10.4,2,92.4,49.78
EMP03386,Finance,Mid,4.5,23.1,182.9,2,8.17,4,70.0,56.57
EMP03387,Marketing,Manager,26.1,26.0,158.1,12,5.82,2,44.9,81.54
EMP03388,Customer_Support,Mid,4.7,58.4,167.1,8,7.25,5,53.0,68.82
EMP03389,HR,Mid,2.0,41.9,179.9,3,9.38,4,47.2,54.58
EMP03390,Engineering,Mid,3.1,43.5,184.8,5,5.16,2,79.1,75.63
EMP03391,Sales,Senior,11.7,56.7,167.5,4,8.25,1,61.7,74.61
EMP03392,Finance,Mid,6.3,34.9,177.1,7,8.32,3,63.0,60.08
EMP03393,Customer_Support,Mid,4.6,45.7,171.0,3,8.84,1,47.9,52.38
EMP03394,Sales,Senior,9.6,20.3,185.2,6,9.8,3,58.2,55.13
EMP03395,Finance,Junior,1.6,55.8,182.3,1,8.88,1,72.4,57.23
EMP03396,Customer_Support,Mid,5.2,50.4,169.8,10,8.08,6,70.7,67.29
EMP03397,Sales,Mid,4.8,58.9,181.7,6,7.04,2,72.2,59.7
EMP03398,Sales,Senior,10.3,25.8,169.2,7,8.07,4,43.4,57.93
EMP03399,Finance,Manager,27.8,32.1,181.4,8,4.76,0,60.8,89.53
EMP03400,Finance,Senior,9.8,23.8,181.6,9,9.1,1,66.0,71.5
EMP03401,Sales,Mid,8.0,43.3,208.2,6,8.63,3,53.2,66.57
EMP03402,Operations,Junior,2.4,73.2,170.3,2,10.28,2,40.1,37.0
EMP03403,Marketing,Mid,3.6,42.2,173.0,3,10.03,4,48.6,44.74
EMP03404,Customer_Support,Lead,13.0,18.5,165.9,9,7.79,2,76.0,61.83
EMP03405,Operations,Manager,20.7,24.8,160.5,14,5.67,2,45.7,86.6
EMP03406,Operations,Lead,13.3,14.8,168.6,9,7.99,3,60.6,73.87
EMP03407,Marketing,Junior,0.0,31.6,184.3,5,11.05,3,62.1,52.83
EMP03408,Engineering,Senior,9.1,53.1,185.3,7,9.58,4,68.2,70.98
EMP03409,Marketing,Lead,14.7,17.3,179.1,7,10.23,6,60.2,62.87
EMP03410,Sales,Senior,15.5,47.7,170.9,6,5.88,2,71.5,68.24
EMP03411,Finance,Senior,6.8,43.4,168.1,4,9.22,3,63.4,63.47
EMP03412,Sales,Mid,7.7,39.0,162.2,4,8.7,4,54.5,48.89
EMP03413,Marketing,Senior,12.5,46.4,167.2,10,7.98,2,64.6,67.67
EMP03414,Sales,Junior,1.6,36.9,156.9,4,10.99,4,46.7,45.64
EMP03415,Engineering,Junior,1.6,63.6,194.0,1,10.24,4,75.7,52.7
EMP03416,Engineering,Lead,9.7,28.5,200.7,6,6.25,5,61.8,72.99
EMP03417,Marketing,Manager,12.9,29.2,147.9,4,6.21,2,56.5,52.59
EMP03418,Operations,Lead,8.6,31.4,179.0,10,8.7,4,66.2,71.43
EMP03419,Sales,Mid,4.8,57.3,178.8,6,8.04,3,57.1,57.7
EMP03420,Operations,Junior,3.7,59.2,177.9,0,8.09,4,55.8,52.58
EMP03421,Operations,Junior,0.0,11.7,166.7,3,9.72,1,74.0,45.98
EMP03422,Engineering,Lead,16.1,42.8,189.3,7,4.82,6,58.3,64.66
EMP03423,Finance,Senior,8.6,16.8,180.7,5,7.18,1,69.0,65.31
EMP03424,HR,Manager,27.9,29.9,189.5,9,7.56,3,77.4,89.1
EMP03425,Sales,Mid,7.9,45.4,164.7,6,7.93,4,76.0,69.87
EMP03426,Marketing,Mid,2.1,41.7,155.6,6,10.04,2,90.1,64.32
EMP03427,Sales,Senior,5.0,50.5,181.1,8,7.59,3,54.3,62.14
EMP03428,Operations,Junior,1.0,61.8,161.5,2,10.89,4,49.6,39.91
EMP03429,Customer_Support,Manager,13.9,23.4,189.8,10,6.44,2,67.8,92.99
EMP03430,Operations,Mid,4.9,34.9,145.2,9,10.22,3,71.3,63.75
EMP03431,Marketing,Junior,0.4,50.5,168.4,2,9.64,4,54.5,42.89
EMP03432,Marketing,Junior,0.3,27.8,166.4,1,9.45,3,69.8,50.34
EMP03433,Customer_Support,Lead,8.0,31.8,170.3,11,7.77,4,90.7,75.08
EMP03434,Engineering,Senior,8.4,63.2,178.7,5,8.28,7,71.3,65.46
EMP03435,Sales,Senior,7.4,20.4,180.5,9,8.73,3,73.1,65.81
EMP03436,Marketing,Senior,10.7,37.9,184.0,7,6.98,3,82.9,66.89
EMP03437,Engineering,Mid,3.7,38.1,185.6,2,8.02,0,100.0,73.82
EMP03438,Engineering,Senior,9.3,73.1,172.6,5,6.17,4,72.9,70.95
EMP03439,Sales,Manager,20.7,26.9,204.5,8,5.03,4,77.0,86.01
EMP03440,Marketing,Junior,2.9,43.8,194.4,6,7.38,2,54.5,53.26
EMP03441,Engineering,Senior,5.9,27.5,170.6,4,6.83,0,70.3,68.85
EMP03442,Engineering,Mid,4.8,47.1,173.1,6,8.79,7,64.6,70.33
EMP03443,Sales,Mid,6.9,51.1,170.3,5,9.65,1,39.4,49.66
EMP03444,Engineering,Mid,5.3,33.7,180.1,4,8.58,3,50.8,53.23
EMP03445,Operations,Lead,13.1,53.8,161.4,5,10.05,4,65.2,59.79
EMP03446,Engineering,Junior,1.5,55.1,163.9,1,10.36,2,75.4,51.72
EMP03447,Finance,Mid,6.9,59.8,144.7,4,9.12,4,50.5,45.24
EMP03448,Finance,Senior,13.4,38.1,169.4,5,5.99,2,81.7,82.24
EMP03449,Engineering,Junior,0.8,54.6,189.9,3,10.85,6,56.7,45.41
EMP03450,Operations,Senior,12.3,39.8,172.9,3,8.53,5,63.1,54.18
EMP03451,Finance,Manager,17.7,56.9,173.7,7,4.95,2,58.0,81.02
EMP03452,Marketing,Junior,0.9,52.7,178.9,2,10.08,3,65.3,51.55
EMP03453,Sales,Junior,0.8,51.1,161.0,0,12.18,4,72.8,40.99
EMP03454,Sales,Manager,16.8,28.1,175.4,8,6.76,3,71.1,84.45
EMP03455,Customer_Support,Junior,0.9,43.3,187.5,6,11.21,4,66.5,48.13
EMP03456,Operations,Junior,0.0,54.6,179.3,2,9.68,3,67.0,43.31
EMP03457,Customer_Support,Manager,22.8,47.3,188.7,2,3.1,3,42.7,69.45
EMP03458,Customer_Support,Lead,12.7,28.7,192.7,6,8.0,3,71.6,69.39
EMP03459,Sales,Senior,13.8,44.9,184.3,5,7.3,3,49.3,66.98
EMP03460,Operations,Mid,3.2,49.8,165.0,2,9.69,3,58.7,52.25
EMP03461,HR,Lead,13.5,44.4,170.2,5,7.28,2,61.8,67.3
EMP03462,Operations,Senior,9.7,17.4,202.0,9,6.99,1,64.2,62.47
EMP03463,Sales,Senior,8.9,29.1,179.4,8,8.29,4,56.2,66.15
EMP03464,Engineering,Lead,15.0,18.5,177.5,5,6.11,5,68.1,67.72
EMP03465,Finance,Senior,11.1,43.5,163.0,6,6.45,2,82.4,75.07
EMP03466,Operations,Mid,2.9,33.5,173.7,4,10.49,12,44.5,42.4
EMP03467,Marketing,Mid,4.5,39.6,185.0,3,7.99,3,64.0,64.69
EMP03468,Engineering,Mid,4.4,29.1,175.2,2,8.98,2,56.6,63.6
EMP03469,Engineering,Mid,4.1,41.0,167.7,7,7.98,1,78.1,71.85
EMP03470,Customer_Support,Mid,2.6,30.1,171.0,2,11.46,6,49.3,29.76
EMP03471,HR,Mid,6.9,58.4,191.7,5,9.52,7,66.5,53.0
EMP03472,HR,Lead,20.4,46.2,184.3,8,4.85,5,50.1,75.66
EMP03473,Marketing,Mid,3.8,49.3,182.5,3,9.28,1,79.5,58.98
EMP03474,HR,Junior,1.2,46.5,181.2,2,10.02,1,66.9,49.3
EMP03475,Marketing,Junior,1.1,20.4,158.4,0,10.15,2,65.7,42.55
EMP03476,HR,Junior,0.6,44.1,178.8,3,9.2,1,75.9,47.53
EMP03477,Operations,Senior,7.3,31.6,190.0,7,7.49,3,45.0,61.98
EMP03478,Customer_Support,Mid,7.4,50.7,171.3,3,10.83,4,50.6,43.43
EMP03479,Customer_Support,Junior,1.7,60.3,188.7,5,8.66,3,60.0,53.1
EMP03480,Marketing,Lead,8.0,43.9,182.6,8,6.52,4,42.9,75.63
EMP03481,HR,Junior,1.8,69.9,186.6,1,7.34,3,46.1,40.85
EMP03482,Finance,Junior,0.8,42.5,175.7,1,9.68,5,53.1,43.06
EMP03483,Operations,Lead,17.5,29.9,187.4,6,4.84,5,46.3,66.1
EMP03484,Marketing,Mid,4.5,62.6,154.5,3,12.25,1,59.9,47.31
EMP03485,Finance,Senior,9.4,45.5,175.5,9,6.23,2,69.3,77.05
EMP03486,Finance,Lead,8.0,35.3,185.0,3,6.9,1,72.0,65.39
EMP03487,Finance,Manager,20.2,62.7,179.1,12,8.96,3,84.7,98.93
EMP03488,Finance,Junior,1.3,59.7,190.3,5,11.48,2,62.7,56.94
EMP03489,Engineering,Senior,8.5,40.1,172.8,3,5.7,5,71.9,75.51
EMP03490,HR,Senior,5.0,32.7,167.3,7,8.76,4,65.7,66.0
EMP03491,Marketing,Junior,4.0,70.9,152.1,2,9.92,4,67.8,54.44
EMP03492,Sales,Manager,21.6,38.1,171.2,11,4.34,3,66.8,79.32
EMP03493,Operations,Mid,5.8,47.4,182.2,7,9.85,1,71.1,67.18
EMP03494,Marketing,Lead,19.6,49.1,185.7,9,4.36,1,75.0,92.84
EMP03495,Sales,Senior,9.4,56.2,155.4,6,5.74,3,68.2,65.62
EMP03496,Operations,Mid,5.6,55.2,191.5,2,10.34,3,78.1,64.81
EMP03497,Finance,Junior,4.0,64.3,161.4,2,10.38,1,63.3,56.2
EMP03498,Finance,Lead,8.0,45.8,173.3,10,10.55,3,55.7,71.9
EMP03499,Engineering,Mid,2.9,55.3,167.0,7,9.23,5,64.6,66.53
EMP03500,Operations,Junior,0.2,40.0,180.8,4,12.29,5,58.7,44.81
EMP03501,HR,Junior,0.4,78.2,176.3,2,9.3,4,53.0,47.18
EMP03502,Marketing,Senior,7.7,24.5,184.5,6,9.97,2,56.6,59.19
EMP03503,Sales,Junior,0.2,55.6,200.8,2,12.72,6,48.3,43.9
EMP03504,Finance,Mid,5.2,26.9,180.6,5,7.78,1,67.1,54.65
EMP03505,Finance,Senior,8.3,41.5,166.9,6,5.77,6,67.2,68.96
EMP03506,Marketing,Junior,2.8,42.4,181.5,0,10.05,0,42.8,47.23
EMP03507,HR,Mid,8.0,49.0,202.2,4,8.94,0,58.2,59.49
EMP03508,Operations,Junior,1.0,56.1,184.2,1,9.78,7,81.9,52.28
EMP03509,Finance,Manager,14.9,20.7,188.2,9,8.01,2,70.6,80.99
EMP03510,Engineering,Lead,23.0,38.6,152.7,5,4.29,4,75.5,79.21
EMP03511,Customer_Support,Junior,1.8,71.9,180.4,0,9.71,8,50.0,42.55
EMP03512,Finance,Mid,5.0,27.3,171.2,7,8.0,3,66.4,69.32
EMP03513,Customer_Support,Mid,6.3,34.2,165.5,3,11.19,3,57.8,45.12
EMP03514,Customer_Support,Manager,18.1,47.9,174.7,8,7.29,3,48.4,75.95
EMP03515,Customer_Support,Mid,5.9,48.2,176.5,3,7.97,2,52.1,53.04
EMP03516,Finance,Mid,5.1,49.3,166.3,4,9.14,5,57.3,52.96
EMP03517,Marketing,Manager,15.2,50.3,177.6,8,6.37,6,46.1,78.66
EMP03518,Sales,Junior,3.9,39.1,172.6,4,7.75,3,46.1,45.9
EMP03519,Marketing,Mid,4.9,39.2,184.8,1,11.33,5,61.6,42.61
EMP03520,Operations,Junior,1.5,41.4,178.2,4,9.33,2,49.8,43.88
EMP03521,Marketing,Senior,10.1,37.8,180.3,5,12.35,3,60.4,58.18
EMP03522,Operations,Mid,5.6,67.1,188.7,1,9.06,3,40.7,42.93
EMP03523,Sales,Manager,18.0,9.5,182.8,7,7.97,2,71.6,73.44
EMP03524,Engineering,Mid,6.0,29.1,174.9,6,8.99,2,95.0,66.49
EMP03525,Marketing,Junior,2.3,30.5,145.8,3,10.25,3,76.3,48.97
EMP03526,HR,Lead,12.4,60.0,182.2,6,6.78,3,79.6,78.75
EMP03527,Sales,Lead,19.2,29.8,162.2,8,3.89,2,69.5,77.11
EMP03528,Sales,Senior,12.8,38.1,173.8,2,9.99,0,65.2,54.56
EMP03529,Operations,Senior,6.5,18.8,180.2,4,7.68,2,61.0,52.62
EMP03530,HR,Junior,2.1,47.1,193.7,2,11.9,2,55.0,42.9
EMP03531,Sales,Senior,8.0,56.0,200.8,6,11.26,4,70.3,61.71
EMP03532,Sales,Junior,0.8,54.8,162.1,2,9.12,4,69.6,40.67
EMP03533,HR,Junior,2.8,49.4,156.6,8,8.57,4,60.4,50.68
EMP03534,Sales,Manager,18.4,11.5,179.6,14,5.36,3,68.3,88.26
EMP03535,Finance,Senior,6.7,38.1,178.4,13,5.84,3,54.7,74.4
EMP03536,Operations,Junior,0.5,53.2,158.2,2,10.56,3,52.4,40.53
EMP03537,Engineering,Junior,3.1,36.1,174.8,4,11.53,1,79.3,64.71
EMP03538,Marketing,Manager,28.2,44.8,183.4,5,3.47,3,69.2,88.15
EMP03539,Sales,Junior,0.8,64.3,157.8,4,10.69,6,59.2,37.74
EMP03540,Engineering,Junior,0.9,43.1,161.1,4,9.71,5,65.8,49.45
EMP03541,Operations,Junior,0.2,61.9,166.0,2,9.81,4,62.1,46.7
EMP03542,Marketing,Junior,0.4,49.4,172.0,5,10.07,5,42.0,41.12
EMP03543,Operations,Mid,2.0,64.2,184.7,8,9.98,1,50.9,53.33
EMP03544,Engineering,Manager,17.7,65.5,170.4,14,5.38,5,54.8,96.7
EMP03545,Engineering,Mid,5.0,30.6,175.8,3,9.11,1,70.1,57.56
EMP03546,HR,Mid,4.1,58.5,206.4,1,8.38,1,79.1,55.35
EMP03547,HR,Senior,6.5,62.6,161.6,9,8.72,4,71.7,66.9
EMP03548,Customer_Support,Mid,3.7,32.4,165.9,5,7.99,6,51.9,56.81
EMP03549,Sales,Senior,7.2,34.4,184.5,12,9.71,2,53.5,62.95
EMP03550,Operations,Senior,8.4,34.2,188.8,4,7.78,3,51.0,55.52
EMP03551,Operations,Senior,10.8,41.0,180.8,7,6.19,1,84.0,75.01
EMP03552,Marketing,Senior,10.0,37.7,200.3,7,7.75,2,64.8,72.74
EMP03553,Engineering,Senior,5.8,40.0,179.4,5,8.53,4,72.4,63.2
EMP03554,Marketing,Senior,12.9,55.6,147.3,7,6.96,4,38.7,59.06
EMP03555,Engineering,Senior,11.8,14.6,176.4,2,5.54,3,55.8,65.18
EMP03556,Operations,Junior,1.0,36.4,167.0,2,9.83,6,59.5,52.31
EMP03557,HR,Senior,6.3,53.0,194.4,5,8.79,5,60.0,57.92
EMP03558,Customer_Support,Senior,12.7,51.3,188.5,14,8.26,3,59.6,75.19
EMP03559,Marketing,Junior,0.0,35.1,152.7,0,11.57,3,65.4,51.39
EMP03560,Marketing,Lead,18.3,47.4,193.9,7,7.24,2,71.2,78.79
EMP03561,Finance,Mid,7.1,66.9,188.2,2,9.27,4,40.6,49.01
EMP03562,Marketing,Junior,1.2,50.3,170.5,2,10.78,4,50.7,43.17
EMP03563,Customer_Support,Lead,12.3,23.9,173.9,10,6.58,7,56.8,71.89
EMP03564,Engineering,Junior,0.9,64.1,194.5,1,11.33,5,62.2,49.34
EMP03565,Customer_Support,Mid,3.0,72.8,147.4,5,9.27,3,54.3,57.6
EMP03566,Operations,Mid,2.0,33.7,181.2,3,9.25,4,61.3,42.75
EMP03567,Operations,Lead,12.6,39.6,190.3,14,5.59,4,51.1,79.36
EMP03568,HR,Mid,6.1,63.4,173.8,3,9.56,4,68.3,61.61
EMP03569,Operations,Senior,10.0,44.7,184.1,3,8.52,2,66.5,50.77
EMP03570,Engineering,Senior,8.5,16.8,176.4,5,9.3,3,70.8,59.35
EMP03571,Operations,Senior,10.1,49.7,164.0,5,6.1,2,68.6,70.54
EMP03572,Sales,Manager,10.0,20.3,163.7,9,8.36,5,35.9,62.67
EMP03573,Engineering,Lead,10.7,19.9,185.0,7,7.35,1,63.0,71.33
EMP03574,HR,Mid,2.0,21.1,166.1,2,8.26,3,76.7,54.24
EMP03575,Engineering,Manager,26.0,52.9,153.7,7,4.46,2,59.6,90.29
EMP03576,Engineering,Mid,2.0,34.5,176.7,1,8.38,5,58.0,46.15
EMP03577,Operations,Junior,2.4,56.0,167.8,3,10.27,1,58.5,47.29
EMP03578,Engineering,Junior,2.0,59.7,158.2,3,9.26,4,69.8,49.96
EMP03579,Finance,Senior,8.9,45.4,176.0,11,8.09,2,56.6,78.75
EMP03580,Sales,Junior,0.7,55.4,185.7,0,9.4,1,84.1,44.67
EMP03581,Operations,Mid,6.3,52.7,175.3,7,8.74,0,63.4,62.27
EMP03582,Operations,Mid,4.8,49.1,160.1,6,7.54,5,49.2,57.34
EMP03583,HR,Mid,5.4,35.6,181.7,5,6.23,4,48.7,63.86
EMP03584,Finance,Junior,0.9,38.3,189.5,3,13.75,1,67.9,47.03
EMP03585,Customer_Support,Lead,17.1,37.4,206.0,4,6.76,4,46.9,76.6
EMP03586,Operations,Mid,3.6,45.1,195.2,3,13.43,2,85.8,50.35
EMP03587,Engineering,Junior,1.2,57.4,160.9,4,9.88,3,75.1,60.39
EMP03588,HR,Mid,2.0,63.5,187.0,4,9.48,0,72.7,57.07
EMP03589,Operations,Mid,2.1,52.2,178.6,2,9.09,5,63.0,56.75
EMP03590,Engineering,Senior,10.6,30.8,158.9,7,8.75,1,83.5,75.44
EMP03591,Operations,Mid,4.0,14.3,179.0,3,9.37,4,31.3,34.33
EMP03592,Engineering,Junior,3.3,39.5,201.9,3,7.8,5,55.6,58.07
EMP03593,Operations,Lead,12.3,18.8,191.7,4,5.89,2,72.4,67.38
EMP03594,Sales,Mid,2.0,36.0,160.8,10,7.81,4,80.0,61.49
EMP03595,Sales,Junior,0.5,54.6,175.2,4,10.22,1,47.2,44.07
EMP03596,Customer_Support,Senior,9.6,44.3,181.9,3,8.31,1,36.2,56.5
EMP03597,Operations,Senior,8.0,70.9,150.8,1,8.47,3,62.0,55.58
EMP03598,Operations,Senior,5.0,50.2,151.3,5,7.73,2,65.8,59.69
EMP03599,Customer_Support,Mid,5.1,75.6,177.2,3,7.37,4,59.8,55.87
EMP03600,HR,Mid,3.6,57.7,177.3,3,10.87,5,65.3,41.2
EMP03601,Engineering,Mid,4.9,63.3,149.3,1,9.38,3,47.8,63.34
EMP03602,Sales,Junior,0.6,45.6,180.4,1,10.86,2,57.5,41.66
EMP03603,Marketing,Junior,0.1,34.9,190.2,4,11.45,3,61.3,51.53
EMP03604,Engineering,Manager,21.2,28.3,171.9,8,2.89,4,63.4,94.03
EMP03605,Customer_Support,Senior,10.6,42.8,175.8,9,8.03,5,35.0,54.61
EMP03606,Sales,Mid,4.8,37.6,183.0,6,10.67,2,69.0,52.41
EMP03607,Sales,Junior,0.0,36.0,181.1,2,8.4,2,72.4,56.58
EMP03608,Engineering,Senior,7.9,49.3,151.6,3,6.74,2,60.5,60.58
EMP03609,Engineering,Junior,1.9,35.9,162.3,4,8.25,1,67.8,54.96
EMP03610,Engineering,Junior,1.7,28.0,169.5,2,7.74,7,64.0,45.61
EMP03611,Finance,Junior,3.0,34.2,162.9,2,10.51,8,57.2,28.97
EMP03612,Engineering,Senior,11.3,39.5,195.5,6,8.1,2,75.9,73.8
EMP03613,Marketing,Senior,10.4,28.1,183.9,6,6.21,3,70.2,69.21
EMP03614,Operations,Junior,2.7,47.6,159.5,2,7.17,5,72.9,55.35
EMP03615,Marketing,Junior,4.0,60.0,172.0,3,8.35,2,76.6,56.01
EMP03616,Finance,Senior,8.0,51.6,190.8,8,9.79,1,60.9,66.65
EMP03617,Engineering,Mid,5.3,37.1,166.0,5,7.36,1,100.0,76.51
EMP03618,Sales,Senior,12.1,23.4,186.9,9,5.25,5,80.6,80.52
EMP03619,Engineering,Junior,1.4,42.4,194.4,3,9.67,3,62.1,47.13
EMP03620,Customer_Support,Senior,9.6,52.8,192.0,5,6.3,2,59.5,56.08
EMP03621,Marketing,Manager,18.3,48.3,177.5,5,8.44,8,40.2,74.87
EMP03622,Engineering,Senior,9.5,48.3,192.5,9,8.2,3,70.3,84.06
EMP03623,HR,Junior,1.2,69.0,167.7,3,9.31,2,86.1,54.98
EMP03624,Operations,Senior,8.6,68.9,209.8,8,7.6,1,93.4,79.87
EMP03625,Finance,Mid,5.5,39.8,178.4,3,8.05,3,61.5,56.13
EMP03626,Marketing,Junior,0.0,73.3,191.1,6,9.31,2,68.0,55.18
EMP03627,Operations,Mid,3.8,43.1,169.9,1,12.5,4,67.3,42.8
EMP03628,Finance,Lead,10.7,54.3,182.0,6,8.8,1,86.8,78.86
EMP03629,Finance,Mid,4.9,57.6,182.6,4,8.66,2,51.2,49.9
EMP03630,Engineering,Lead,16.1,9.3,162.0,6,7.0,2,100.0,95.0
EMP03631,Sales,Mid,5.0,32.5,161.6,6,7.9,3,58.2,48.49
EMP03632,Customer_Support,Mid,2.0,28.7,172.1,1,10.77,4,44.0,28.04
EMP03633,Marketing,Junior,2.3,24.3,190.5,3,4.95,5,60.2,55.46
EMP03634,HR,Senior,14.1,56.2,149.4,5,6.47,4,56.3,63.54
EMP03635,Marketing,Junior,1.6,82.0,169.9,6,8.21,2,69.0,63.36
EMP03636,Sales,Mid,5.8,43.1,193.3,1,10.01,4,42.2,43.18
EMP03637,Operations,Junior,2.3,63.8,157.8,3,9.57,5,61.7,45.68
EMP03638,Engineering,Mid,4.8,69.3,192.6,7,6.42,2,78.0,74.68
EMP03639,Operations,Mid,5.6,50.1,159.2,1,8.58,0,77.8,58.18
EMP03640,Marketing,Junior,0.1,50.6,162.2,2,9.82,5,72.2,53.44
EMP03641,Engineering,Junior,1.9,47.3,172.9,3,11.65,0,87.1,55.81
EMP03642,Sales,Manager,16.8,43.1,201.2,8,6.48,1,54.7,80.16
EMP03643,Operations,Junior,1.7,64.1,166.0,0,9.54,1,64.7,43.67
EMP03644,Sales,Mid,2.0,53.9,150.7,4,9.28,5,35.2,41.78
EMP03645,Sales,Mid,3.9,53.4,155.4,0,5.73,2,60.6,47.43
EMP03646,Finance,Mid,2.3,46.2,188.0,7,8.0,2,67.6,63.08
EMP03647,Engineering,Senior,6.9,19.1,156.0,8,5.4,2,75.7,69.3
EMP03648,Engineering,Junior,1.7,64.5,191.6,4,12.41,2,51.1,45.31
EMP03649,Engineering,Mid,6.0,27.7,176.0,4,7.96,3,65.3,56.0
EMP03650,Operations,Senior,8.0,52.3,174.5,6,8.91,5,57.0,49.99
EMP03651,Engineering,Mid,2.0,58.3,179.2,7,7.76,2,64.9,62.27
EMP03652,Engineering,Manager,14.3,17.9,163.8,12,5.87,2,78.7,88.6
EMP03653,Engineering,Manager,28.7,25.9,176.9,9,3.93,5,67.4,94.01
EMP03654,Engineering,Junior,0.7,82.8,158.3,4,10.45,3,71.2,51.73
EMP03655,Engineering,Mid,2.6,45.8,193.9,2,8.88,1,64.1,57.09
EMP03656,Sales,Junior,2.9,32.7,160.6,2,8.48,5,74.8,50.41
EMP03657,Sales,Junior,4.0,63.0,181.1,6,6.36,5,75.7,60.95
EMP03658,HR,Mid,5.6,35.4,160.5,4,11.79,5,62.3,50.61
EMP03659,Operations,Mid,3.2,18.2,167.5,3,8.27,1,94.2,61.0
EMP03660,Sales,Mid,2.6,54.8,169.8,3,8.53,2,52.8,49.05
EMP03661,Engineering,Junior,0.2,37.3,215.0,3,8.95,2,82.1,56.25
EMP03662,Customer_Support,Junior,2.4,55.8,174.8,5,11.42,5,46.6,44.14
EMP03663,Operations,Manager,19.3,22.8,163.5,6,4.76,1,69.3,73.47
EMP03664,Finance,Manager,10.3,45.6,168.8,5,6.27,2,71.3,65.56
EMP03665,Engineering,Junior,0.0,53.8,153.9,1,10.08,1,57.9,43.89
EMP03666,HR,Senior,5.3,4.2,172.7,7,10.06,0,64.4,57.43
EMP03667,Engineering,Mid,6.3,52.7,200.9,3,8.54,1,92.4,71.3
EMP03668,Sales,Senior,11.2,38.7,179.7,7,7.6,3,52.2,64.32
EMP03669,Engineering,Mid,6.4,68.3,187.6,4,8.39,4,74.8,63.64
EMP03670,Marketing,Lead,10.4,44.9,162.3,6,6.63,1,68.0,73.51
EMP03671,Engineering,Junior,2.3,62.3,172.2,3,12.06,2,69.5,58.0
EMP03672,Marketing,Mid,5.9,36.3,177.9,6,7.48,4,43.2,53.57
EMP03673,Engineering,Manager,20.6,23.1,164.8,1,6.07,5,79.9,71.46
EMP03674,Engineering,Junior,0.0,50.6,180.6,7,9.01,2,70.1,59.95
EMP03675,Operations,Junior,0.9,45.6,183.6,4,10.51,0,73.2,55.67
EMP03676,Operations,Senior,7.3,63.1,182.6,5,8.0,5,62.8,55.7
EMP03677,Engineering,Senior,7.6,40.7,172.9,3,8.38,3,70.8,67.57
EMP03678,Marketing,Senior,7.4,24.6,190.3,13,8.19,3,68.5,73.59
EMP03679,Engineering,Senior,9.2,30.6,171.4,6,6.27,2,58.1,73.15
EMP03680,Sales,Senior,5.2,57.5,170.1,7,8.28,2,80.7,71.58
EMP03681,Finance,Junior,0.0,48.5,195.2,5,7.25,2,58.5,58.05
EMP03682,Sales,Senior,5.0,39.7,159.5,6,8.71,4,57.6,62.01
EMP03683,HR,Senior,10.4,58.9,151.2,7,6.93,1,81.5,80.24
EMP03684,HR,Lead,12.7,25.3,162.9,7,6.65,3,69.0,75.97
EMP03685,Engineering,Junior,1.2,17.5,180.4,3,9.67,3,67.2,46.28
EMP03686,Sales,Junior,2.5,38.2,193.0,2,9.65,1,67.0,52.11
EMP03687,Engineering,Senior,5.0,46.6,165.8,4,5.16,3,77.5,64.51
EMP03688,Customer_Support,Junior,0.0,47.3,200.4,1,9.27,3,56.6,36.85
EMP03689,Marketing,Junior,1.1,27.6,175.4,1,10.01,2,75.1,47.21
EMP03690,Engineering,Lead,14.4,54.2,173.4,4,8.94,4,54.8,73.89
EMP03691,Sales,Mid,6.2,49.5,163.1,5,12.2,2,65.1,54.11
EMP03692,Marketing,Mid,4.0,52.8,202.3,6,11.68,7,73.6,55.18
EMP03693,Sales,Junior,0.9,57.3,172.9,2,8.65,1,69.5,53.63
EMP03694,Marketing,Junior,3.4,31.5,156.4,3,10.1,4,37.1,37.02
EMP03695,Finance,Senior,11.6,47.5,209.4,4,9.06,6,61.5,65.36
EMP03696,HR,Mid,4.1,60.6,180.5,2,9.84,6,51.4,47.84
EMP03697,Engineering,Junior,2.0,68.1,186.2,2,9.5,0,85.4,57.64
EMP03698,Sales,Mid,3.2,57.8,198.5,6,9.46,3,57.3,62.06
EMP03699,Sales,Junior,0.1,58.7,183.6,3,10.41,1,76.1,45.22
EMP03700,HR,Junior,0.9,24.9,188.6,4,8.91,6,51.4,39.45
EMP03701,Operations,Junior,3.4,50.8,175.8,3,9.8,1,64.7,52.99
EMP03702,Engineering,Mid,4.8,32.7,185.3,3,7.16,3,70.1,73.78
EMP03703,Marketing,Junior,2.4,70.2,174.5,2,12.92,3,97.2,49.11
EMP03704,Finance,Mid,3.4,64.0,174.7,9,8.61,1,77.1,71.45
EMP03705,Sales,Mid,3.6,32.7,176.7,8,9.89,3,75.4,51.36
EMP03706,Sales,Mid,5.7,46.3,169.4,7,9.16,2,86.3,66.55
EMP03707,Engineering,Junior,0.4,54.7,182.1,5,10.11,4,73.4,54.99
EMP03708,Finance,Junior,1.2,64.5,182.0,2,10.69,4,61.8,48.6
EMP03709,HR,Junior,1.2,25.9,186.5,4,11.41,3,63.4,52.54
EMP03710,Finance,Mid,6.9,13.9,184.0,8,8.84,1,66.9,68.29
EMP03711,Operations,Senior,13.7,43.6,203.0,9,8.54,4,26.8,58.54
EMP03712,Finance,Junior,0.9,13.0,189.7,4,10.56,2,63.0,51.42
EMP03713,Customer_Support,Senior,8.5,45.4,172.1,9,6.33,2,60.7,69.77
EMP03714,Finance,Senior,12.9,51.9,181.3,10,7.57,9,61.1,68.21
EMP03715,Operations,Junior,0.0,69.5,194.8,7,9.73,5,41.6,48.02
EMP03716,Operations,Junior,0.7,41.7,161.7,8,10.8,3,58.2,53.19
EMP03717,Finance,Junior,3.2,53.4,203.2,3,10.57,3,44.6,63.16
EMP03718,Operations,Junior,1.0,60.8,164.2,4,10.08,1,81.3,61.62
EMP03719,Customer_Support,Mid,5.3,29.4,187.6,10,9.5,5,54.9,61.71
EMP03720,HR,Junior,1.4,64.7,175.1,2,10.07,2,41.2,33.94
EMP03721,Marketing,Lead,11.4,43.1,174.3,3,6.61,4,61.5,66.57
EMP03722,Marketing,Mid,8.0,37.9,156.8,4,10.33,4,74.7,64.54
EMP03723,Operations,Senior,8.9,45.1,187.7,12,8.95,2,62.1,75.67
EMP03724,HR,Senior,13.8,40.9,157.0,7,10.12,2,55.0,69.03
EMP03725,Operations,Mid,3.1,58.7,154.8,1,9.04,5,51.9,46.97
EMP03726,Operations,Manager,25.0,29.6,191.2,7,4.38,2,56.6,85.69
EMP03727,Customer_Support,Manager,19.8,38.4,200.1,3,2.96,4,52.7,64.11
EMP03728,Engineering,Mid,2.0,37.7,165.7,3,12.7,1,54.9,57.12
EMP03729,Finance,Junior,1.7,36.9,189.0,6,10.6,0,62.2,58.9
EMP03730,Finance,Mid,5.9,49.6,186.2,4,10.03,3,47.0,58.25
EMP03731,Customer_Support,Junior,4.0,37.5,173.7,6,11.95,3,69.4,52.11
EMP03732,Customer_Support,Mid,3.0,59.0,193.7,5,9.56,2,70.9,61.35
EMP03733,Marketing,Mid,4.0,55.9,172.7,3,8.22,3,52.0,56.19
EMP03734,Marketing,Mid,2.0,35.5,182.2,5,10.76,6,55.4,49.13
EMP03735,Sales,Senior,7.6,46.2,157.4,4,8.04,1,56.9,55.59
EMP03736,Customer_Support,Junior,1.5,39.5,158.0,1,7.37,5,57.6,37.1
EMP03737,Engineering,Mid,2.7,22.9,191.4,6,11.52,3,73.1,59.55
EMP03738,Finance,Mid,2.0,38.0,182.7,6,7.96,4,68.6,57.02
EMP03739,Operations,Senior,5.0,42.2,173.0,8,7.69,2,65.3,62.95
EMP03740,HR,Senior,8.8,50.8,201.7,3,9.29,2,84.6,73.96
EMP03741,Engineering,Junior,2.8,53.2,201.6,3,6.92,5,70.7,66.37
EMP03742,Engineering,Senior,14.1,56.6,181.1,8,7.58,3,54.4,72.7
EMP03743,Operations,Junior,0.8,36.3,154.6,2,10.37,5,40.7,40.86
EMP03744,Marketing,Senior,10.6,37.3,173.4,5,9.44,3,83.6,68.19
EMP03745,Sales,Mid,3.6,71.7,163.3,3,10.12,4,68.1,52.88
EMP03746,Finance,Mid,3.7,18.0,176.3,7,10.27,4,65.5,59.4
EMP03747,Engineering,Senior,7.5,36.2,161.9,3,9.63,3,75.4,60.54
EMP03748,Operations,Lead,12.0,22.9,158.3,4,9.45,2,61.9,59.68
EMP03749,Engineering,Senior,10.0,40.1,143.3,5,7.38,6,75.2,74.92
EMP03750,Engineering,Mid,4.7,40.5,177.3,5,7.72,4,65.5,63.68
EMP03751,Sales,Senior,11.9,52.0,142.8,7,6.44,3,74.7,74.04
EMP03752,Marketing,Mid,7.0,50.8,170.5,6,9.67,4,57.7,57.3
EMP03753,HR,Senior,8.7,23.4,184.7,4,7.8,3,55.2,56.31
EMP03754,Finance,Lead,20.1,30.2,164.9,8,5.42,3,42.7,74.68
EMP03755,HR,Junior,1.2,51.0,159.8,0,11.46,5,63.1,43.72
EMP03756,Engineering,Junior,1.5,62.1,174.1,3,10.71,1,85.2,62.07
EMP03757,Engineering,Junior,0.6,87.5,163.4,6,12.24,3,64.5,60.69
EMP03758,Engineering,Junior,1.3,61.5,177.6,5,10.33,6,53.5,43.74
EMP03759,Customer_Support,Mid,5.9,31.8,160.5,8,9.72,4,61.4,52.65
EMP03760,Sales,Junior,2.6,49.6,173.5,7,9.2,4,54.2,49.71
EMP03761,Customer_Support,Mid,2.0,49.7,170.2,3,6.54,5,76.6,58.67
EMP03762,Engineering,Junior,0.5,43.2,174.8,2,9.31,3,82.9,57.91
EMP03763,Sales,Junior,1.5,58.1,197.9,2,8.9,4,46.7,46.69
EMP03764,Engineering,Senior,16.0,8.9,177.8,4,5.3,5,67.9,67.94
EMP03765,Sales,Mid,5.7,55.3,182.1,8,9.23,2,52.9,60.85
EMP03766,Operations,Mid,4.7,39.9,166.3,3,10.42,4,46.1,52.67
EMP03767,Marketing,Senior,7.4,41.4,178.1,2,7.75,4,63.3,58.45
EMP03768,Engineering,Manager,14.5,57.0,171.2,10,7.26,2,79.8,82.51
EMP03769,Finance,Mid,4.3,28.1,175.4,2,8.39,2,62.0,55.34
EMP03770,Marketing,Junior,2.4,55.1,184.1,3,9.59,3,57.8,54.96
EMP03771,Customer_Support,Junior,0.5,62.9,168.0,3,9.23,3,31.5,43.87
EMP03772,Customer_Support,Manager,14.0,37.6,169.4,11,7.21,4,50.0,73.23
EMP03773,Finance,Senior,12.0,18.8,168.2,5,8.58,4,69.6,63.78
EMP03774,Operations,Senior,11.3,63.3,167.9,3,10.26,6,43.9,55.55
EMP03775,Operations,Senior,6.9,39.8,177.4,6,7.68,7,75.4,64.93
EMP03776,HR,Junior,2.8,43.1,169.9,4,9.46,3,59.0,51.65
EMP03777,Finance,Mid,4.5,42.3,196.0,2,10.74,6,65.3,49.14
EMP03778,Sales,Senior,7.7,37.3,212.5,7,7.89,2,57.2,66.69
EMP03779,Finance,Lead,13.2,21.1,167.0,7,7.95,5,48.9,63.5
EMP03780,Customer_Support,Junior,1.6,53.5,179.1,4,9.22,3,63.3,49.03
EMP03781,Sales,Mid,4.9,38.0,189.5,8,9.67,3,54.8,53.16
EMP03782,Operations,Junior,1.3,61.1,171.3,4,10.8,3,50.0,41.39
EMP03783,Customer_Support,Manager,14.4,42.8,161.1,11,8.56,3,29.5,61.57
EMP03784,Engineering,Junior,0.0,75.4,199.3,3,9.08,1,85.6,56.89
EMP03785,Marketing,Senior,12.1,39.8,184.6,7,8.44,6,64.1,63.13
EMP03786,Customer_Support,Junior,1.1,39.0,179.5,3,9.8,3,71.3,50.35
EMP03787,Customer_Support,Senior,9.4,21.0,195.3,4,5.84,8,65.4,60.34
EMP03788,Sales,Senior,10.0,75.9,185.8,3,7.18,2,75.3,72.66
EMP03789,Engineering,Mid,3.1,56.9,174.3,2,8.32,1,63.2,56.26
EMP03790,Finance,Lead,12.6,28.6,161.3,3,7.94,4,46.5,52.75
EMP03791,Engineering,Lead,13.3,64.4,168.1,7,6.01,1,79.2,87.35
EMP03792,Engineering,Lead,15.8,59.3,191.9,6,7.02,3,71.6,81.41
EMP03793,Sales,Mid,4.1,26.7,184.5,3,9.24,1,56.4,49.68
EMP03794,Sales,Senior,5.0,31.7,172.4,8,9.66,4,70.9,59.15
EMP03795,Marketing,Mid,6.9,45.0,199.7,1,8.17,3,67.7,54.39
EMP03796,Finance,Mid,3.1,30.9,172.8,5,7.29,7,70.7,61.58
EMP03797,Finance,Mid,2.4,45.6,188.8,4,10.76,0,50.7,47.27
EMP03798,Operations,Senior,11.0,53.7,178.1,10,7.12,3,71.7,67.8
EMP03799,HR,Junior,1.9,30.4,202.1,3,11.42,4,65.9,47.12
EMP03800,Engineering,Mid,4.4,51.4,185.5,3,9.16,3,83.0,60.8
EMP03801,Sales,Junior,3.6,68.5,175.6,2,9.74,2,73.6,56.64
EMP03802,Engineering,Junior,2.2,57.0,172.5,4,10.69,3,78.2,57.24
EMP03803,Engineering,Junior,2.9,49.9,174.8,6,10.65,3,68.7,54.2
EMP03804,Sales,Junior,0.0,41.0,164.8,4,10.04,3,70.5,50.18
EMP03805,Sales,Senior,9.9,55.5,155.9,5,7.46,4,75.3,67.24
EMP03806,Sales,Mid,2.2,29.3,179.3,5,9.43,3,69.3,54.91
EMP03807,Finance,Junior,1.3,54.6,167.5,3,7.44,7,65.4,46.88
EMP03808,Marketing,Senior,8.8,43.4,167.5,8,9.59,4,72.5,74.6
EMP03809,Customer_Support,Lead,9.9,55.9,173.8,11,6.51,6,51.7,69.94
EMP03810,Operations,Lead,15.7,30.3,175.7,5,6.18,1,78.2,81.75
EMP03811,Marketing,Lead,15.0,31.5,175.1,4,6.44,3,43.8,55.97
EMP03812,Sales,Manager,26.6,16.4,199.3,9,5.55,7,62.4,86.29
EMP03813,Marketing,Mid,2.0,53.6,184.3,5,9.34,5,59.1,57.28
EMP03814,Sales,Manager,18.6,28.6,204.5,8,7.08,5,54.3,73.46
EMP03815,HR,Manager,10.6,22.1,168.9,12,7.99,2,69.7,73.02
EMP03816,Engineering,Mid,3.8,35.5,186.0,8,8.13,5,56.5,62.88
EMP03817,HR,Lead,8.0,47.1,169.6,4,6.85,1,91.8,66.9
EMP03818,Engineering,Senior,10.1,26.5,167.1,10,7.66,1,53.8,70.47
EMP03819,Finance,Senior,7.8,27.8,205.0,6,9.36,5,51.6,63.32
EMP03820,Operations,Lead,21.2,52.4,164.2,6,6.88,3,47.5,69.68
EMP03821,Operations,Mid,7.4,44.5,143.8,6,9.65,1,62.4,57.0
EMP03822,Marketing,Mid,4.4,61.3,165.1,4,8.82,1,76.2,68.83
EMP03823,Marketing,Senior,7.2,37.6,146.9,8,9.85,5,70.3,65.96
EMP03824,Sales,Senior,8.3,43.0,161.7,7,8.77,8,79.7,74.08
EMP03825,Finance,Lead,19.8,41.3,163.0,7,5.5,3,53.1,74.95
EMP03826,Marketing,Lead,10.8,59.8,175.5,5,7.22,3,71.9,77.97
EMP03827,Engineering,Senior,7.6,62.6,146.3,5,9.52,3,66.4,65.88
EMP03828,Engineering,Manager,20.9,52.3,191.7,11,7.93,2,72.7,95.0
EMP03829,Customer_Support,Junior,3.0,41.6,148.7,2,7.31,1,71.3,47.0
EMP03830,Marketing,Manager,19.7,20.2,173.2,7,6.36,5,43.7,71.94
EMP03831,HR,Junior,0.4,62.4,170.5,3,7.85,3,89.9,60.65
EMP03832,Marketing,Mid,4.9,67.7,186.6,3,8.07,3,62.3,58.92
EMP03833,HR,Junior,2.7,68.4,179.9,4,10.43,4,46.7,38.92
EMP03834,HR,Mid,2.0,47.2,191.6,3,9.68,6,57.7,53.73
EMP03835,Engineering,Mid,5.4,57.9,169.9,4,7.91,5,71.2,64.72
EMP03836,HR,Junior,2.4,62.2,168.5,4,9.2,7,57.7,50.47
EMP03837,Finance,Senior,15.5,45.2,180.8,7,8.58,4,38.4,70.63
EMP03838,Sales,Senior,11.7,45.9,189.4,5,7.92,1,63.2,65.93
EMP03839,Operations,Junior,1.8,52.5,186.6,3,9.9,0,51.3,49.53
EMP03840,Engineering,Senior,6.1,31.2,179.5,7,10.02,3,77.8,73.46
EMP03841,Finance,Junior,1.1,40.7,178.3,4,11.08,5,50.2,43.56
EMP03842,Finance,Junior,0.3,40.5,174.5,4,9.57,1,90.1,60.05
EMP03843,Finance,Junior,3.6,27.0,180.7,4,10.5,4,69.2,48.24
EMP03844,Marketing,Mid,4.7,49.1,203.5,6,8.79,4,66.4,50.74
EMP03845,Customer_Support,Senior,15.1,42.4,171.6,5,7.47,1,65.5,63.89
EMP03846,Marketing,Mid,3.2,58.4,169.9,6,6.95,5,42.1,48.5
EMP03847,Finance,Lead,9.5,57.9,168.8,5,6.97,3,57.0,62.27
EMP03848,Finance,Mid,4.9,66.9,180.5,4,9.33,2,84.4,63.26
EMP03849,Engineering,Senior,7.7,64.3,145.3,5,6.8,6,66.2,78.68
EMP03850,Engineering,Manager,16.8,23.6,173.1,12,5.94,6,69.2,82.89
EMP03851,HR,Mid,4.8,25.5,187.3,6,6.88,4,60.4,60.41
EMP03852,Engineering,Junior,2.3,65.0,167.6,5,10.81,1,87.6,56.33
EMP03853,Engineering,Junior,1.9,71.7,177.6,1,11.84,5,67.1,51.08
EMP03854,Engineering,Mid,2.4,70.3,204.5,3,8.05,4,55.0,61.29
EMP03855,Marketing,Mid,5.2,54.3,179.6,5,6.86,3,94.9,66.21
EMP03856,Engineering,Junior,1.0,21.0,143.7,2,10.77,0,53.5,41.35
EMP03857,Operations,Lead,14.9,44.5,155.3,6,7.36,4,58.8,64.08
EMP03858,HR,Manager,13.9,43.3,171.5,5,7.43,4,55.9,70.95
EMP03859,Finance,Junior,1.5,69.8,163.7,1,10.92,1,54.6,47.54
EMP03860,Sales,Junior,1.7,72.4,176.4,2,10.11,0,49.3,49.66
EMP03861,HR,Junior,2.0,64.6,170.9,2,11.78,1,59.5,45.7
EMP03862,Sales,Mid,6.9,38.2,191.3,4,10.9,5,73.8,49.14
EMP03863,Finance,Lead,8.3,23.6,159.7,6,10.62,3,40.2,52.11
EMP03864,Engineering,Mid,4.0,55.0,172.1,10,12.13,3,85.1,66.47
EMP03865,Customer_Support,Junior,2.4,39.1,178.0,1,8.81,3,71.1,43.03
EMP03866,Engineering,Mid,2.8,69.1,179.8,1,10.91,1,76.1,56.35
EMP03867,Marketing,Junior,0.6,25.4,177.1,5,10.33,3,65.5,47.94
EMP03868,Engineering,Mid,4.1,55.5,141.2,6,6.55,3,73.3,66.97
EMP03869,Marketing,Mid,6.2,51.8,176.2,6,9.66,1,81.1,58.42
EMP03870,HR,Senior,9.1,39.9,172.9,7,7.18,4,45.1,64.66
EMP03871,Engineering,Mid,2.0,33.1,187.1,3,9.52,2,78.7,61.45
EMP03872,Engineering,Lead,19.5,8.1,185.1,13,4.77,2,61.0,87.43
EMP03873,Sales,Junior,0.0,43.0,178.4,3,11.98,3,71.9,44.45
EMP03874,Sales,Senior,11.7,35.3,179.4,10,6.56,2,54.6,68.8
EMP03875,Customer_Support,Junior,1.6,67.7,193.9,5,8.89,6,66.5,51.57
EMP03876,HR,Mid,5.7,35.3,191.1,6,10.6,5,47.4,53.17
EMP03877,Sales,Lead,12.1,45.8,178.9,6,7.79,4,41.7,61.97
EMP03878,Customer_Support,Senior,5.0,23.6,205.0,8,11.26,3,56.6,59.27
EMP03879,Sales,Junior,0.0,58.2,166.2,1,11.39,1,79.2,49.06
EMP03880,HR,Mid,3.1,13.4,158.4,1,10.91,5,72.4,42.7
EMP03881,Finance,Senior,8.3,74.4,174.8,5,6.83,0,69.3,65.48
EMP03882,Customer_Support,Manager,13.7,32.9,169.8,7,7.32,2,68.3,80.29
EMP03883,Finance,Senior,7.3,4.0,140.5,12,10.99,1,58.2,69.28
EMP03884,HR,Junior,1.1,40.2,165.9,3,8.47,7,73.3,55.12
EMP03885,Customer_Support,Mid,5.0,33.9,179.8,9,9.11,6,51.0,53.42
EMP03886,Sales,Junior,0.9,41.2,174.2,6,9.88,1,58.2,52.71
EMP03887,Customer_Support,Junior,2.1,45.5,164.1,4,10.24,3,55.7,42.68
EMP03888,Operations,Mid,3.4,37.1,175.6,4,10.39,7,53.5,49.21
EMP03889,Customer_Support,Senior,9.6,30.8,176.7,6,8.3,6,57.2,65.8
EMP03890,Engineering,Junior,3.9,33.6,185.0,3,12.44,5,66.9,56.65
EMP03891,Sales,Senior,10.1,55.3,166.0,5,4.74,3,53.5,65.06
EMP03892,Finance,Senior,8.8,61.0,187.2,4,4.46,4,61.3,71.92
EMP03893,Marketing,Senior,8.6,39.2,159.7,7,7.9,0,65.9,71.14
EMP03894,Marketing,Junior,0.0,50.7,168.0,2,11.94,5,50.8,40.46
EMP03895,Customer_Support,Mid,3.4,30.1,198.8,1,9.11,2,63.0,50.14
EMP03896,Marketing,Junior,4.0,52.1,160.7,3,9.0,4,58.1,45.99
EMP03897,Engineering,Junior,1.2,54.4,165.8,4,7.32,2,72.4,53.28
EMP03898,HR,Mid,7.5,43.7,157.5,6,8.32,1,58.0,61.53
EMP03899,Sales,Mid,2.0,52.9,163.4,2,8.78,2,74.6,49.81
EMP03900,Engineering,Junior,1.9,55.6,176.9,3,9.65,4,81.5,54.8
EMP03901,Sales,Junior,0.0,35.2,184.9,3,9.95,3,49.4,39.95
EMP03902,Operations,Lead,20.5,56.9,174.7,9,7.2,2,66.3,88.49
EMP03903,Finance,Senior,12.2,39.9,170.5,2,7.13,2,80.4,68.09
EMP03904,Marketing,Mid,5.5,72.1,157.6,2,7.84,2,52.6,50.32
EMP03905,Engineering,Manager,24.4,41.3,164.8,9,5.36,3,59.6,82.82
EMP03906,Finance,Junior,2.7,80.6,153.4,7,9.75,1,71.8,62.84
EMP03907,Operations,Mid,8.0,64.6,185.3,5,6.96,7,44.3,53.58
EMP03908,Operations,Lead,10.7,42.4,186.3,6,8.13,5,50.7,57.94
EMP03909,Marketing,Mid,5.9,36.2,174.4,5,7.2,5,51.8,55.81
EMP03910,Operations,Junior,1.5,40.5,181.2,2,10.85,1,69.0,39.64
EMP03911,Marketing,Mid,2.0,55.0,187.3,2,8.78,1,55.7,47.44
EMP03912,HR,Mid,2.0,49.1,176.4,6,7.93,6,62.6,63.05
EMP03913,Operations,Senior,9.9,34.2,194.5,9,11.95,5,51.0,54.68
EMP03914,Engineering,Mid,3.0,59.5,160.7,2,9.53,2,83.8,61.67
EMP03915,Engineering,Mid,4.8,47.6,170.1,7,10.61,3,59.7,63.21
EMP03916,Engineering,Junior,1.4,63.6,168.5,2,9.85,1,53.1,58.29
EMP03917,Marketing,Mid,5.0,32.4,184.1,8,10.94,3,46.6,61.79
EMP03918,Marketing,Junior,0.0,66.0,154.9,4,11.18,0,72.3,57.0
EMP03919,Finance,Lead,13.6,46.5,195.3,7,6.81,1,72.2,75.4
EMP03920,HR,Senior,9.1,61.0,182.9,4,9.54,2,81.0,63.71
EMP03921,Engineering,Mid,2.0,61.7,199.5,8,11.18,2,54.9,60.46
EMP03922,Operations,Senior,9.4,41.7,174.4,15,7.55,4,57.2,87.42
EMP03923,Engineering,Junior,1.6,48.5,167.3,1,9.91,3,99.1,61.92
EMP03924,Customer_Support,Mid,2.8,73.7,184.2,2,12.33,8,54.4,43.57
EMP03925,Engineering,Mid,2.9,42.6,189.4,10,9.67,1,63.2,69.53
EMP03926,Marketing,Mid,4.1,58.2,165.0,3,10.78,5,63.7,58.59
EMP03927,Marketing,Senior,14.5,37.3,147.0,7,8.58,5,70.4,66.46
EMP03928,Operations,Manager,20.2,7.1,149.4,14,7.45,3,66.2,85.02
EMP03929,Sales,Mid,8.0,28.6,178.7,6,10.08,1,54.6,54.7
EMP03930,Customer_Support,Mid,2.6,53.1,196.6,1,5.62,4,51.0,45.84
EMP03931,Marketing,Senior,9.5,53.5,156.8,9,7.38,5,60.4,68.85
EMP03932,Marketing,Junior,2.5,57.1,171.2,2,9.38,2,55.2,49.33
EMP03933,Marketing,Junior,1.2,68.2,170.1,2,10.39,4,49.2,45.41
EMP03934,Sales,Manager,21.4,40.9,201.9,12,4.52,5,83.7,100.0
EMP03935,HR,Lead,19.1,27.4,206.6,6,6.27,2,61.1,72.11
EMP03936,Engineering,Manager,20.2,43.9,180.9,16,4.16,5,65.8,100.0
EMP03937,Engineering,Junior,2.9,53.5,187.6,7,6.92,7,66.2,57.15
EMP03938,Finance,Junior,2.9,42.4,187.2,6,13.5,2,62.0,51.71
EMP03939,HR,Mid,2.5,54.1,157.1,7,8.85,1,71.2,55.89
EMP03940,Sales,Manager,20.6,36.2,184.8,9,7.65,2,56.4,81.26
EMP03941,Sales,Junior,0.7,41.9,160.7,1,11.31,6,75.7,51.71
EMP03942,Engineering,Junior,3.4,48.3,172.6,4,9.09,3,77.2,64.63
EMP03943,Engineering,Junior,1.6,72.2,191.0,4,12.06,2,67.7,54.8
EMP03944,Marketing,Senior,7.5,63.7,176.1,3,7.15,2,56.0,66.03
EMP03945,Sales,Senior,5.0,45.8,190.4,6,8.64,4,75.0,58.63
EMP03946,Operations,Senior,5.0,43.9,193.2,7,9.61,3,58.1,62.72
EMP03947,Engineering,Junior,1.6,29.5,150.4,3,9.97,6,55.1,56.82
EMP03948,Sales,Senior,7.6,68.8,144.5,7,8.17,1,74.3,72.7
EMP03949,Operations,Mid,2.2,62.5,191.3,3,6.76,2,51.3,52.04
EMP03950,Engineering,Junior,1.6,62.3,191.8,1,11.0,1,80.4,54.81
EMP03951,HR,Junior,1.6,16.9,178.6,5,11.21,3,35.8,40.18
EMP03952,Customer_Support,Mid,5.8,47.6,180.5,0,8.32,6,53.6,44.55
EMP03953,Customer_Support,Mid,4.4,45.1,187.5,2,10.49,0,71.9,51.46
EMP03954,Finance,Manager,16.7,45.2,187.2,6,6.76,4,63.1,76.84
EMP03955,Sales,Mid,2.7,40.2,170.7,8,10.97,2,69.2,52.17
EMP03956,Marketing,Mid,3.8,43.5,188.4,7,10.37,2,53.2,60.37
EMP03957,Customer_Support,Senior,8.7,52.3,170.1,6,7.82,1,62.2,69.7
EMP03958,Customer_Support,Senior,7.3,31.4,178.4,2,11.36,3,58.0,52.8
EMP03959,Sales,Junior,0.0,42.4,177.8,1,8.9,2,64.9,43.88
EMP03960,Engineering,Senior,10.1,45.9,163.0,5,3.8,3,94.5,83.23
EMP03961,Engineering,Junior,1.3,71.1,164.6,5,6.3,3,85.7,69.81
EMP03962,Sales,Mid,2.9,59.1,206.3,6,10.02,7,71.5,57.51
EMP03963,Finance,Senior,7.3,59.1,162.5,4,5.26,3,72.7,74.8
EMP03964,Engineering,Mid,5.1,47.9,180.2,6,8.2,2,59.1,67.21
EMP03965,Engineering,Mid,8.0,69.4,183.1,7,10.25,2,64.3,72.72
EMP03966,Sales,Junior,0.0,24.9,174.2,4,6.63,3,43.6,45.4
EMP03967,HR,Mid,5.6,77.3,184.4,3,8.68,11,50.8,43.29
EMP03968,Sales,Mid,4.3,79.3,179.6,5,9.09,7,51.4,43.97
EMP03969,HR,Lead,12.7,45.8,162.8,5,5.17,3,65.7,69.67
EMP03970,Sales,Mid,3.2,59.5,182.5,4,9.71,3,47.3,46.39
EMP03971,Customer_Support,Lead,15.1,38.4,167.4,11,6.71,2,57.5,76.84
EMP03972,Sales,Mid,2.0,43.9,199.4,2,10.38,3,60.2,43.38
EMP03973,Marketing,Lead,18.4,29.8,181.0,8,6.45,5,50.4,67.67
EMP03974,Engineering,Junior,3.5,50.3,165.2,4,8.98,5,88.3,53.07
EMP03975,Sales,Junior,3.4,59.3,179.8,7,10.18,4,46.1,44.31
EMP03976,Engineering,Junior,2.5,57.3,162.1,1,11.58,1,83.4,53.32
EMP03977,Sales,Junior,1.2,80.8,178.6,1,11.91,5,34.9,33.35
EMP03978,Sales,Lead,11.8,40.5,171.8,9,8.29,2,60.3,77.27
EMP03979,HR,Senior,6.3,20.7,163.4,5,9.72,3,51.6,52.16
EMP03980,Finance,Senior,10.8,67.7,163.2,7,7.02,2,55.1,63.34
EMP03981,Sales,Mid,6.0,28.7,209.1,6,8.59,4,83.7,63.22
EMP03982,HR,Mid,5.9,38.6,176.3,4,9.63,7,61.8,54.2
EMP03983,Marketing,Senior,13.1,47.1,169.0,6,7.96,0,50.7,55.49
EMP03984,Engineering,Lead,9.0,45.3,166.5,9,8.7,2,75.9,85.52
EMP03985,Engineering,Mid,3.6,25.3,181.6,5,11.31,4,65.7,58.16
EMP03986,Sales,Senior,5.7,31.8,166.1,3,8.49,3,63.8,62.12
EMP03987,Engineering,Junior,0.3,28.8,159.7,5,8.04,2,59.0,55.75
EMP03988,HR,Manager,18.0,44.3,174.5,13,4.98,2,55.6,85.7
EMP03989,Customer_Support,Junior,0.7,68.8,174.4,4,10.34,9,48.5,41.51
EMP03990,Customer_Support,Mid,6.9,28.7,169.2,9,8.31,3,67.6,61.06
EMP03991,Customer_Support,Lead,8.2,53.9,162.5,4,6.23,6,55.3,64.89
EMP03992,HR,Junior,3.8,65.0,169.5,2,9.56,4,53.4,42.78
EMP03993,Sales,Junior,0.7,41.1,168.4,1,9.02,3,63.9,45.87
EMP03994,Engineering,Mid,4.5,17.3,166.5,1,9.99,3,71.0,57.71
EMP03995,Engineering,Mid,6.0,30.9,178.9,4,11.09,2,76.9,62.17
EMP03996,Sales,Manager,24.8,26.1,206.2,7,6.91,3,56.2,78.59
EMP03997,Sales,Lead,16.3,62.1,193.6,7,5.52,4,61.1,79.0
EMP03998,HR,Mid,5.1,45.2,202.2,5,8.22,1,71.1,59.51
EMP03999,Engineering,Manager,26.1,19.9,167.1,9,2.94,3,57.9,79.58
EMP04000,Engineering,Senior,9.7,45.2,198.4,4,9.66,0,80.6,67.73
EMP04001,Finance,Lead,15.6,19.6,178.2,4,7.11,4,63.2,64.94
EMP04002,Engineering,Junior,0.0,58.7,188.8,2,12.39,5,56.8,47.25
EMP04003,Operations,Mid,4.1,32.3,181.4,6,10.08,2,46.7,46.56
EMP04004,Engineering,Junior,2.7,38.5,170.2,3,9.15,9,68.8,47.54
EMP04005,Marketing,Junior,3.3,56.6,185.1,5,7.2,4,57.4,58.83
EMP04006,Engineering,Senior,5.0,69.3,181.8,7,9.18,1,79.1,77.46
EMP04007,HR,Junior,3.5,84.0,150.2,4,12.61,2,62.6,56.42
EMP04008,Sales,Mid,2.6,31.4,173.3,9,10.63,2,65.6,59.29
EMP04009,Sales,Senior,5.0,34.1,187.2,6,8.57,2,51.8,51.35
EMP04010,Marketing,Junior,2.7,58.7,178.9,2,10.95,3,63.7,58.2
EMP04011,Engineering,Mid,4.2,64.5,181.6,2,10.24,3,85.8,66.27
EMP04012,Sales,Senior,7.2,10.5,164.5,5,10.22,1,60.2,53.19
EMP04013,Customer_Support,Lead,18.2,40.3,178.6,6,5.36,5,51.4,73.43
EMP04014,Sales,Junior,2.9,43.7,173.7,4,10.35,4,51.6,46.07
EMP04015,Marketing,Manager,12.9,6.1,172.2,8,4.86,3,63.8,81.51
EMP04016,Marketing,Lead,12.9,18.9,165.5,5,4.67,1,80.9,77.72
EMP04017,Engineering,Senior,12.4,34.5,187.8,4,8.7,3,53.6,61.64
EMP04018,HR,Mid,6.2,47.9,179.8,4,10.68,5,65.4,55.64
EMP04019,Sales,Senior,6.7,58.1,178.4,1,8.52,4,41.4,53.43
EMP04020,Finance,Lead,8.3,44.3,203.7,4,7.81,1,58.1,63.76
EMP04021,Engineering,Mid,3.5,61.2,181.6,4,9.8,1,73.2,64.07
EMP04022,Engineering,Manager,18.0,35.4,191.8,10,7.85,1,51.0,77.3
EMP04023,Engineering,Lead,8.0,28.4,178.8,2,9.23,1,64.7,65.96
EMP04024,Customer_Support,Mid,5.4,44.2,170.1,5,9.5,6,61.5,53.13
EMP04025,Operations,Senior,6.6,53.4,160.2,3,9.49,3,61.6,58.91
EMP04026,Customer_Support,Mid,2.3,62.5,178.4,3,10.63,4,62.1,54.71
EMP04027,Finance,Senior,9.1,40.8,137.7,9,6.67,0,51.3,66.55
EMP04028,Finance,Lead,23.0,25.1,178.8,3,6.63,2,66.5,75.01
EMP04029,HR,Junior,1.6,56.0,179.4,4,8.12,3,58.8,52.64
EMP04030,Customer_Support,Junior,0.0,58.2,172.0,3,11.66,6,66.6,41.44
EMP04031,Marketing,Mid,6.1,65.5,173.7,10,10.13,2,36.3,55.51
EMP04032,Engineering,Lead,16.1,28.8,157.5,4,6.93,1,66.5,80.59
EMP04033,Finance,Mid,5.1,37.0,194.4,3,8.83,4,64.2,54.04
EMP04034,Marketing,Lead,14.5,50.3,170.3,3,8.68,2,80.2,70.62
EMP04035,Sales,Mid,2.1,40.9,161.4,8,9.89,3,63.0,56.73
EMP04036,Engineering,Junior,1.5,44.3,182.6,0,10.3,2,72.3,52.59
EMP04037,Engineering,Lead,15.1,57.8,176.6,6,7.45,4,74.5,78.06
EMP04038,Operations,Mid,4.1,26.4,170.0,3,9.8,2,75.0,50.09
EMP04039,Engineering,Mid,6.4,77.8,168.5,5,10.54,4,65.4,64.05
EMP04040,Operations,Junior,2.2,41.8,174.9,4,7.59,6,43.2,46.77
EMP04041,HR,Junior,1.3,64.0,193.8,2,9.81,1,46.9,47.35
EMP04042,Finance,Junior,1.3,49.4,181.6,7,7.14,3,71.0,59.61
EMP04043,Sales,Mid,2.0,51.1,174.5,3,10.08,3,64.7,46.75
EMP04044,Customer_Support,Senior,9.1,39.1,186.9,5,7.28,5,54.9,54.75
EMP04045,HR,Mid,2.4,59.8,175.4,4,9.66,4,59.0,54.57
EMP04046,Engineering,Junior,0.3,45.8,180.6,6,9.03,1,72.2,63.63
EMP04047,Engineering,Junior,0.3,42.4,177.1,5,8.96,8,72.5,53.3
EMP04048,Engineering,Mid,4.4,74.2,183.3,7,8.58,3,75.8,69.06
EMP04049,Engineering,Manager,23.2,35.4,168.8,9,5.62,4,56.7,80.14
EMP04050,Finance,Mid,8.0,36.9,159.0,5,9.64,2,41.8,52.48
EMP04051,Customer_Support,Junior,3.7,28.6,187.7,1,8.6,3,47.0,43.08
EMP04052,Finance,Mid,3.2,75.0,196.1,7,9.55,4,46.8,56.1
EMP04053,Marketing,Lead,8.3,30.7,159.7,6,8.51,2,47.2,66.54
EMP04054,HR,Senior,6.6,73.9,177.5,4,7.84,1,84.8,66.56
EMP04055,Operations,Lead,10.8,45.0,168.7,6,8.12,5,32.8,53.87
EMP04056,Operations,Manager,28.4,37.1,187.4,7,2.96,3,65.6,86.59
EMP04057,Engineering,Senior,15.0,45.5,178.5,6,6.09,3,80.9,80.66
EMP04058,Customer_Support,Manager,27.9,68.2,215.0,7,6.33,6,69.8,85.52
EMP04059,Engineering,Junior,3.7,18.1,170.8,1,6.5,4,73.3,54.6
EMP04060,Operations,Lead,21.0,42.2,196.5,4,5.68,3,75.8,78.38
EMP04061,Customer_Support,Lead,16.6,35.0,197.9,9,6.87,2,79.4,87.44
EMP04062,Finance,Lead,10.9,35.8,182.5,9,7.92,2,59.4,75.1
EMP04063,Sales,Mid,5.5,49.2,175.5,6,9.42,5,67.4,57.18
EMP04064,Marketing,Senior,8.2,39.0,176.3,7,7.99,0,79.3,74.97
EMP04065,Sales,Junior,1.5,53.8,175.1,5,9.41,3,51.7,40.71
EMP04066,Operations,Senior,9.3,42.6,190.9,0,6.96,5,57.1,47.04
EMP04067,Engineering,Mid,5.0,27.3,162.8,7,11.27,1,62.5,64.53
EMP04068,Finance,Mid,3.3,52.7,172.7,4,10.41,4,68.5,54.36
EMP04069,Customer_Support,Senior,7.8,53.7,171.0,6,8.77,1,35.2,51.86
EMP04070,Engineering,Mid,4.8,38.9,150.8,4,9.03,3,87.2,67.01
EMP04071,Engineering,Junior,1.8,79.0,187.0,3,9.06,2,76.4,60.93
EMP04072,Finance,Mid,3.6,67.0,189.9,4,9.23,2,70.1,66.24
EMP04073,HR,Senior,10.3,55.7,166.1,5,6.65,3,37.6,56.81
EMP04074,Sales,Senior,12.7,55.5,189.4,10,9.59,4,49.5,73.93
EMP04075,Sales,Senior,14.0,43.5,152.8,9,6.26,4,79.9,75.87
EMP04076,HR,Junior,0.3,68.1,175.3,3,8.36,6,63.9,54.13
EMP04077,Finance,Lead,9.1,62.6,173.2,4,11.99,3,42.3,58.33
EMP04078,Marketing,Senior,6.7,55.1,176.2,5,8.31,5,66.7,60.18
EMP04079,Sales,Junior,2.3,42.4,176.2,1,8.62,3,70.1,47.72
EMP04080,HR,Mid,3.8,46.4,173.9,3,10.34,5,72.4,54.07
EMP04081,Engineering,Mid,2.0,55.6,169.6,2,7.65,3,68.2,58.1
EMP04082,Engineering,Mid,4.5,59.6,173.5,4,8.2,0,83.6,65.81
EMP04083,Finance,Junior,3.6,49.8,194.1,2,10.77,4,54.6,53.2
EMP04084,Engineering,Junior,0.0,42.5,166.9,4,13.15,2,76.5,54.31
EMP04085,Marketing,Junior,2.1,74.8,206.6,5,11.29,2,65.6,46.65
EMP04086,Customer_Support,Junior,2.1,34.9,166.1,6,10.87,6,56.4,46.47
EMP04087,Marketing,Junior,2.1,36.9,178.4,6,11.81,4,59.5,52.02
EMP04088,Marketing,Lead,11.9,19.1,183.0,6,7.04,3,59.9,59.44
EMP04089,Sales,Mid,6.3,32.8,170.9,1,6.87,3,62.4,48.49
EMP04090,Sales,Mid,4.6,65.7,194.4,4,8.18,3,58.5,61.34
EMP04091,Sales,Senior,12.3,62.2,182.6,2,9.65,3,70.8,63.19
EMP04092,Operations,Mid,6.7,45.9,172.1,7,7.2,3,53.6,60.1
EMP04093,Operations,Junior,3.5,58.4,194.2,5,9.46,4,78.8,52.67
EMP04094,Engineering,Junior,3.9,50.8,160.8,2,9.67,4,63.0,47.57
EMP04095,Engineering,Junior,1.2,33.1,167.1,3,10.58,4,81.0,48.3
EMP04096,Engineering,Mid,5.7,80.3,182.9,1,9.85,3,81.6,55.08
EMP04097,Marketing,Mid,4.4,67.6,186.2,3,10.1,5,66.0,44.35
EMP04098,Marketing,Mid,3.2,52.3,179.5,5,13.5,1,64.9,64.11
EMP04099,Finance,Mid,3.5,34.2,173.2,3,10.39,3,54.3,46.5
EMP04100,Customer_Support,Manager,15.0,31.6,171.5,8,8.68,1,51.8,71.79
EMP04101,Engineering,Mid,2.0,36.6,190.8,1,9.61,3,72.6,60.12
EMP04102,Finance,Mid,4.0,48.5,178.4,6,12.04,4,62.5,57.27
EMP04103,Marketing,Mid,4.8,51.6,162.8,5,8.04,6,78.2,61.69
EMP04104,Engineering,Senior,10.6,37.9,162.0,6,9.4,1,64.5,70.27
EMP04105,Customer_Support,Senior,11.9,21.2,196.2,9,7.65,5,53.3,73.95
EMP04106,Sales,Senior,8.7,75.0,164.9,13,9.62,2,42.0,70.85
EMP04107,Finance,Junior,2.3,54.6,178.8,3,10.61,4,70.7,45.95
EMP04108,Finance,Mid,7.9,53.8,193.9,4,10.5,2,69.6,56.66
EMP04109,Customer_Support,Lead,12.7,32.7,182.6,6,8.04,7,69.7,63.1
EMP04110,Marketing,Mid,5.6,23.6,164.4,7,8.96,3,76.4,62.22
EMP04111,Engineering,Manager,25.4,33.8,160.8,8,6.62,2,79.5,86.11
EMP04112,Operations,Mid,2.8,42.2,201.2,3,8.27,2,70.0,53.21
EMP04113,Operations,Mid,2.0,57.6,160.4,3,7.05,3,67.3,54.59
EMP04114,Marketing,Mid,4.1,60.6,167.3,6,6.16,4,73.2,70.5
EMP04115,Operations,Mid,6.1,58.5,180.2,4,11.5,7,37.9,40.12
EMP04116,Engineering,Lead,22.2,53.8,171.9,4,6.37,3,56.8,79.37
EMP04117,Marketing,Junior,1.6,78.1,183.0,3,10.61,4,48.8,48.12
EMP04118,Operations,Mid,4.1,52.8,154.5,6,8.74,0,75.2,65.83
EMP04119,Engineering,Senior,8.4,59.5,172.1,6,8.73,2,60.6,58.25
EMP04120,HR,Lead,13.2,46.4,184.5,6,6.28,2,58.5,63.82
EMP04121,Customer_Support,Senior,11.8,14.5,184.5,1,7.78,4,58.1,45.66
EMP04122,Operations,Manager,19.3,32.7,167.0,12,3.54,5,45.1,87.18
EMP04123,Operations,Lead,9.2,26.0,160.7,5,5.19,0,64.6,64.71
EMP04124,Engineering,Mid,5.6,50.5,178.0,9,7.2,1,44.4,60.68
EMP04125,Customer_Support,Lead,13.8,27.1,156.6,3,5.99,3,43.9,57.71
EMP04126,Sales,Manager,24.2,44.1,193.0,6,7.29,0,64.4,90.57
EMP04127,Marketing,Junior,0.7,65.7,177.2,3,13.61,5,49.1,38.24
EMP04128,HR,Senior,11.9,61.1,165.2,6,9.4,4,81.6,68.26
EMP04129,Operations,Junior,1.8,75.3,160.2,2,5.45,2,60.6,56.98
EMP04130,Customer_Support,Senior,13.7,17.9,166.1,5,10.02,0,71.6,64.47
EMP04131,Finance,Junior,2.3,33.0,153.1,2,9.3,1,67.3,49.74
EMP04132,Marketing,Senior,9.6,86.9,181.9,10,5.92,5,63.9,76.49
EMP04133,HR,Mid,4.1,62.1,163.8,4,11.9,2,54.0,52.18
EMP04134,Marketing,Mid,5.9,50.4,180.6,2,8.42,3,75.1,46.64
EMP04135,Marketing,Junior,1.8,51.5,182.5,3,8.56,2,69.3,55.18
EMP04136,Sales,Senior,8.7,42.1,188.5,8,7.49,2,87.0,70.39
EMP04137,Marketing,Mid,2.0,18.0,178.5,2,9.07,3,73.9,58.79
EMP04138,Operations,Senior,5.0,31.4,190.8,8,9.61,3,55.2,64.8
EMP04139,Finance,Mid,7.7,45.3,194.4,0,9.02,2,66.5,58.34
EMP04140,Operations,Junior,0.4,40.3,178.6,4,9.2,2,65.1,58.46
EMP04141,Engineering,Mid,2.3,38.2,179.5,2,6.76,1,84.0,76.07
EMP04142,Marketing,Manager,22.9,73.4,167.2,13,4.45,2,79.9,100.0
EMP04143,Sales,Junior,0.9,47.2,161.2,7,10.38,6,60.1,50.29
EMP04144,Engineering,Senior,5.0,47.2,192.9,5,7.73,6,55.4,65.68
EMP04145,HR,Junior,1.0,54.6,183.5,3,10.22,5,43.8,44.51
EMP04146,Engineering,Senior,7.8,51.8,184.6,6,8.37,2,56.3,56.74
EMP04147,Sales,Junior,0.5,43.8,166.7,2,11.69,3,54.9,39.15
EMP04148,Finance,Mid,6.1,65.7,197.7,3,9.35,1,81.1,61.48
EMP04149,HR,Mid,4.0,53.7,171.8,6,10.47,1,84.2,66.49
EMP04150,HR,Junior,1.9,31.7,163.8,2,9.58,1,77.5,52.55
EMP04151,Engineering,Mid,4.3,45.4,167.0,3,11.5,2,84.8,61.54
EMP04152,Marketing,Mid,4.0,44.4,197.0,4,8.61,1,55.5,52.79
EMP04153,HR,Mid,5.0,43.7,159.4,4,7.92,2,47.8,49.37
EMP04154,HR,Manager,12.7,42.6,164.5,7,8.85,9,53.9,74.19
EMP04155,Marketing,Mid,5.4,56.5,215.0,3,8.17,3,39.6,40.79
EMP04156,Sales,Lead,15.1,46.7,188.2,8,5.46,5,48.6,85.72
EMP04157,Customer_Support,Mid,6.6,52.1,164.7,4,7.31,0,51.9,63.68
EMP04158,Sales,Junior,2.0,52.3,159.9,5,9.17,4,64.0,50.81
EMP04159,HR,Junior,2.7,18.7,151.6,7,9.4,2,67.6,56.78
EMP04160,Engineering,Mid,7.3,58.7,176.4,5,9.36,9,61.7,59.12
EMP04161,Marketing,Mid,5.2,54.3,185.2,6,10.15,2,70.8,61.94
EMP04162,Engineering,Lead,8.9,24.2,196.3,11,7.9,5,62.0,75.3
EMP04163,Operations,Senior,5.7,47.2,148.5,10,9.98,2,60.1,62.15
EMP04164,Engineering,Mid,7.9,56.7,156.4,5,9.84,3,56.7,63.42
EMP04165,Marketing,Mid,4.7,64.6,173.3,4,7.85,2,77.1,60.3
EMP04166,Engineering,Mid,6.7,54.7,214.0,3,7.5,4,70.3,64.86
EMP04167,Sales,Senior,11.4,47.8,187.4,8,7.23,4,70.1,70.33
EMP04168,HR,Junior,0.5,65.2,180.2,3,7.07,5,51.4,56.93
EMP04169,Marketing,Junior,0.8,46.4,157.9,6,10.15,4,66.1,57.78
EMP04170,HR,Mid,5.4,53.2,145.3,4,8.73,1,72.9,56.32
EMP04171,Customer_Support,Junior,3.4,41.7,175.5,5,11.96,1,33.5,46.2
EMP04172,Finance,Senior,5.1,59.7,173.6,5,10.28,2,77.0,68.62
EMP04173,Customer_Support,Junior,1.3,26.9,171.3,5,9.55,4,43.0,46.4
EMP04174,Engineering,Junior,1.5,63.3,169.7,1,11.31,3,72.5,55.92
EMP04175,Operations,Lead,15.6,39.3,164.5,8,6.69,1,81.5,74.4
EMP04176,Marketing,Manager,21.7,49.5,161.3,8,6.37,0,75.5,90.79
EMP04177,Marketing,Mid,3.4,35.3,194.5,1,6.62,4,46.1,47.31
EMP04178,Customer_Support,Mid,4.9,48.3,162.6,2,8.33,4,55.9,57.33
EMP04179,Finance,Senior,7.5,43.9,171.1,9,8.63,4,77.8,69.67
EMP04180,Operations,Junior,1.3,57.5,174.5,2,9.6,2,50.2,46.73
EMP04181,Finance,Mid,5.5,31.3,184.9,6,10.84,3,58.7,51.17
EMP04182,Sales,Junior,2.9,60.5,163.1,1,10.25,2,57.3,54.31
EMP04183,Finance,Mid,4.4,19.3,188.7,0,10.04,3,69.8,52.2
EMP04184,HR,Manager,24.0,25.0,166.9,12,5.69,1,47.6,82.15
EMP04185,Customer_Support,Senior,7.6,19.6,172.7,8,8.41,1,65.5,71.17
EMP04186,Operations,Manager,18.9,47.4,198.0,11,7.4,5,52.5,87.95
EMP04187,Sales,Senior,12.6,49.0,161.4,11,10.19,2,61.9,73.96
EMP04188,Sales,Senior,7.2,49.8,185.1,7,5.52,1,59.3,67.79
EMP04189,Sales,Senior,10.4,65.1,189.1,7,6.58,0,69.2,69.24
EMP04190,HR,Senior,9.6,38.3,179.3,6,8.19,3,65.7,60.86
EMP04191,Sales,Mid,5.3,56.1,173.4,4,10.95,2,79.3,53.67
EMP04192,Finance,Junior,2.9,52.0,204.8,1,10.85,3,74.9,57.05
EMP04193,Marketing,Mid,6.2,45.7,174.8,5,7.79,3,54.5,62.9
EMP04194,Operations,Junior,2.8,70.6,177.9,6,9.21,3,76.4,54.94
EMP04195,Engineering,Mid,4.5,78.2,170.3,5,10.23,3,73.8,71.32
EMP04196,Marketing,Junior,1.5,44.5,177.1,1,9.1,5,66.0,45.03
EMP04197,Sales,Mid,2.0,59.5,188.5,3,9.92,1,72.2,53.85
EMP04198,Operations,Junior,0.5,55.8,171.1,2,9.13,4,47.5,43.42
EMP04199,Sales,Junior,3.8,56.0,145.5,1,10.3,3,45.4,39.3
EMP04200,Sales,Mid,7.9,50.7,182.2,3,9.59,3,62.3,46.71
EMP04201,Engineering,Junior,2.5,46.0,159.9,5,6.03,2,62.7,58.2
EMP04202,Operations,Manager,17.8,4.0,185.4,10,8.78,2,84.9,76.45
EMP04203,Sales,Mid,3.9,70.0,175.0,7,11.92,0,52.8,49.07
EMP04204,Marketing,Mid,2.9,36.6,188.2,5,6.55,1,64.5,57.89
EMP04205,Finance,Junior,1.0,47.4,161.7,4,9.69,5,65.3,50.29
EMP04206,Finance,Lead,18.8,35.7,167.5,6,4.18,5,77.8,75.44
EMP04207,Engineering,Senior,11.7,31.2,170.2,14,4.83,4,58.1,83.35
EMP04208,Sales,Mid,2.3,50.6,154.2,1,10.61,3,42.7,40.85
EMP04209,HR,Junior,3.2,50.3,190.6,2,12.24,1,82.7,55.97
EMP04210,Engineering,Senior,11.6,32.3,152.2,5,7.79,5,71.0,67.18
EMP04211,Finance,Manager,11.1,37.2,190.4,5,9.38,0,72.7,77.59
EMP04212,Engineering,Mid,3.8,46.5,180.9,2,8.34,3,80.3,65.49
EMP04213,HR,Junior,0.9,64.9,172.2,5,7.99,0,78.4,54.01
EMP04214,Sales,Junior,3.2,30.9,179.8,4,9.16,2,57.5,56.34
EMP04215,Marketing,Junior,3.3,38.9,179.4,4,8.59,3,56.2,56.03
EMP04216,Engineering,Senior,8.9,53.9,169.4,4,8.8,2,46.0,59.58
EMP04217,Finance,Manager,22.4,25.4,179.2,12,7.14,5,51.1,79.02
EMP04218,Sales,Manager,20.0,21.4,185.2,12,4.33,6,62.7,89.28
EMP04219,Customer_Support,Senior,5.0,34.1,161.8,7,6.85,3,49.6,55.34
EMP04220,Finance,Junior,0.4,49.5,179.8,1,11.32,1,49.3,37.37
EMP04221,Engineering,Manager,14.4,33.5,138.2,6,6.24,1,70.6,78.04
EMP04222,Sales,Mid,3.4,43.9,148.0,7,10.41,2,78.1,66.64
EMP04223,Engineering,Mid,3.0,31.6,182.9,1,8.23,3,69.3,61.89
EMP04224,Sales,Senior,8.3,54.6,169.2,6,7.37,4,48.4,68.98
EMP04225,Engineering,Junior,2.2,70.9,163.1,3,11.28,2,85.3,59.07
EMP04226,Operations,Lead,14.6,10.3,174.3,8,8.21,2,50.7,65.66
EMP04227,Marketing,Manager,17.4,11.7,169.5,10,8.26,1,81.8,84.2
EMP04228,Sales,Senior,8.9,58.0,161.2,7,7.91,2,58.8,63.27
EMP04229,Marketing,Senior,9.9,66.5,152.1,4,9.88,3,65.2,60.07
EMP04230,Engineering,Mid,3.1,15.1,147.4,6,9.99,2,88.7,62.76
EMP04231,Customer_Support,Junior,2.4,63.2,185.3,4,10.38,2,41.8,52.91
EMP04232,Sales,Senior,6.8,67.6,169.1,7,7.3,3,49.4,59.73
EMP04233,Finance,Mid,5.6,34.1,188.6,6,9.94,0,59.1,60.91
EMP04234,Operations,Lead,10.8,62.7,168.9,2,7.23,1,58.3,66.37
EMP04235,Sales,Junior,4.0,48.3,180.0,3,12.2,1,93.7,66.7
EMP04236,Sales,Mid,8.0,51.7,173.2,3,8.68,5,51.3,52.74
EMP04237,Engineering,Mid,6.1,36.2,175.6,7,8.69,3,54.3,60.53
EMP04238,Operations,Senior,12.4,58.0,176.3,3,9.5,2,48.8,52.64
EMP04239,Marketing,Senior,9.0,55.5,168.8,3,8.31,1,66.8,59.88
EMP04240,Finance,Manager,19.8,60.9,157.8,6,4.79,3,68.9,84.09
EMP04241,Operations,Junior,0.6,72.6,185.7,3,7.92,4,51.5,46.47
EMP04242,Operations,Mid,6.7,46.9,197.3,3,7.61,3,60.3,55.37
EMP04243,HR,Junior,3.2,97.6,198.2,7,7.15,1,89.3,76.14
EMP04244,Marketing,Junior,1.5,71.3,167.3,2,9.81,2,64.4,47.83
EMP04245,Finance,Mid,3.7,55.1,164.7,4,10.49,3,66.9,58.6
EMP04246,Engineering,Mid,4.7,32.0,167.2,4,8.35,2,92.7,72.58
EMP04247,Operations,Mid,5.4,24.0,172.5,4,12.59,1,51.6,38.03
EMP04248,Sales,Mid,3.2,25.3,174.3,6,7.37,5,52.8,53.64
EMP04249,Engineering,Senior,6.2,29.0,161.0,5,9.32,7,64.4,66.93
EMP04250,Operations,Lead,11.9,59.7,154.3,8,8.04,4,53.7,70.95
EMP04251,Engineering,Junior,0.0,58.3,175.7,3,9.56,5,48.1,44.51
EMP04252,Sales,Mid,3.6,37.8,130.0,2,9.08,4,63.7,50.85
EMP04253,Engineering,Senior,7.6,41.0,173.6,10,10.71,4,72.6,71.17
EMP04254,Marketing,Senior,14.8,39.1,161.8,11,8.88,1,61.8,79.82
EMP04255,Operations,Lead,8.0,51.0,185.9,8,9.29,3,63.0,71.39
EMP04256,Sales,Junior,1.4,37.8,189.7,3,8.64,3,65.1,57.9
EMP04257,Sales,Mid,6.2,52.2,190.0,3,9.63,6,46.2,47.53
EMP04258,HR,Lead,13.5,43.5,170.1,10,8.35,3,69.5,80.1
EMP04259,Customer_Support,Mid,6.7,34.3,159.1,3,10.07,3,64.7,49.44
EMP04260,Engineering,Mid,4.6,70.8,163.6,5,7.2,4,50.8,61.26
EMP04261,Customer_Support,Manager,16.2,30.6,179.0,6,6.96,2,75.6,72.83
EMP04262,Operations,Junior,1.5,36.1,152.0,1,10.4,4,45.2,41.49
EMP04263,Engineering,Senior,11.0,55.8,194.5,1,9.48,5,56.3,60.29
EMP04264,Operations,Lead,15.2,39.8,170.4,7,6.6,4,62.4,72.27
EMP04265,Finance,Junior,0.2,57.1,182.0,2,8.51,3,69.4,56.71
EMP04266,Marketing,Senior,12.1,25.2,150.1,7,6.43,4,73.3,77.5
EMP04267,HR,Mid,2.1,59.2,162.0,4,10.01,5,72.7,65.73
EMP04268,Operations,Lead,10.4,71.6,148.3,6,9.27,2,53.8,61.96
EMP04269,Operations,Lead,21.8,20.1,189.3,8,5.54,3,61.3,80.66
EMP04270,Finance,Lead,17.2,44.3,172.8,15,7.1,5,59.2,91.81
EMP04271,Customer_Support,Junior,1.9,39.2,183.0,2,7.02,4,60.1,46.21
EMP04272,HR,Senior,5.9,83.3,175.9,9,5.64,5,66.8,71.73
EMP04273,Operations,Manager,19.0,53.6,181.6,5,6.76,2,53.9,78.5
EMP04274,Operations,Senior,6.9,47.2,170.3,7,9.13,1,55.8,58.08
EMP04275,Engineering,Senior,7.0,24.6,172.2,5,9.47,1,47.8,60.93
EMP04276,Sales,Junior,2.6,36.2,173.7,0,6.86,2,72.0,45.83
EMP04277,HR,Lead,8.0,50.2,180.7,9,10.02,4,69.6,72.43
EMP04278,Operations,Junior,1.8,30.6,181.0,6,9.11,3,32.3,35.45
EMP04279,Engineering,Mid,3.9,27.0,214.4,8,8.41,3,79.5,66.02
EMP04280,Finance,Manager,10.3,35.1,198.5,8,8.24,6,62.4,65.63
EMP04281,Sales,Manager,25.7,37.0,150.1,7,5.27,1,50.8,90.95
EMP04282,Engineering,Manager,19.1,40.7,173.0,13,8.45,5,57.7,80.59
EMP04283,Marketing,Mid,2.0,40.4,169.3,7,10.53,2,55.7,59.62
EMP04284,Sales,Junior,0.8,64.8,192.9,3,12.2,2,50.8,40.75
EMP04285,Operations,Mid,4.7,34.1,170.6,5,8.56,3,50.4,40.67
EMP04286,Sales,Junior,1.3,60.4,181.5,6,11.69,1,82.4,60.12
EMP04287,Customer_Support,Lead,8.0,42.2,142.3,9,4.87,7,62.5,81.87
EMP04288,Engineering,Mid,5.0,56.0,153.8,2,8.98,3,94.4,62.49
EMP04289,Customer_Support,Mid,4.0,64.7,204.3,7,7.36,7,60.7,68.61
EMP04290,Marketing,Junior,1.5,44.2,175.7,0,10.12,5,71.0,54.05
EMP04291,Sales,Mid,5.0,37.1,161.0,6,9.36,4,51.4,47.59
EMP04292,Sales,Lead,10.1,13.7,178.4,7,9.03,6,60.0,55.26
EMP04293,Sales,Senior,9.6,12.7,160.3,6,8.46,2,61.0,56.93
EMP04294,Marketing,Junior,1.8,48.4,171.0,1,8.88,2,71.4,55.23
EMP04295,Operations,Junior,2.8,49.4,154.7,3,9.12,5,59.4,36.93
EMP04296,HR,Mid,5.3,30.7,164.0,1,9.35,5,70.2,51.9
EMP04297,HR,Junior,1.8,37.9,169.2,2,9.0,3,69.8,49.08
EMP04298,Marketing,Manager,13.5,57.9,190.7,8,8.53,3,60.4,74.27
EMP04299,Marketing,Senior,8.5,56.1,181.5,9,7.74,5,59.1,67.69
EMP04300,Finance,Junior,0.0,32.1,183.9,6,11.59,3,55.0,47.95
EMP04301,HR,Senior,7.5,36.4,174.6,10,7.46,3,79.0,75.49
EMP04302,Finance,Mid,5.0,53.1,186.5,6,9.98,3,59.4,67.2
EMP04303,Customer_Support,Junior,0.8,41.6,162.8,1,9.75,3,61.9,40.04
EMP04304,Engineering,Mid,2.1,34.9,164.7,9,11.14,2,68.1,63.78
EMP04305,Sales,Junior,1.7,45.9,180.7,3,12.59,1,74.8,52.38
EMP04306,Sales,Mid,4.0,63.4,171.1,0,9.53,3,38.1,37.23
EMP04307,Marketing,Lead,20.3,56.7,174.8,8,8.92,1,67.6,88.27
EMP04308,Engineering,Manager,10.0,24.0,172.7,4,7.14,2,54.9,64.47
EMP04309,Customer_Support,Mid,5.3,53.9,192.5,3,9.34,1,62.7,56.91
EMP04310,Marketing,Senior,7.9,42.9,193.3,7,8.2,2,62.2,66.42
EMP04311,Marketing,Junior,2.8,35.9,166.2,3,8.35,3,46.3,45.15
EMP04312,Operations,Mid,7.7,42.5,150.4,1,10.77,4,64.1,56.78
EMP04313,Engineering,Junior,3.1,32.0,165.0,2,9.94,3,72.7,53.61
EMP04314,Operations,Mid,4.0,64.4,162.4,8,8.65,3,57.2,57.28
EMP04315,Sales,Junior,3.6,74.3,186.6,3,8.65,5,60.7,47.44
EMP04316,Marketing,Manager,24.1,28.8,187.9,7,8.03,4,65.9,85.77
EMP04317,Customer_Support,Lead,17.6,29.3,160.6,11,6.44,3,72.1,83.54
EMP04318,Operations,Mid,5.6,62.8,164.4,4,8.8,3,56.2,52.08
EMP04319,Operations,Senior,6.6,61.2,154.3,9,9.96,4,72.2,73.28
EMP04320,Engineering,Junior,1.7,34.3,176.9,3,12.08,6,69.6,45.33
EMP04321,Operations,Senior,8.5,40.8,174.4,0,7.54,5,75.5,52.89
EMP04322,Marketing,Junior,2.4,50.1,186.0,3,10.69,5,61.2,47.26
EMP04323,Marketing,Junior,0.0,39.4,182.0,4,11.02,4,56.0,44.24
EMP04324,Sales,Senior,12.3,48.8,183.5,4,7.48,4,48.8,51.68
EMP04325,Engineering,Mid,6.3,36.5,153.4,2,8.38,2,69.6,56.19
EMP04326,Marketing,Mid,4.1,38.9,166.2,3,8.38,7,54.5,51.89
EMP04327,Sales,Mid,6.8,45.5,188.3,2,10.3,2,78.9,55.53
EMP04328,Finance,Junior,2.0,28.7,167.5,2,10.22,2,52.5,43.6
EMP04329,Operations,Junior,0.2,20.2,152.2,2,10.23,4,51.7,32.36
EMP04330,Customer_Support,Senior,5.0,56.8,186.3,3,7.75,4,65.0,59.72
EMP04331,Sales,Senior,10.0,31.9,166.9,4,9.51,2,76.2,65.27
EMP04332,Customer_Support,Junior,1.4,83.0,189.9,2,10.4,3,66.8,56.13
EMP04333,Sales,Mid,6.9,76.6,174.7,4,7.62,2,74.7,63.31
EMP04334,HR,Senior,13.1,35.4,171.1,3,7.13,3,65.0,61.72
EMP04335,Operations,Senior,8.5,78.1,194.1,5,9.33,4,59.2,65.9
EMP04336,Sales,Lead,20.5,53.1,156.8,6,3.77,4,86.1,84.24
EMP04337,Sales,Mid,7.3,37.3,195.1,3,8.73,5,82.3,62.52
EMP04338,Sales,Mid,5.4,8.3,166.0,3,10.21,7,70.6,51.62
EMP04339,Marketing,Mid,8.0,57.3,177.3,3,9.03,1,77.3,58.41
EMP04340,Operations,Mid,3.3,47.5,177.4,5,10.37,5,70.3,50.07
EMP04341,Sales,Junior,4.0,57.5,169.0,4,6.67,3,47.5,47.76
EMP04342,Sales,Junior,1.9,47.6,164.3,5,8.06,2,61.5,45.11
EMP04343,Marketing,Lead,14.0,21.8,169.8,9,8.4,4,82.0,87.08
EMP04344,Engineering,Junior,0.5,44.6,160.8,3,10.64,7,78.6,46.76
EMP04345,Finance,Senior,7.4,53.6,202.5,7,8.04,4,62.2,74.04
EMP04346,Customer_Support,Mid,8.0,41.7,168.3,7,9.07,2,76.1,59.62
EMP04347,Operations,Mid,6.0,41.6,191.2,4,9.81,2,64.4,60.29
EMP04348,Operations,Lead,13.2,16.2,189.4,9,6.57,2,69.1,81.09
EMP04349,Marketing,Senior,11.8,44.4,180.1,7,6.83,5,68.5,63.32
EMP04350,Operations,Junior,2.0,34.3,173.1,4,8.0,2,66.5,50.9
EMP04351,Engineering,Senior,6.0,56.8,177.7,4,10.65,4,77.4,73.99
EMP04352,Sales,Mid,7.2,36.0,183.0,7,8.89,2,77.6,65.94
EMP04353,Finance,Mid,3.9,42.6,176.4,2,11.39,1,80.2,61.21
EMP04354,Sales,Senior,8.9,75.5,153.1,9,6.33,4,56.6,71.96
EMP04355,Operations,Senior,5.9,38.4,149.5,8,8.81,2,64.3,67.87
EMP04356,Finance,Mid,6.2,40.4,196.1,7,7.27,3,78.3,75.53
EMP04357,Customer_Support,Manager,21.8,43.8,138.1,9,8.16,5,56.4,74.66
EMP04358,Engineering,Senior,5.0,16.2,177.7,3,12.57,1,54.3,52.71
EMP04359,HR,Senior,8.5,61.8,171.7,2,10.02,4,55.1,53.32
EMP04360,Finance,Junior,0.9,65.9,177.3,6,8.46,4,52.9,49.07
EMP04361,Engineering,Junior,0.3,58.9,159.0,3,8.49,5,64.5,56.14
EMP04362,Marketing,Mid,7.4,4.0,179.9,2,8.63,8,55.0,46.34
EMP04363,Finance,Senior,5.2,39.1,177.9,8,8.92,1,75.3,77.08
EMP04364,Customer_Support,Mid,2.3,27.9,213.7,3,10.21,3,54.7,55.69
EMP04365,Finance,Senior,9.0,59.9,176.8,5,8.85,3,78.1,68.14
EMP04366,Sales,Junior,4.0,66.8,193.9,3,9.61,3,48.4,45.88
EMP04367,HR,Senior,12.3,48.8,154.0,9,7.41,2,61.8,69.21
EMP04368,Marketing,Lead,9.0,21.0,189.3,6,6.69,0,65.3,77.48
EMP04369,Sales,Senior,14.6,65.4,178.2,7,8.36,3,71.7,67.38
EMP04370,HR,Senior,9.3,39.1,178.8,3,4.82,2,79.7,70.53
EMP04371,Engineering,Lead,15.4,66.1,179.0,9,7.08,6,63.5,75.42
EMP04372,Sales,Junior,2.8,55.0,198.9,3,10.08,3,73.9,59.85
EMP04373,Marketing,Senior,12.1,50.6,178.6,6,7.45,2,43.8,67.08
EMP04374,Sales,Manager,20.1,28.1,164.0,7,7.08,5,72.5,75.0
EMP04375,Marketing,Mid,4.2,68.1,166.4,5,10.59,8,47.9,58.7
EMP04376,Sales,Junior,1.9,60.1,186.4,2,10.17,2,67.4,46.05
EMP04377,Finance,Manager,23.3,56.6,181.3,9,8.73,5,76.6,88.8
EMP04378,Engineering,Junior,1.0,53.7,153.6,3,9.04,2,80.6,48.59
EMP04379,Operations,Mid,2.0,46.3,182.2,3,8.87,2,40.3,48.37
EMP04380,Sales,Junior,1.1,59.9,159.8,3,9.41,4,56.6,44.62
EMP04381,Marketing,Mid,4.1,68.6,181.1,2,10.81,1,72.6,56.39
EMP04382,Engineering,Mid,2.9,62.3,163.7,2,9.9,1,78.3,56.78
EMP04383,Engineering,Mid,4.1,49.1,171.1,8,6.53,3,73.3,66.51
EMP04384,HR,Manager,23.3,7.1,167.4,9,5.03,3,39.6,72.36
EMP04385,Operations,Mid,8.0,59.2,196.3,5,7.84,10,74.4,66.67
EMP04386,Customer_Support,Mid,7.9,25.4,180.6,6,11.06,2,74.5,60.63
EMP04387,Engineering,Lead,13.2,39.5,192.7,7,6.12,2,72.0,77.48
EMP04388,Sales,Lead,13.1,37.3,215.0,7,7.24,5,64.7,62.42
EMP04389,Finance,Junior,3.4,29.7,175.7,3,7.47,3,69.0,62.83
EMP04390,Marketing,Junior,1.9,56.6,196.0,1,10.1,2,81.5,42.76
EMP04391,Engineering,Senior,10.2,75.3,165.2,9,10.66,0,73.0,83.91
EMP04392,Operations,Lead,20.5,34.3,192.6,8,5.06,4,57.7,79.48
EMP04393,Marketing,Mid,2.0,58.5,163.7,5,10.82,1,68.6,57.23
EMP04394,Finance,Junior,0.0,86.3,174.7,4,9.86,4,62.9,51.76
EMP04395,Engineering,Senior,7.9,55.9,182.5,3,8.32,4,70.0,69.63
EMP04396,HR,Senior,5.0,33.3,184.7,9,9.62,3,44.8,64.5
EMP04397,Engineering,Mid,5.6,50.6,157.2,3,7.26,4,76.3,68.4
EMP04398,Finance,Lead,13.5,46.2,162.9,6,6.14,2,77.1,83.95
EMP04399,Sales,Senior,13.9,64.5,183.6,3,6.24,3,74.2,63.19
EMP04400,Operations,Senior,5.9,61.2,169.9,3,10.99,4,71.4,54.53
EMP04401,Operations,Senior,13.1,4.0,155.4,5,9.09,0,59.4,56.29
EMP04402,Finance,Senior,10.6,30.2,174.0,3,9.35,5,64.7,59.75
EMP04403,Sales,Mid,6.1,45.9,173.3,0,10.36,0,76.3,54.65
EMP04404,Engineering,Mid,3.8,31.8,177.5,5,10.4,7,80.4,65.52
EMP04405,HR,Senior,6.1,4.0,182.4,4,6.32,2,83.8,64.92
EMP04406,Marketing,Senior,9.9,32.1,181.5,4,7.23,4,55.9,63.96
EMP04407,Customer_Support,Mid,4.9,46.9,164.2,2,8.81,1,49.9,46.29
EMP04408,Engineering,Junior,4.0,43.1,169.2,4,9.77,1,66.0,65.95
EMP04409,Operations,Senior,15.4,28.0,188.0,6,5.87,1,48.7,62.64
EMP04410,Sales,Senior,13.6,43.6,167.4,5,5.61,7,46.1,57.41
EMP04411,Engineering,Mid,5.1,52.1,169.5,7,7.61,2,75.6,71.91
EMP04412,Sales,Mid,2.0,40.0,153.9,2,8.46,5,66.8,54.66
EMP04413,Finance,Junior,1.7,71.6,174.6,5,9.4,4,66.0,53.37
EMP04414,Sales,Manager,20.0,35.9,179.8,9,6.55,5,66.2,79.78
EMP04415,Engineering,Lead,19.3,25.9,147.3,8,6.18,3,52.4,75.05
EMP04416,Operations,Mid,2.4,30.1,160.0,7,11.17,3,54.2,46.14
EMP04417,Marketing,Mid,4.8,43.8,155.1,3,10.0,5,60.5,48.46
EMP04418,Sales,Senior,7.5,59.7,186.0,6,7.96,4,62.6,61.9
EMP04419,Sales,Mid,4.7,34.6,148.2,6,9.77,6,44.5,53.88
EMP04420,Marketing,Manager,17.7,43.9,173.9,12,6.13,5,52.9,83.92
EMP04421,Engineering,Junior,1.9,52.4,185.1,1,9.06,5,64.8,48.27
EMP04422,Engineering,Junior,2.8,80.9,177.6,4,9.84,3,82.7,72.4
EMP04423,Marketing,Mid,3.1,52.9,168.8,6,9.95,1,67.1,68.67
EMP04424,Engineering,Junior,2.1,40.5,179.9,3,11.26,1,82.3,65.23
EMP04425,Marketing,Senior,6.9,54.0,189.5,5,11.57,6,62.5,57.0
EMP04426,Engineering,Senior,9.3,54.6,173.5,10,9.93,3,70.0,81.11
EMP04427,Engineering,Junior,2.4,45.0,143.7,1,8.42,3,76.0,63.22
EMP04428,Sales,Mid,2.9,29.5,191.1,3,7.16,1,59.9,51.78
EMP04429,Engineering,Senior,8.5,51.0,180.6,8,10.07,2,62.5,69.92
EMP04430,Sales,Lead,8.0,40.0,174.5,7,7.81,4,44.1,60.07
EMP04431,Engineering,Mid,4.3,24.3,147.3,5,8.21,2,62.8,59.9
EMP04432,Customer_Support,Junior,1.0,54.8,170.8,4,12.29,1,68.0,56.82
EMP04433,Operations,Mid,6.3,37.4,162.7,6,8.65,5,75.1,60.39
EMP04434,Engineering,Mid,4.3,24.3,158.0,1,9.04,3,60.7,48.32
EMP04435,Marketing,Senior,12.6,37.7,173.1,3,6.79,7,43.2,55.14
EMP04436,Marketing,Mid,7.7,66.2,167.5,2,5.87,1,75.1,70.11
EMP04437,Operations,Junior,0.0,69.1,168.4,2,8.86,2,60.8,35.01
EMP04438,Engineering,Senior,11.2,57.2,185.4,9,6.99,3,53.8,76.75
EMP04439,Engineering,Mid,3.1,51.0,178.6,2,7.07,5,32.7,46.92
EMP04440,Engineering,Junior,1.8,59.9,168.1,0,10.01,1,58.4,45.24
EMP04441,Sales,Mid,4.9,48.5,166.3,0,9.49,3,56.4,38.12
EMP04442,Engineering,Manager,16.9,18.4,168.6,9,7.66,2,56.2,81.89
EMP04443,Operations,Senior,5.0,29.4,171.5,2,7.69,3,68.3,54.31
EMP04444,Customer_Support,Junior,3.2,41.9,183.2,1,7.08,4,48.2,44.41
EMP04445,Sales,Senior,10.4,64.0,160.4,7,7.54,2,62.1,63.89
EMP04446,HR,Junior,0.7,67.2,195.4,5,8.3,2,94.5,56.99
EMP04447,Engineering,Mid,3.8,30.8,183.2,1,9.23,1,71.4,50.81
EMP04448,HR,Mid,5.7,47.8,136.7,5,10.22,3,64.6,54.36
EMP04449,Marketing,Junior,0.6,45.0,176.2,5,9.32,2,62.9,44.72
EMP04450,Sales,Mid,2.9,44.7,189.6,5,9.29,4,70.0,57.88
EMP04451,Operations,Manager,21.1,27.0,180.4,6,2.93,2,66.5,88.75
EMP04452,Customer_Support,Junior,3.0,72.1,169.2,9,9.19,3,46.0,43.85
EMP04453,Finance,Lead,23.0,38.7,174.1,9,8.13,8,58.1,74.27
EMP04454,Finance,Senior,8.5,46.2,177.5,6,9.04,1,55.0,63.72
EMP04455,Marketing,Mid,8.0,50.4,185.8,2,7.59,2,60.6,56.43
EMP04456,Engineering,Junior,1.0,35.6,155.2,0,8.44,4,91.9,60.8
EMP04457,Sales,Junior,1.0,52.6,166.5,6,9.97,1,69.4,53.45
EMP04458,Marketing,Junior,1.1,66.9,197.9,4,10.71,0,63.0,52.91
EMP04459,Sales,Mid,2.0,69.1,175.5,6,8.45,5,76.9,61.0
EMP04460,Operations,Manager,26.0,17.8,196.4,10,4.84,5,62.3,87.22
EMP04461,HR,Lead,12.5,16.2,215.0,10,4.65,2,46.3,81.67
EMP04462,HR,Junior,1.4,51.9,168.1,0,11.09,5,86.0,48.05
EMP04463,Engineering,Junior,0.0,67.6,158.2,1,8.95,2,68.1,59.56
EMP04464,Customer_Support,Junior,0.9,56.4,171.3,4,10.91,6,30.9,36.78
EMP04465,Sales,Manager,18.5,45.2,190.4,10,6.65,2,42.8,72.05
EMP04466,Sales,Junior,1.8,30.6,192.3,5,10.54,3,75.5,58.16
EMP04467,Sales,Junior,1.8,42.4,206.8,0,9.54,7,43.0,35.96
EMP04468,Finance,Senior,9.1,10.1,174.5,7,10.48,2,79.2,74.26
EMP04469,Customer_Support,Mid,7.9,44.9,181.8,5,7.78,5,59.0,60.21
EMP04470,Engineering,Junior,2.9,18.5,165.0,3,12.07,1,78.6,57.29
EMP04471,Customer_Support,Senior,9.7,63.0,139.9,4,8.45,3,54.9,54.72
EMP04472,Engineering,Junior,3.7,74.3,174.4,8,9.81,3,76.3,63.86
EMP04473,Finance,Junior,3.3,53.1,158.8,6,9.37,5,66.8,56.38
EMP04474,Sales,Junior,2.6,28.3,184.0,5,9.94,2,61.5,43.93
EMP04475,HR,Mid,4.7,52.6,148.7,4,9.16,6,53.2,45.41
EMP04476,Finance,Manager,26.4,62.9,164.6,11,7.49,0,67.3,91.07
EMP04477,Marketing,Mid,5.6,54.1,178.7,1,7.32,6,42.2,41.53
EMP04478,Engineering,Senior,12.6,60.8,180.2,5,7.41,1,81.2,77.89
EMP04479,Operations,Mid,7.2,39.7,174.3,6,7.47,3,62.4,59.95
EMP04480,Customer_Support,Senior,11.9,29.9,201.1,4,6.98,2,63.6,60.91
EMP04481,HR,Manager,20.9,33.9,197.0,7,5.85,9,34.6,62.84
EMP04482,Marketing,Mid,6.2,18.1,165.4,9,11.04,1,50.5,53.45
EMP04483,Operations,Manager,20.9,69.0,197.5,11,6.5,6,53.9,85.14
EMP04484,Engineering,Senior,6.8,45.1,199.7,5,7.16,3,78.1,71.52
EMP04485,Operations,Senior,8.8,56.0,173.3,2,7.81,1,48.7,55.99
EMP04486,Engineering,Junior,1.3,44.1,175.6,1,11.58,3,100.0,53.83
EMP04487,Operations,Senior,7.7,19.9,174.3,7,7.55,2,56.8,63.4
EMP04488,Sales,Mid,3.0,68.4,166.0,5,9.57,6,49.8,54.75
EMP04489,Engineering,Manager,31.0,18.1,167.4,9,4.98,2,67.8,87.33
EMP04490,Marketing,Lead,16.8,44.2,193.5,7,6.44,2,52.6,72.63
EMP04491,Marketing,Mid,5.7,53.6,181.1,2,7.72,3,49.8,44.77
EMP04492,Operations,Manager,27.3,36.1,167.2,9,5.28,3,72.1,92.08
EMP04493,Customer_Support,Lead,17.5,27.2,162.0,12,9.88,6,64.2,85.12
EMP04494,Sales,Mid,8.0,44.8,164.4,6,8.03,4,68.2,65.54
EMP04495,Engineering,Junior,0.8,36.7,172.7,0,9.29,0,85.3,54.22
EMP04496,Engineering,Junior,1.5,63.1,187.8,2,10.98,3,75.8,56.06
EMP04497,HR,Junior,2.2,59.6,163.0,4,13.18,7,53.2,44.76
EMP04498,HR,Junior,2.5,50.7,187.6,2,8.61,1,74.5,48.29
EMP04499,Operations,Manager,27.4,26.5,177.8,10,3.26,1,46.5,85.39
EMP04500,Operations,Junior,2.2,82.6,177.0,1,10.96,3,54.3,44.12
EMP04501,Sales,Senior,5.0,23.5,189.4,10,9.9,0,61.5,65.22
EMP04502,HR,Senior,8.7,19.8,186.8,5,6.87,1,64.2,61.97
EMP04503,Marketing,Senior,14.5,41.8,155.3,4,7.0,1,42.5,61.16
EMP04504,HR,Junior,1.4,47.1,159.8,1,8.33,8,54.4,36.19
EMP04505,Sales,Mid,2.7,63.5,171.8,0,8.91,0,61.7,47.01
EMP04506,Engineering,Senior,5.0,52.7,180.0,3,8.35,4,62.7,63.18
EMP04507,HR,Mid,8.0,47.4,194.1,8,10.01,5,79.5,67.08
EMP04508,Engineering,Junior,2.4,58.5,175.9,2,11.53,1,85.6,58.41
EMP04509,Finance,Senior,8.9,50.2,198.9,5,8.07,3,49.6,67.08
EMP04510,Engineering,Junior,3.0,82.6,165.1,2,11.83,0,70.7,55.93
EMP04511,Marketing,Mid,5.3,50.8,167.5,7,10.4,3,83.0,65.24
EMP04512,Marketing,Mid,3.6,36.8,170.7,1,7.45,5,62.4,53.29
EMP04513,Operations,Junior,2.6,54.0,163.6,7,11.37,0,55.1,60.04
EMP04514,Sales,Lead,12.0,4.0,191.2,10,8.55,1,72.3,73.26
EMP04515,Sales,Junior,1.5,50.5,136.2,6,12.63,5,58.7,47.93
EMP04516,Engineering,Manager,15.0,51.4,168.0,7,7.02,2,85.3,86.41
EMP04517,HR,Lead,17.3,48.0,191.1,6,9.16,1,58.9,67.83
EMP04518,Engineering,Mid,2.7,51.5,170.6,4,7.0,4,64.3,60.63
EMP04519,Operations,Mid,4.1,56.7,190.0,3,8.61,3,69.5,59.29
EMP04520,Engineering,Junior,0.5,67.5,205.8,0,7.31,4,71.2,51.11
EMP04521,Sales,Lead,17.5,60.4,176.1,6,6.22,2,63.3,81.38
EMP04522,HR,Senior,8.8,49.7,191.4,1,8.45,1,43.1,50.88
EMP04523,Operations,Junior,0.5,46.3,208.9,4,10.04,1,55.8,46.3
EMP04524,Operations,Mid,2.0,12.3,180.6,6,10.82,2,70.4,57.14
EMP04525,Finance,Junior,0.7,65.7,174.3,3,13.52,1,53.6,47.09
EMP04526,Marketing,Mid,3.7,54.7,187.6,7,8.78,2,72.4,62.37
EMP04527,Finance,Mid,4.0,49.3,191.6,6,11.02,1,66.2,55.19
EMP04528,Finance,Junior,1.8,40.7,174.5,3,10.89,5,60.6,54.5
EMP04529,Engineering,Lead,11.1,53.5,168.2,7,8.07,3,86.3,83.03
EMP04530,Marketing,Junior,2.1,47.1,199.0,3,11.05,2,59.9,57.26
EMP04531,Operations,Mid,2.4,46.5,171.2,3,8.99,2,56.8,47.96
EMP04532,Engineering,Senior,9.9,42.2,191.7,8,9.54,0,67.5,75.89
EMP04533,Finance,Manager,30.0,41.7,178.7,5,2.53,4,64.0,81.99
EMP04534,HR,Mid,6.0,29.8,200.6,3,9.18,2,75.2,53.44
EMP04535,Marketing,Lead,11.2,47.4,163.1,13,7.1,4,46.3,74.66
EMP04536,Sales,Mid,4.1,36.2,163.1,7,12.71,2,72.4,64.73
EMP04537,Finance,Lead,14.2,28.7,187.0,9,5.61,4,63.8,79.87
EMP04538,Operations,Junior,0.0,64.3,159.2,1,10.84,2,66.6,49.75
EMP04539,Sales,Senior,6.1,28.1,176.6,9,10.37,1,90.7,82.01
EMP04540,Engineering,Junior,0.9,64.3,196.7,3,9.24,5,63.9,58.63
EMP04541,Sales,Manager,18.6,36.5,150.0,10,6.2,6,47.3,79.04
EMP04542,Sales,Manager,17.9,10.3,180.6,6,5.53,5,64.3,73.75
EMP04543,Customer_Support,Mid,3.2,67.5,192.0,8,8.75,5,62.2,67.79
EMP04544,HR,Mid,3.8,51.7,174.6,1,11.63,3,76.5,53.49
EMP04545,Engineering,Mid,5.2,52.9,162.0,0,6.43,1,63.5,62.68
EMP04546,Engineering,Junior,1.8,66.1,171.3,4,10.29,6,60.0,51.29
EMP04547,Customer_Support,Senior,5.0,65.5,163.3,6,5.83,2,39.6,61.93
EMP04548,Engineering,Senior,5.0,46.0,176.0,5,10.09,0,53.6,63.8
EMP04549,Finance,Mid,4.6,56.3,171.1,4,8.62,10,58.0,51.88
EMP04550,Engineering,Junior,0.4,56.6,167.8,3,7.68,3,68.6,50.04
EMP04551,Sales,Lead,13.5,33.9,181.5,11,7.01,4,86.8,86.26
EMP04552,Finance,Junior,2.0,27.2,197.1,2,8.18,4,42.7,45.06
EMP04553,Sales,Senior,13.0,46.2,179.6,7,9.03,4,66.0,63.32
EMP04554,Finance,Junior,1.1,71.7,193.8,8,11.46,3,54.3,57.53
EMP04555,Engineering,Junior,0.6,59.7,197.1,1,8.47,5,72.7,55.37
EMP04556,Finance,Junior,1.6,35.0,166.8,1,10.69,1,56.4,48.77
EMP04557,Operations,Mid,3.1,63.5,178.8,6,8.47,1,72.4,64.56
EMP04558,Finance,Senior,6.1,38.4,169.1,7,8.2,3,75.4,72.78
EMP04559,Sales,Mid,4.8,15.6,154.2,4,11.92,5,60.6,45.43
EMP04560,Finance,Senior,7.5,58.3,180.0,6,7.88,3,80.3,71.64
EMP04561,Customer_Support,Senior,15.3,28.8,160.3,10,9.37,3,67.1,70.27
EMP04562,Engineering,Junior,2.0,77.7,181.8,8,12.35,1,86.7,67.3
EMP04563,Engineering,Junior,0.5,68.2,153.2,2,9.65,2,69.5,52.99
EMP04564,Operations,Senior,6.8,39.6,177.4,1,8.91,2,71.4,58.76
EMP04565,Sales,Senior,10.0,49.9,153.0,5,7.4,2,52.8,63.67
EMP04566,Finance,Mid,4.4,83.4,184.4,11,9.22,1,52.6,72.33
EMP04567,Finance,Junior,1.2,66.0,169.5,2,10.92,5,89.2,57.14
EMP04568,Sales,Lead,19.6,42.6,168.1,4,6.26,3,49.0,73.28
EMP04569,Marketing,Junior,2.1,94.3,190.8,4,10.43,0,58.8,62.2
EMP04570,Marketing,Senior,12.2,44.8,170.5,4,6.79,3,41.2,59.85
EMP04571,Engineering,Junior,0.6,59.7,176.6,3,8.83,2,59.8,60.8
EMP04572,Operations,Senior,12.0,29.0,172.2,8,7.28,3,48.1,69.86
EMP04573,Sales,Mid,2.2,21.9,182.1,5,9.72,3,54.0,50.24
EMP04574,Engineering,Senior,5.0,38.7,189.6,4,10.58,2,73.6,61.7
EMP04575,Operations,Junior,0.0,51.6,186.7,6,9.92,2,66.5,52.06
EMP04576,Engineering,Mid,3.9,51.9,168.5,8,9.85,3,57.9,63.66
EMP04577,Operations,Junior,0.0,29.7,191.9,1,8.86,3,50.5,38.11
EMP04578,Sales,Senior,6.9,52.9,162.2,6,9.71,4,75.0,60.39
EMP04579,HR,Junior,1.0,38.5,164.6,5,9.49,0,86.5,54.35
EMP04580,Sales,Junior,0.0,60.1,173.2,2,9.86,0,77.1,50.52
EMP04581,Finance,Senior,9.9,57.0,189.7,4,8.17,4,43.2,56.79
EMP04582,Operations,Junior,1.1,45.1,158.6,6,9.26,2,74.3,47.04
EMP04583,Operations,Junior,3.5,36.5,187.5,1,8.13,1,82.2,57.13
EMP04584,Customer_Support,Lead,16.8,62.2,174.2,4,7.41,6,37.6,65.33
EMP04585,Finance,Lead,13.7,52.1,168.9,7,8.48,1,76.0,81.8
EMP04586,Operations,Lead,16.4,41.3,190.4,7,4.96,6,62.7,65.05
EMP04587,Marketing,Mid,5.7,69.0,163.8,5,9.38,7,60.1,56.09
EMP04588,Customer_Support,Mid,5.6,48.2,207.0,4,9.37,0,59.3,58.1
EMP04589,Finance,Senior,14.8,33.7,172.5,7,6.9,2,68.3,79.52
EMP04590,Operations,Junior,0.0,36.0,177.1,4,9.66,3,73.9,60.26
EMP04591,Engineering,Senior,6.7,41.4,196.6,6,10.03,3,83.3,72.15
EMP04592,HR,Junior,1.2,62.6,177.5,5,13.04,3,47.9,45.6
EMP04593,Finance,Lead,8.0,59.8,191.6,8,9.82,5,55.2,71.55
EMP04594,Engineering,Senior,7.5,43.4,147.7,6,9.18,2,71.1,65.97
EMP04595,Engineering,Mid,4.0,65.2,168.8,8,10.92,1,88.9,70.43
EMP04596,Customer_Support,Mid,5.9,43.8,180.6,2,9.66,3,25.3,43.35
EMP04597,HR,Junior,4.0,39.3,190.1,5,8.65,1,58.7,56.84
EMP04598,Engineering,Mid,2.5,27.4,185.8,2,9.98,5,51.7,47.13
EMP04599,Engineering,Senior,10.3,35.4,184.5,8,6.15,4,53.6,63.95
EMP04600,Engineering,Mid,2.6,28.0,189.9,5,8.41,4,81.8,54.8
EMP04601,Marketing,Mid,4.0,77.1,181.7,4,10.57,5,57.6,54.65
EMP04602,Customer_Support,Junior,2.0,57.6,145.0,4,9.62,9,30.0,35.36
EMP04603,Customer_Support,Senior,10.9,41.6,195.2,6,6.78,5,56.1,62.08
EMP04604,Finance,Mid,7.5,72.8,163.3,2,7.92,7,87.4,68.34
EMP04605,Finance,Junior,1.1,31.5,179.4,5,8.3,6,41.3,46.37
EMP04606,Engineering,Manager,10.0,32.9,177.5,10,7.81,1,76.4,76.27
EMP04607,Operations,Mid,4.8,77.0,175.7,5,8.54,4,78.8,72.91
EMP04608,Engineering,Mid,3.9,44.8,159.5,5,8.92,2,69.4,51.11
EMP04609,Sales,Manager,20.6,71.7,147.9,10,6.45,1,85.1,90.83
EMP04610,Customer_Support,Mid,7.6,58.8,161.0,3,9.22,2,50.1,46.59
EMP04611,Operations,Manager,13.6,54.6,186.6,9,5.19,4,77.4,86.8
EMP04612,Engineering,Senior,11.0,63.0,154.7,3,6.3,0,84.5,70.47
EMP04613,Finance,Senior,6.5,43.0,162.7,6,8.44,1,62.6,68.41
EMP04614,HR,Junior,1.3,43.7,180.9,2,10.88,4,48.2,38.91
EMP04615,Engineering,Junior,2.0,49.3,160.6,0,8.93,2,58.0,50.68
EMP04616,Engineering,Mid,3.9,32.2,167.4,4,8.51,5,41.9,39.65
EMP04617,Sales,Junior,3.5,50.0,176.1,4,9.86,5,69.1,50.61
EMP04618,Marketing,Junior,0.9,50.9,179.0,4,10.2,3,69.7,55.83
EMP04619,HR,Mid,8.0,72.3,160.3,4,8.61,5,67.0,54.72
EMP04620,Marketing,Senior,7.4,51.9,177.0,5,8.95,5,62.5,63.39
EMP04621,Engineering,Junior,0.6,86.4,180.6,6,8.8,7,86.3,67.9
EMP04622,Customer_Support,Senior,9.6,10.6,157.2,4,10.23,2,61.6,55.28
EMP04623,Marketing,Manager,21.0,16.7,178.0,9,5.39,5,57.3,78.12
EMP04624,Operations,Senior,12.8,37.7,165.0,10,10.01,2,61.8,72.62
EMP04625,Sales,Senior,8.3,65.4,176.7,3,5.24,1,86.6,74.21
EMP04626,Marketing,Senior,8.9,41.4,185.1,2,5.83,7,71.5,63.63
EMP04627,Operations,Junior,0.0,29.0,172.5,5,10.03,3,55.3,42.6
EMP04628,Engineering,Mid,3.5,43.3,187.8,3,10.71,2,69.5,53.61
EMP04629,Engineering,Manager,13.2,17.0,186.1,7,7.23,3,75.6,82.33
EMP04630,Engineering,Senior,5.9,22.1,187.7,6,8.47,3,64.9,62.39
EMP04631,Engineering,Senior,14.6,73.0,180.6,5,7.81,4,63.9,79.93
EMP04632,HR,Manager,28.0,29.7,190.4,11,4.8,3,65.9,100.0
EMP04633,Engineering,Junior,1.6,53.6,180.4,5,12.67,3,88.2,57.65
EMP04634,Engineering,Mid,2.5,45.6,151.7,3,8.73,3,79.5,57.2
EMP04635,Finance,Senior,9.5,39.2,163.9,6,9.9,2,58.1,65.23
EMP04636,Sales,Junior,0.0,38.4,172.0,2,9.11,3,72.4,49.34
EMP04637,Engineering,Mid,4.2,42.3,173.8,4,8.8,6,70.1,59.3
EMP04638,Finance,Lead,11.5,44.1,180.0,7,6.13,4,67.1,78.42
EMP04639,Sales,Senior,12.2,64.3,163.7,4,8.94,2,65.0,67.83
EMP04640,Engineering,Junior,0.9,65.2,203.1,3,11.72,4,44.7,43.28
EMP04641,Engineering,Senior,9.1,24.7,173.6,5,7.93,6,33.4,51.07
EMP04642,Sales,Junior,0.4,65.8,174.9,0,10.86,5,64.7,34.11
EMP04643,HR,Lead,15.2,46.1,165.6,10,7.15,5,55.8,67.62
EMP04644,Sales,Junior,2.8,41.6,161.0,4,10.59,5,42.3,36.54
EMP04645,Engineering,Lead,18.5,41.7,173.2,6,8.17,3,60.1,74.26
EMP04646,Customer_Support,Mid,4.0,55.6,175.4,5,7.64,5,69.1,61.96
EMP04647,Customer_Support,Mid,2.9,47.7,173.8,7,7.92,4,62.3,61.06
EMP04648,Engineering,Mid,8.0,54.2,198.2,3,7.91,5,79.3,68.5
EMP04649,Engineering,Junior,0.9,38.1,173.2,5,9.41,3,75.4,57.47
EMP04650,HR,Mid,5.1,76.9,173.8,2,9.38,3,55.0,62.73
EMP04651,Operations,Lead,14.8,10.1,186.4,9,7.04,2,69.3,70.1
EMP04652,Operations,Lead,19.8,47.7,172.6,9,6.05,3,67.0,80.13
EMP04653,Sales,Junior,2.0,56.5,182.6,2,9.77,4,60.6,48.02
EMP04654,Sales,Senior,9.3,52.6,157.1,4,8.46,5,62.7,54.94
EMP04655,HR,Lead,17.5,28.4,157.2,3,5.58,4,75.5,70.01
EMP04656,Operations,Lead,12.0,56.5,176.7,6,4.46,5,51.0,62.57
EMP04657,Operations,Mid,5.4,45.4,171.8,4,7.78,2,73.1,58.03
EMP04658,Sales,Junior,0.0,33.2,163.7,5,11.7,3,68.8,54.63
EMP04659,Marketing,Manager,21.8,18.6,176.7,9,2.07,5,64.0,86.75
EMP04660,Sales,Mid,3.6,48.9,177.9,4,10.88,5,80.4,65.48
EMP04661,Finance,Mid,3.3,23.1,165.1,2,8.54,5,47.5,51.93
EMP04662,Customer_Support,Senior,5.0,70.0,167.7,3,9.94,1,52.5,47.89
EMP04663,HR,Junior,1.7,66.7,178.0,5,8.48,5,57.8,47.31
EMP04664,Sales,Lead,13.4,66.4,160.7,7,3.71,0,66.3,86.9
EMP04665,Marketing,Junior,0.1,76.8,166.5,5,8.93,2,78.2,60.0
EMP04666,HR,Senior,5.0,37.7,182.5,3,8.57,4,54.2,47.12
EMP04667,Operations,Manager,30.4,22.0,174.7,9,5.04,2,99.7,100.0
EMP04668,Engineering,Manager,13.9,4.0,168.3,6,4.83,3,62.0,82.45
EMP04669,Operations,Manager,26.7,28.9,162.4,11,5.54,0,64.3,96.08
EMP04670,Engineering,Lead,15.6,65.5,160.8,6,6.95,5,70.0,81.52
EMP04671,Sales,Junior,1.0,38.6,173.2,4,9.15,1,62.6,55.26
EMP04672,Engineering,Manager,10.0,31.9,203.4,8,7.51,1,60.5,80.81
EMP04673,Sales,Manager,20.0,26.7,182.9,9,6.08,6,74.8,78.5
EMP04674,Engineering,Mid,6.6,52.6,156.3,6,9.61,0,59.8,68.63
EMP04675,Finance,Mid,2.0,66.3,184.9,6,9.8,4,41.8,52.82
EMP04676,Sales,Junior,4.0,27.9,164.4,4,9.74,4,48.5,51.94
EMP04677,Sales,Mid,2.2,26.8,174.9,7,12.26,9,79.3,52.9
EMP04678,Sales,Senior,12.8,65.3,166.8,3,4.93,4,77.0,69.47
EMP04679,Sales,Mid,4.0,58.0,203.3,0,7.42,5,37.9,38.72
EMP04680,Operations,Mid,7.2,43.1,159.1,7,10.32,3,69.8,63.54
EMP04681,Customer_Support,Mid,3.8,72.6,179.4,3,7.22,2,34.2,57.11
EMP04682,Sales,Junior,2.6,30.5,165.4,2,11.04,6,61.7,44.98
EMP04683,Operations,Manager,15.8,49.0,185.3,11,6.99,5,45.5,76.7
EMP04684,Finance,Junior,1.3,50.0,179.1,3,8.14,1,73.7,54.77
EMP04685,Customer_Support,Junior,4.0,60.1,192.6,0,10.98,2,64.7,42.21
EMP04686,Engineering,Junior,0.4,15.2,185.1,4,11.76,3,81.8,59.52
EMP04687,Engineering,Lead,12.2,35.1,165.3,3,7.44,2,66.5,66.97
EMP04688,HR,Lead,20.1,50.1,215.0,10,6.15,3,63.7,75.49
EMP04689,Operations,Junior,2.9,50.1,182.8,7,11.56,4,42.0,59.84
EMP04690,Finance,Junior,0.0,69.8,167.3,4,7.77,2,50.6,53.44
EMP04691,HR,Mid,5.3,65.3,177.9,4,10.03,2,77.4,59.87
EMP04692,Engineering,Junior,1.2,36.6,183.8,2,7.96,2,74.4,52.85
EMP04693,Finance,Senior,9.2,55.4,183.3,7,8.97,0,64.3,73.55
EMP04694,Operations,Junior,0.0,36.1,181.9,3,9.97,8,75.1,41.18
EMP04695,Engineering,Mid,4.6,47.8,188.5,5,9.11,1,54.4,57.32
EMP04696,Finance,Mid,7.1,56.8,187.2,7,11.11,5,71.6,66.24
EMP04697,HR,Mid,2.0,34.5,163.1,2,7.33,2,51.9,44.25
EMP04698,HR,Mid,6.0,58.8,204.5,2,9.97,3,83.7,55.29
EMP04699,Marketing,Junior,1.8,43.4,202.6,1,9.8,3,70.5,46.9
EMP04700,Operations,Junior,1.6,42.3,186.2,5,10.07,2,71.6,52.11
EMP04701,Customer_Support,Junior,1.1,61.6,175.5,4,11.2,3,49.6,43.02
EMP04702,HR,Junior,2.8,38.5,175.8,3,10.89,2,92.2,55.1
EMP04703,Engineering,Manager,16.8,21.7,170.5,12,7.27,2,94.0,97.31
EMP04704,Engineering,Junior,0.8,66.6,172.3,2,8.82,2,75.2,54.33
EMP04705,Sales,Mid,4.1,48.6,144.4,8,10.09,0,76.1,65.77
EMP04706,Engineering,Junior,1.9,29.2,196.4,3,10.95,2,66.4,49.29
EMP04707,Sales,Senior,9.6,55.8,191.5,9,8.81,4,46.8,64.54
EMP04708,HR,Manager,16.4,28.9,151.5,4,7.34,5,75.5,68.84
EMP04709,Sales,Senior,5.3,22.0,187.5,7,8.84,3,51.0,49.6
EMP04710,Engineering,Senior,6.3,5.4,174.9,8,6.94,3,85.7,76.1
EMP04711,Operations,Lead,9.6,52.6,172.2,6,7.19,3,72.6,76.56
EMP04712,Engineering,Mid,6.3,34.1,181.9,8,8.26,1,72.8,71.82
EMP04713,Marketing,Lead,15.3,20.3,150.6,8,7.0,5,66.2,67.63
EMP04714,Customer_Support,Senior,12.2,52.6,174.8,10,7.19,5,69.9,68.31
EMP04715,Marketing,Junior,2.5,63.1,176.1,6,12.33,3,67.3,58.63
EMP04716,Engineering,Mid,2.9,35.2,176.1,7,10.03,1,65.1,64.68
EMP04717,Engineering,Junior,0.0,64.7,155.9,3,10.07,2,51.8,50.08
EMP04718,Marketing,Junior,0.6,81.8,181.3,3,10.46,3,75.5,59.4
EMP04719,Marketing,Lead,16.9,59.2,189.8,10,7.33,3,68.4,87.14
EMP04720,Sales,Junior,1.6,68.9,180.7,5,12.97,1,95.1,61.29
EMP04721,HR,Senior,14.2,47.7,171.8,4,8.1,5,64.8,70.42
EMP04722,Marketing,Manager,14.4,28.3,212.6,4,6.17,1,67.6,82.83
EMP04723,Engineering,Mid,4.5,46.2,162.1,5,7.74,8,73.9,68.11
EMP04724,Marketing,Mid,4.3,53.6,185.8,5,9.52,3,71.8,64.53
EMP04725,Sales,Senior,7.1,24.1,178.4,5,11.33,3,50.4,52.98
EMP04726,Engineering,Lead,12.7,27.5,203.2,8,7.11,4,69.1,79.09
EMP04727,Operations,Junior,2.3,29.6,180.4,1,8.52,1,69.9,50.96
EMP04728,Engineering,Junior,3.2,54.5,183.4,8,11.09,2,66.0,59.83
EMP04729,Marketing,Senior,11.0,44.2,182.1,4,8.08,2,73.5,67.45
EMP04730,HR,Manager,12.7,25.2,160.2,14,4.69,2,67.2,85.01
EMP04731,Engineering,Junior,1.2,63.3,162.8,4,10.28,2,74.8,58.11
EMP04732,Customer_Support,Mid,2.5,31.3,171.1,5,11.05,4,71.8,48.84
EMP04733,Engineering,Manager,16.8,24.7,188.4,11,3.46,2,67.3,90.66
EMP04734,Engineering,Junior,1.1,62.7,178.3,1,11.0,2,52.6,44.92
EMP04735,Customer_Support,Junior,0.5,64.9,172.1,3,8.33,2,54.8,52.45
EMP04736,Finance,Mid,2.0,35.1,194.2,8,9.24,3,53.1,64.02
EMP04737,Finance,Junior,1.9,54.5,147.2,5,9.22,4,37.5,48.38
EMP04738,Sales,Junior,1.1,39.3,156.9,5,11.55,0,60.7,41.67
EMP04739,Sales,Senior,9.6,40.0,140.0,4,9.5,3,64.4,61.2
EMP04740,Marketing,Senior,8.6,45.2,191.9,5,6.35,1,76.2,75.7
EMP04741,Engineering,Mid,3.3,55.4,173.6,8,6.55,3,56.3,65.17
EMP04742,Engineering,Mid,4.8,51.8,188.5,6,7.01,3,71.1,71.88
EMP04743,Operations,Mid,3.0,51.1,173.5,8,9.98,0,73.5,68.29
EMP04744,Engineering,Senior,14.6,26.8,189.3,4,4.21,4,63.1,64.01
EMP04745,Sales,Lead,11.8,44.8,173.2,11,6.55,3,68.4,84.49
EMP04746,Sales,Senior,7.6,51.3,180.7,3,9.69,2,81.2,62.98
EMP04747,HR,Senior,12.7,53.3,178.7,7,8.51,9,43.7,53.8
EMP04748,Marketing,Lead,13.7,28.2,179.7,5,4.81,2,67.3,74.56
EMP04749,Operations,Lead,17.2,52.7,198.6,10,6.97,2,74.0,82.87
EMP04750,Sales,Junior,1.2,31.2,152.3,2,8.64,4,57.8,46.55
EMP04751,Engineering,Manager,19.6,28.5,174.0,7,5.1,4,86.6,92.22
EMP04752,Marketing,Lead,12.0,34.9,177.8,2,6.62,3,71.6,69.9
EMP04753,Engineering,Mid,3.8,28.1,175.7,4,8.63,1,91.2,63.64
EMP04754,HR,Junior,1.4,46.6,169.4,0,9.83,1,73.0,45.49
EMP04755,Customer_Support,Senior,10.1,46.3,167.5,2,7.0,3,80.2,62.42
EMP04756,Marketing,Mid,2.0,19.6,196.4,4,8.54,2,67.6,58.52
EMP04757,HR,Senior,8.9,37.1,174.0,4,9.45,3,49.6,61.49
EMP04758,Customer_Support,Mid,3.8,20.8,209.1,7,9.27,5,50.4,54.37
EMP04759,Sales,Junior,2.2,81.6,182.4,8,8.32,2,74.2,61.74
EMP04760,Customer_Support,Junior,0.8,54.2,170.9,4,10.18,2,70.0,48.88
EMP04761,Marketing,Lead,9.7,40.9,182.7,7,5.66,3,60.3,74.5
EMP04762,Marketing,Junior,0.6,54.5,176.5,2,10.23,4,85.7,59.02
EMP04763,Customer_Support,Senior,13.1,52.1,193.8,13,8.4,3,53.8,74.74
EMP04764,Marketing,Junior,2.0,65.7,158.7,6,11.0,0,69.5,60.91
EMP04765,HR,Mid,6.5,23.5,149.8,6,9.48,0,71.2,52.95
EMP04766,Engineering,Mid,5.9,66.7,180.1,6,7.46,4,54.0,61.56
EMP04767,Finance,Junior,0.0,69.7,186.7,6,9.36,0,61.7,62.02
EMP04768,Marketing,Senior,9.9,42.0,179.0,3,9.66,0,92.6,59.48
EMP04769,Engineering,Senior,8.7,41.2,184.4,10,7.79,3,58.9,79.13
EMP04770,Finance,Junior,0.8,4.5,182.4,0,9.92,4,70.5,44.46
EMP04771,Finance,Mid,4.3,28.3,154.3,3,10.15,3,49.1,47.97
EMP04772,Engineering,Senior,13.1,50.8,178.9,4,9.73,5,58.8,55.36
EMP04773,Sales,Senior,12.7,61.0,193.4,4,7.57,5,45.0,63.9
EMP04774,HR,Mid,5.0,57.9,177.4,6,8.55,3,77.3,73.7
EMP04775,Sales,Senior,12.6,41.9,156.7,5,10.34,4,51.5,56.15
EMP04776,Sales,Junior,0.1,79.9,170.3,0,12.89,5,77.2,42.89
EMP04777,HR,Junior,2.9,66.1,182.8,6,9.8,3,59.6,53.76
EMP04778,Sales,Senior,5.0,37.1,200.1,7,8.78,4,63.5,66.23
EMP04779,Engineering,Senior,10.3,75.7,147.6,4,9.28,2,74.9,75.76
EMP04780,Finance,Lead,18.6,22.6,180.1,5,7.11,7,43.6,67.19
EMP04781,Engineering,Junior,1.0,28.9,161.9,2,10.05,4,72.4,48.91
EMP04782,Customer_Support,Mid,2.8,40.7,182.1,4,10.44,4,62.2,55.2
EMP04783,Customer_Support,Senior,9.6,31.6,183.2,2,7.2,7,71.7,52.57
EMP04784,Marketing,Junior,0.8,45.5,171.7,0,11.6,3,52.5,44.01
EMP04785,Customer_Support,Mid,7.7,59.0,183.8,3,9.65,5,48.2,55.32
EMP04786,Operations,Senior,8.9,42.5,191.0,11,8.84,1,67.9,72.21
EMP04787,Engineering,Junior,1.4,50.9,172.7,4,9.8,3,86.9,69.22
EMP04788,Finance,Mid,8.0,47.9,156.3,3,7.81,0,55.9,62.43
EMP04789,Sales,Junior,0.8,16.3,195.0,4,7.57,1,47.2,45.57
EMP04790,Finance,Lead,15.6,16.3,186.6,7,4.45,3,59.2,74.06
EMP04791,HR,Junior,1.0,45.2,182.9,5,7.67,2,53.8,55.01
EMP04792,Sales,Junior,1.6,38.4,165.3,3,11.64,4,66.8,42.3
EMP04793,Engineering,Junior,1.0,47.5,188.8,2,9.09,1,57.0,57.63
EMP04794,Customer_Support,Junior,1.0,72.1,203.6,4,8.32,1,69.7,53.99
EMP04795,Engineering,Junior,0.3,49.9,173.3,4,9.98,1,72.6,68.33
EMP04796,Engineering,Senior,10.8,23.2,176.3,9,6.61,1,82.0,82.34
EMP04797,Engineering,Junior,0.1,39.1,160.1,1,9.59,4,40.9,34.03
EMP04798,HR,Junior,1.6,76.7,164.9,1,10.7,4,44.9,46.64
EMP04799,Operations,Junior,1.9,74.0,160.0,3,9.42,4,75.5,51.5
EMP04800,Finance,Mid,4.8,55.9,176.8,6,8.67,2,54.4,51.69
EMP04801,HR,Junior,0.0,27.6,170.2,6,10.12,6,48.4,52.28
EMP04802,Engineering,Senior,9.8,47.6,180.2,5,6.12,7,67.6,81.88
EMP04803,Sales,Senior,11.0,48.8,162.5,10,8.31,3,64.9,74.49
EMP04804,HR,Senior,8.2,43.4,172.7,4,10.3,1,64.1,62.93
EMP04805,Operations,Junior,2.4,42.4,161.7,5,9.3,3,65.6,53.43
EMP04806,Finance,Lead,18.0,33.6,177.6,9,6.72,3,67.0,84.13
EMP04807,HR,Senior,13.5,33.4,152.1,9,6.39,3,69.4,72.53
EMP04808,Marketing,Junior,2.4,33.8,177.1,1,8.8,4,80.2,51.05
EMP04809,HR,Mid,8.0,67.5,171.1,5,10.06,4,65.8,59.12
EMP04810,Marketing,Senior,11.3,56.2,177.5,8,8.09,4,63.5,71.22
EMP04811,Marketing,Mid,3.1,42.7,151.9,2,10.29,3,73.6,47.46
EMP04812,Finance,Mid,2.0,52.3,184.2,6,9.89,4,69.6,64.97
EMP04813,Marketing,Senior,10.6,48.8,170.8,12,7.75,7,53.2,72.32
EMP04814,Customer_Support,Junior,2.7,86.1,178.0,0,11.47,4,56.9,45.71
EMP04815,HR,Manager,24.8,48.1,148.8,10,2.78,2,71.3,95.4
EMP04816,Sales,Junior,1.9,63.5,157.6,3,8.75,2,55.0,38.09
EMP04817,Engineering,Junior,2.3,51.6,169.5,3,9.3,2,63.5,56.29
EMP04818,Marketing,Junior,4.0,44.5,194.3,4,9.65,3,47.3,51.99
EMP04819,Marketing,Mid,3.1,67.7,182.4,4,8.95,5,29.4,43.09
EMP04820,Marketing,Lead,17.0,48.8,176.8,7,7.01,3,59.5,75.53
EMP04821,Finance,Lead,22.7,26.6,162.1,11,7.84,1,64.5,83.4
EMP04822,Engineering,Lead,18.5,45.8,159.5,6,4.9,3,56.9,80.08
EMP04823,Finance,Mid,4.1,59.6,178.9,1,11.36,2,79.5,56.09
EMP04824,Finance,Mid,8.0,15.6,184.8,4,8.38,4,50.4,45.16
EMP04825,HR,Mid,3.9,33.2,177.9,6,9.53,2,77.0,56.82
EMP04826,HR,Junior,1.1,56.4,198.9,0,10.03,4,71.0,49.59
EMP04827,Sales,Lead,11.1,10.1,165.4,7,7.94,2,88.1,76.55
EMP04828,HR,Mid,2.8,20.5,177.5,2,11.09,0,72.5,61.72
EMP04829,Operations,Mid,2.7,42.9,151.3,8,7.81,4,42.6,53.26
EMP04830,Customer_Support,Mid,6.8,54.4,178.0,5,7.84,2,70.7,54.11
EMP04831,Marketing,Senior,10.5,51.1,195.6,4,8.86,0,84.4,78.75
EMP04832,Engineering,Junior,0.2,74.7,160.4,3,9.0,5,48.7,53.98
EMP04833,Finance,Senior,12.5,44.2,186.8,7,5.08,5,70.7,71.92
EMP04834,Finance,Senior,12.1,37.4,195.2,8,8.66,1,73.3,79.25
EMP04835,Engineering,Lead,15.9,19.4,165.3,12,5.79,1,67.4,88.75
EMP04836,Operations,Junior,0.0,45.2,181.5,2,11.38,3,30.9,29.77
EMP04837,Sales,Junior,3.6,61.6,197.1,3,9.02,3,58.4,52.22
EMP04838,Sales,Mid,6.5,58.3,178.2,5,10.49,2,55.0,52.88
EMP04839,Sales,Lead,11.8,43.0,186.0,4,7.8,1,80.4,66.2
EMP04840,Sales,Manager,20.5,43.2,150.2,5,4.9,3,60.9,75.17
EMP04841,Operations,Mid,3.5,66.1,183.4,7,7.59,4,55.1,62.63
EMP04842,HR,Junior,3.6,52.1,182.2,2,9.32,3,59.0,47.88
EMP04843,Engineering,Junior,0.4,71.5,156.4,5,10.17,4,73.9,56.13
EMP04844,HR,Senior,8.7,32.1,161.5,5,7.33,5,66.7,64.71
EMP04845,Engineering,Junior,0.6,49.9,183.5,3,8.26,3,60.5,52.53
EMP04846,Engineering,Mid,2.0,39.8,170.8,2,9.2,3,73.2,52.88
EMP04847,Sales,Lead,12.2,50.9,190.6,5,9.54,4,55.3,65.47
EMP04848,Finance,Mid,2.2,31.8,179.4,7,9.84,8,31.9,45.72
EMP04849,Sales,Mid,7.9,42.2,175.8,5,7.79,2,70.0,70.32
EMP04850,Operations,Junior,1.1,23.1,172.6,4,10.2,4,66.9,50.5
EMP04851,Engineering,Junior,3.0,59.9,179.1,1,10.61,0,72.4,58.71
EMP04852,Finance,Senior,12.0,61.7,186.2,5,6.47,1,57.7,62.53
EMP04853,Operations,Mid,5.9,60.7,182.5,4,8.61,3,59.1,59.56
EMP04854,Sales,Junior,0.0,63.2,169.1,2,9.94,2,71.8,53.93
EMP04855,Sales,Junior,0.0,63.6,192.4,1,9.59,1,54.4,37.62
EMP04856,Customer_Support,Junior,4.0,61.5,184.2,2,7.86,3,68.3,48.37
EMP04857,HR,Senior,9.5,52.2,180.4,11,9.05,7,48.3,63.09
EMP04858,Marketing,Senior,14.8,53.2,176.3,6,4.43,3,66.0,79.76
EMP04859,Sales,Mid,4.6,37.2,182.0,4,8.23,3,62.3,60.42
EMP04860,Engineering,Mid,8.0,44.0,149.4,2,7.66,4,82.0,60.14
EMP04861,Marketing,Junior,1.9,52.1,178.4,4,9.1,2,53.0,44.89
EMP04862,Operations,Mid,8.0,42.0,198.0,4,10.72,4,50.3,40.91
EMP04863,Engineering,Junior,2.0,27.5,178.1,3,9.44,5,53.3,39.78
EMP04864,Operations,Manager,24.8,16.5,176.2,4,6.77,3,53.2,66.9
EMP04865,Finance,Junior,1.3,54.4,166.7,0,10.15,2,66.1,44.03
EMP04866,Sales,Mid,4.4,60.6,181.9,4,9.81,7,40.4,46.61
EMP04867,Engineering,Junior,2.1,51.1,172.3,9,9.44,0,64.7,67.77
EMP04868,Engineering,Senior,12.3,84.5,193.3,8,8.74,1,77.3,84.32
EMP04869,HR,Junior,0.0,37.2,162.9,6,9.29,7,64.8,46.72
EMP04870,Marketing,Manager,11.6,41.7,168.7,7,6.5,3,64.9,75.21
EMP04871,HR,Junior,0.5,70.4,166.6,3,9.35,7,47.9,39.8
EMP04872,Engineering,Lead,8.3,55.0,200.7,7,6.47,7,68.8,74.47
EMP04873,Finance,Senior,7.1,52.8,172.3,3,8.43,2,63.3,60.85
EMP04874,Marketing,Junior,1.6,67.1,167.3,3,11.14,2,62.0,53.24
EMP04875,Marketing,Junior,0.0,51.8,145.7,5,9.68,2,65.8,56.6
EMP04876,Marketing,Mid,4.5,71.9,162.2,4,8.05,2,60.3,55.45
EMP04877,Engineering,Lead,12.9,58.2,182.4,7,10.02,3,64.5,75.67
EMP04878,Finance,Lead,16.2,26.2,182.3,5,6.29,3,50.5,72.11
EMP04879,Engineering,Junior,1.1,55.8,165.9,3,11.02,0,81.7,57.89
EMP04880,Engineering,Mid,3.3,23.8,166.7,1,9.34,6,55.3,45.37
EMP04881,Sales,Junior,1.1,73.8,201.0,4,11.5,3,63.9,55.82
EMP04882,Marketing,Junior,1.1,54.4,212.7,0,9.92,3,85.8,56.13
EMP04883,Marketing,Senior,16.0,63.2,191.1,7,7.14,3,77.2,78.94
EMP04884,Engineering,Mid,3.9,45.4,196.8,6,9.17,2,76.1,63.15
EMP04885,Operations,Junior,0.8,23.2,199.8,8,9.68,3,63.0,46.53
EMP04886,Operations,Lead,13.7,78.6,206.0,10,7.27,5,58.5,79.78
EMP04887,Sales,Senior,5.0,45.0,170.8,9,7.67,0,51.2,68.16
EMP04888,Finance,Senior,10.9,28.0,162.7,2,8.62,1,60.0,54.24
EMP04889,Engineering,Junior,0.3,68.2,200.7,6,13.91,1,76.9,64.78
EMP04890,Customer_Support,Lead,9.6,69.5,161.5,9,6.45,3,62.7,73.64
EMP04891,Engineering,Mid,2.0,44.0,160.6,1,9.96,4,79.5,47.88
EMP04892,Engineering,Mid,2.0,45.5,160.9,8,9.54,4,84.6,71.28
EMP04893,HR,Junior,0.0,54.6,173.2,4,8.57,1,64.1,52.11
EMP04894,Engineering,Lead,8.0,22.3,147.2,7,9.07,3,72.3,70.62
EMP04895,Finance,Mid,2.0,36.6,154.9,9,8.9,1,40.2,60.36
EMP04896,HR,Lead,22.4,65.7,166.3,10,5.0,2,93.1,100.0
EMP04897,Engineering,Senior,6.9,41.0,158.3,6,10.4,2,65.0,67.92
EMP04898,Marketing,Senior,14.6,30.4,189.9,8,6.93,3,71.8,73.39
EMP04899,Operations,Senior,9.8,36.2,175.1,3,9.71,2,55.0,47.25
EMP04900,Operations,Manager,16.8,51.1,183.1,15,7.15,3,54.7,89.87
EMP04901,HR,Junior,1.7,21.4,181.5,4,10.05,2,63.2,48.28
EMP04902,Engineering,Junior,1.1,54.8,172.1,2,10.89,1,55.1,45.16
EMP04903,Sales,Senior,6.6,79.9,188.8,10,9.63,2,32.2,60.81
EMP04904,Operations,Mid,6.7,77.5,181.3,6,8.62,4,73.9,72.01
EMP04905,Finance,Mid,2.0,55.6,170.5,2,9.0,2,69.5,60.32
EMP04906,Marketing,Senior,8.2,62.7,151.4,5,9.5,2,53.0,65.78
EMP04907,Operations,Mid,8.0,66.6,182.3,1,12.57,4,65.4,54.8
EMP04908,Sales,Senior,6.9,41.1,157.3,5,6.21,0,71.9,68.11
EMP04909,Finance,Mid,3.0,60.9,180.3,4,7.82,2,54.7,52.91
EMP04910,Engineering,Lead,15.3,65.8,176.1,4,5.61,1,74.9,82.17
EMP04911,Sales,Junior,0.0,32.0,156.0,1,9.7,4,74.1,47.35
EMP04912,HR,Senior,8.1,51.6,178.6,3,6.95,5,48.7,55.76
EMP04913,Engineering,Lead,10.7,44.4,177.7,7,8.46,2,76.4,79.85
EMP04914,Customer_Support,Junior,1.6,52.5,177.7,3,7.9,2,62.4,52.49
EMP04915,Engineering,Mid,8.0,47.2,177.1,4,8.08,1,92.6,76.81
EMP04916,Operations,Mid,3.8,50.5,165.9,11,8.57,5,66.7,69.97
EMP04917,Finance,Mid,2.0,51.7,183.3,4,10.91,5,58.1,50.54
EMP04918,Finance,Mid,7.1,63.8,165.4,4,8.74,5,59.5,52.35
EMP04919,Customer_Support,Junior,1.1,58.1,160.0,5,8.12,2,82.3,65.39
EMP04920,HR,Lead,15.8,36.3,184.4,6,7.3,3,61.7,73.08
EMP04921,Engineering,Junior,0.9,38.4,188.1,2,8.73,2,77.0,54.64
EMP04922,Sales,Mid,7.3,39.9,183.5,5,7.11,5,59.1,49.14
EMP04923,Engineering,Mid,2.7,50.9,172.1,4,10.97,4,83.0,65.21
EMP04924,Operations,Junior,0.0,40.4,147.8,1,9.55,2,73.6,47.76
EMP04925,HR,Junior,2.3,65.2,195.7,0,10.51,4,65.7,44.82
EMP04926,Engineering,Manager,22.6,41.5,147.6,5,4.92,6,65.1,82.54
EMP04927,Engineering,Senior,8.0,60.2,183.2,8,8.68,7,64.8,77.44
EMP04928,HR,Junior,0.0,41.4,204.5,5,12.11,4,45.3,37.19
EMP04929,Finance,Senior,6.7,30.5,177.1,5,8.78,0,64.2,68.99
EMP04930,Engineering,Mid,3.8,64.0,179.1,1,8.76,4,71.0,54.03
EMP04931,Finance,Junior,1.6,52.9,180.3,3,8.08,9,53.2,41.49
EMP04932,Marketing,Senior,9.8,40.0,177.8,6,9.32,5,42.0,55.99
EMP04933,Operations,Mid,2.7,57.5,207.9,4,10.1,3,62.5,60.6
EMP04934,Engineering,Junior,0.5,60.9,163.2,4,10.53,2,74.0,53.82
EMP04935,Marketing,Lead,22.8,20.2,161.4,9,5.8,2,68.7,82.43
EMP04936,Sales,Junior,1.0,71.8,170.4,4,11.58,5,50.1,37.84
EMP04937,Engineering,Junior,2.9,44.8,199.4,2,9.13,5,74.8,57.73
EMP04938,Finance,Junior,2.1,76.5,166.9,4,10.63,5,60.9,48.36
EMP04939,Marketing,Senior,10.2,23.0,181.0,12,10.57,3,74.4,72.84
EMP04940,Engineering,Senior,6.0,47.8,190.0,1,8.72,5,58.3,60.98
EMP04941,Operations,Lead,16.5,36.2,185.9,6,6.32,3,73.8,72.7
EMP04942,Sales,Junior,2.9,21.4,189.3,3,8.97,0,80.1,56.18
EMP04943,Marketing,Senior,5.0,52.9,194.9,7,7.95,4,65.4,68.62
EMP04944,Customer_Support,Mid,4.3,18.1,179.3,4,9.25,2,62.8,52.39
EMP04945,Marketing,Mid,4.7,42.6,168.6,3,11.46,3,73.4,50.05
EMP04946,Operations,Junior,1.9,67.6,177.1,5,10.49,1,47.7,49.41
EMP04947,Marketing,Lead,8.0,31.0,170.3,5,8.27,3,58.2,62.71
EMP04948,Operations,Junior,2.0,37.4,210.3,2,10.07,2,62.2,45.21
EMP04949,Finance,Senior,9.9,55.0,167.5,7,5.89,3,87.3,82.64
EMP04950,Finance,Mid,3.8,43.3,181.8,7,9.13,8,48.6,48.85
EMP04951,Engineering,Junior,0.0,44.9,154.0,0,8.85,3,89.7,51.73
EMP04952,Finance,Manager,20.7,54.1,176.9,5,7.96,3,60.7,77.12
EMP04953,Engineering,Lead,23.0,21.5,171.0,9,4.66,2,69.6,95.05
EMP04954,Customer_Support,Mid,2.0,40.1,184.5,2,7.65,5,72.6,44.16
EMP04955,Engineering,Senior,10.6,56.0,184.8,6,5.55,2,94.3,84.89
EMP04956,Engineering,Mid,3.3,28.5,194.8,5,8.25,1,75.1,64.05
EMP04957,Operations,Senior,11.2,69.6,193.7,4,3.82,1,74.0,77.62
EMP04958,Engineering,Junior,1.1,47.7,174.1,1,10.26,2,59.0,44.53
EMP04959,Engineering,Mid,5.9,60.1,161.8,3,9.3,3,63.6,58.3
EMP04960,Finance,Mid,4.1,60.1,163.4,8,7.7,6,46.8,55.33
EMP04961,Sales,Mid,3.8,44.7,179.2,4,10.48,0,55.8,50.46
EMP04962,Sales,Mid,2.6,39.8,177.2,3,9.2,2,68.8,56.56
EMP04963,HR,Junior,1.2,50.4,178.6,5,9.77,8,68.5,52.57
EMP04964,Engineering,Manager,14.7,45.7,167.5,7,7.91,2,90.7,86.25
EMP04965,Engineering,Junior,3.0,36.2,195.1,3,11.31,3,94.7,64.72
EMP04966,Sales,Junior,0.9,33.0,154.4,1,8.6,4,60.4,52.98
EMP04967,Engineering,Mid,3.3,69.3,166.7,4,7.32,3,61.8,58.58
EMP04968,Engineering,Senior,10.7,32.0,159.9,5,7.42,5,83.9,74.61
EMP04969,Sales,Junior,1.8,56.3,172.1,4,12.07,4,77.2,51.82
EMP04970,Marketing,Mid,7.3,44.0,192.5,4,7.69,3,69.3,66.58
EMP04971,Marketing,Senior,13.7,40.6,171.0,8,8.89,1,72.5,71.68
EMP04972,Sales,Junior,1.8,72.5,176.4,2,8.53,3,68.6,56.57
EMP04973,Engineering,Manager,23.7,33.7,184.3,13,5.22,4,58.1,93.09
EMP04974,Operations,Mid,2.2,41.6,170.3,2,8.69,6,45.4,41.61
EMP04975,Marketing,Senior,12.0,39.0,180.4,8,8.35,1,63.4,72.03
EMP04976,HR,Junior,2.9,43.4,178.5,5,9.95,3,63.6,52.78
EMP04977,HR,Senior,16.0,32.9,159.2,6,5.96,1,69.3,68.19
EMP04978,Engineering,Lead,8.0,31.5,168.5,5,7.3,7,68.4,68.58
EMP04979,Operations,Junior,1.3,75.9,180.0,1,8.48,2,39.6,48.09
EMP04980,Customer_Support,Junior,2.5,61.7,193.0,2,10.12,4,32.7,32.7
EMP04981,Customer_Support,Junior,0.0,45.8,192.9,1,8.73,2,66.8,48.36
EMP04982,Engineering,Junior,0.0,65.7,204.3,4,10.28,1,62.0,60.97
EMP04983,Engineering,Manager,16.3,11.2,181.8,11,7.02,6,67.2,83.47
EMP04984,Sales,Mid,5.9,67.6,169.2,4,9.9,5,55.3,52.07
EMP04985,Engineering,Senior,16.0,62.4,174.1,8,8.15,1,59.0,77.54
EMP04986,Engineering,Manager,15.1,68.5,173.4,8,7.11,0,58.7,80.0
EMP04987,Marketing,Lead,13.2,54.2,169.3,6,5.74,1,76.2,78.62
EMP04988,Engineering,Lead,9.5,45.6,180.4,8,6.56,6,67.1,84.59
EMP04989,Customer_Support,Mid,4.6,66.4,181.0,5,7.94,1,65.6,60.24
EMP04990,Sales,Mid,5.0,37.6,158.6,5,9.01,2,71.2,58.27
EMP04991,Sales,Junior,0.0,45.1,190.2,1,11.68,4,65.8,38.21
EMP04992,Operations,Mid,3.0,46.0,149.3,2,8.4,1,69.6,54.83
EMP04993,Finance,Mid,3.8,67.5,171.9,5,8.84,5,63.2,54.95
EMP04994,Engineering,Junior,2.4,38.2,191.1,3,11.49,2,86.4,57.38
EMP04995,Marketing,Mid,4.5,32.6,183.5,6,7.25,3,73.9,51.5
EMP04996,Engineering,Mid,3.5,50.5,170.0,4,11.44,2,81.5,62.55
EMP04997,Sales,Mid,5.2,57.8,202.6,3,9.94,1,50.7,52.99
EMP04998,HR,Junior,2.3,40.5,168.8,3,8.85,4,69.2,46.81
EMP04999,Engineering,Mid,5.4,57.1,147.0,7,8.57,2,48.0,58.72
EMP05000,Marketing,Mid,8.0,67.5,181.3,4,11.06,1,80.8,61.75
